date,close
1968-04-01,37.7000
1968-04-02,37.3000
1968-04-03,37.6000
1968-04-04,36.9500
1968-04-05,37.0000
1968-04-08,37.0500
1968-04-09,37.5000
1968-04-10,37.7000
1968-04-11,38.0000
1968-04-16,38.0000
1968-04-17,37.8000
1968-04-18,37.5500
1968-04-19,37.6500
1968-04-22,38.0000
1968-04-23,38.4000
1968-04-24,38.2500
1968-04-25,38.3000
1968-04-26,38.6500
1968-04-29,38.7500
1968-04-30,39.1000
1968-05-01,39.2000
1968-05-02,39.4500
1968-05-03,39.1000
1968-05-06,39.7500
1968-05-07,39.3000
1968-05-08,39.7500
1968-05-09,39.7000
1968-05-10,39.6000
1968-05-13,39.5000
1968-05-14,39.8000
1968-05-15,40.2500
1968-05-16,41.2500
1968-05-17,41.5000
1968-05-20,42.3000
1968-05-21,42.4000
1968-05-22,41.5500
1968-05-23,41.4000
1968-05-24,41.7500
1968-05-27,41.5000
1968-05-28,41.5000
1968-05-29,41.6000
1968-05-30,41.9500
1968-05-31,41.9500
1968-06-04,41.1500
1968-06-05,41.2000
1968-06-06,41.2000
1968-06-07,41.2500
1968-06-10,41.3000
1968-06-11,41.5500
1968-06-12,41.9000
1968-06-13,41.3000
1968-06-14,41.0000
1968-06-17,40.7000
1968-06-18,41.1000
1968-06-19,41.4000
1968-06-20,41.1000
1968-06-21,41.0500
1968-06-24,40.9000
1968-06-25,40.9500
1968-06-26,40.8500
1968-06-27,40.9000
1968-06-28,40.9000
1968-07-01,40.8000
1968-07-02,40.9000
1968-07-03,41.0500
1968-07-04,41.1500
1968-07-05,41.0000
1968-07-08,40.8500
1968-07-09,39.8000
1968-07-10,40.1000
1968-07-11,39.1000
1968-07-12,39.3000
1968-07-15,39.2000
1968-07-16,38.5000
1968-07-17,37.7500
1968-07-18,38.0000
1968-07-19,38.7000
1968-07-22,38.6000
1968-07-23,39.0000
1968-07-24,39.2000
1968-07-25,38.9000
1968-07-26,38.9000
1968-07-29,39.1000
1968-07-30,39.0000
1968-07-31,38.8500
1968-08-01,38.9000
1968-08-02,38.8500
1968-08-05,38.9500
1968-08-06,38.7000
1968-08-07,38.7000
1968-08-08,38.4500
1968-08-09,38.5500
1968-08-12,38.6000
1968-08-13,38.9000
1968-08-14,38.9500
1968-08-15,39.1500
1968-08-16,39.1500
1968-08-19,39.1500
1968-08-20,39.5500
1968-08-21,40.0000
1968-08-22,39.7500
1968-08-23,39.5000
1968-08-26,39.5000
1968-08-27,39.6500
1968-08-28,39.6000
1968-08-29,39.8500
1968-08-30,39.8000
1968-09-03,39.9500
1968-09-04,39.9000
1968-09-05,40.1000
1968-09-06,39.9000
1968-09-09,40.0500
1968-09-10,40.0300
1968-09-11,40.1000
1968-09-12,40.1000
1968-09-13,40.1500
1968-09-16,40.3000
1968-09-17,40.3000
1968-09-18,40.5000
1968-09-19,40.4500
1968-09-20,40.4000
1968-09-23,40.4000
1968-09-24,40.4500
1968-09-25,40.4500
1968-09-26,40.4500
1968-09-27,40.1300
1968-09-30,39.6000
1968-10-01,39.4500
1968-10-02,38.9000
1968-10-03,39.1800
1968-10-04,39.0500
1968-10-07,39.7800
1968-10-08,39.6000
1968-10-09,38.9000
1968-10-10,39.0500
1968-10-11,39.2800
1968-10-14,39.3000
1968-10-15,39.1000
1968-10-16,38.9500
1968-10-17,39.2800
1968-10-18,39.1000
1968-10-21,39.0000
1968-10-22,39.0500
1968-10-23,39.2000
1968-10-24,39.2000
1968-10-25,39.2500
1968-10-28,39.4800
1968-10-29,39.5000
1968-10-30,39.2000
1968-10-31,39.0000
1968-11-01,39.1800
1968-11-04,39.2000
1968-11-05,39.4300
1968-11-06,39.5300
1968-11-07,39.3000
1968-11-08,39.4000
1968-11-11,39.5500
1968-11-12,39.6800
1968-11-13,39.8800
1968-11-14,39.9000
1968-11-15,40.0000
1968-11-18,39.9500
1968-11-19,40.2300
1968-11-20,40.5500
1968-11-21,40.2500
1968-11-22,40.0000
1968-11-25,40.1000
1968-11-26,39.7000
1968-11-27,39.9000
1968-11-28,39.8000
1968-11-29,39.8500
1968-12-02,40.1500
1968-12-03,40.2800
1968-12-04,40.5000
1968-12-05,40.3500
1968-12-06,40.5000
1968-12-09,40.6000
1968-12-10,40.6300
1968-12-11,40.9500
1968-12-12,40.9800
1968-12-13,41.0000
1968-12-16,40.9700
1968-12-17,41.2300
1968-12-18,41.9000
1968-12-19,41.7300
1968-12-20,41.7000
1968-12-23,41.6000
1968-12-27,41.7500
1968-12-30,41.9000
1968-12-31,41.9000
1969-01-02,41.8000
1969-01-03,42.0500
1969-01-06,42.0500
1969-01-07,42.1000
1969-01-08,42.4500
1969-01-09,42.5000
1969-01-10,42.3000
1969-01-13,42.1000
1969-01-14,42.5000
1969-01-15,42.7000
1969-01-16,42.3500
1969-01-17,42.2000
1969-01-20,42.2000
1969-01-21,42.4800
1969-01-22,42.5300
1969-01-23,42.0500
1969-01-24,42.1000
1969-01-27,42.2000
1969-01-28,42.4300
1969-01-29,42.5000
1969-01-30,42.5500
1969-01-31,42.5400
1969-02-03,42.4300
1969-02-04,42.5000
1969-02-05,42.7300
1969-02-06,42.6300
1969-02-07,42.5300
1969-02-10,42.4500
1969-02-11,42.5500
1969-02-12,42.5000
1969-02-13,42.5800
1969-02-14,42.5000
1969-02-17,42.6500
1969-02-18,42.5800
1969-02-19,42.6500
1969-02-20,42.6300
1969-02-21,42.6300
1969-02-24,42.7000
1969-02-25,42.6500
1969-02-26,42.7000
1969-02-27,42.8000
1969-02-28,42.7000
1969-03-03,42.7000
1969-03-04,42.8500
1969-03-05,43.0000
1969-03-06,43.2500
1969-03-07,43.5000
1969-03-10,43.8300
1969-03-11,42.9500
1969-03-12,42.8500
1969-03-13,43.1000
1969-03-14,43.0000
1969-03-17,43.1000
1969-03-18,43.0000
1969-03-19,43.1000
1969-03-20,43.2000
1969-03-21,43.2000
1969-03-24,43.3500
1969-03-25,43.3500
1969-03-26,43.4300
1969-03-27,43.4600
1969-03-28,43.2300
1969-03-31,42.9000
1969-04-01,43.1500
1969-04-02,43.2500
1969-04-03,43.3800
1969-04-08,43.3800
1969-04-09,43.4000
1969-04-10,43.3900
1969-04-11,43.4000
1969-04-14,43.1500
1969-04-15,42.9800
1969-04-16,43.2500
1969-04-17,43.2000
1969-04-18,43.2300
1969-04-21,43.1500
1969-04-22,43.3000
1969-04-23,43.3500
1969-04-24,43.3500
1969-04-25,43.3000
1969-04-28,43.6000
1969-04-29,43.5000
1969-04-30,43.6000
1969-05-01,43.6000
1969-05-02,43.6000
1969-05-05,43.5000
1969-05-06,43.3800
1969-05-07,43.6000
1969-05-08,43.6300
1969-05-09,43.5300
1969-05-12,43.5000
1969-05-13,43.5000
1969-05-14,43.5000
1969-05-15,43.5000
1969-05-16,43.5000
1969-05-19,43.5000
1969-05-20,43.4300
1969-05-21,43.4500
1969-05-22,43.4500
1969-05-23,43.5000
1969-05-27,43.4800
1969-05-28,43.3300
1969-05-29,43.2300
1969-05-30,43.0800
1969-06-02,42.6800
1969-06-03,42.2900
1969-06-04,42.0800
1969-06-05,41.6000
1969-06-06,40.6300
1969-06-09,41.2500
1969-06-10,42.3000
1969-06-11,41.4000
1969-06-12,41.5000
1969-06-13,41.6000
1969-06-16,40.8000
1969-06-17,41.4500
1969-06-18,41.4000
1969-06-19,41.4500
1969-06-20,41.3000
1969-06-23,41.3000
1969-06-24,40.9300
1969-06-25,40.9000
1969-06-26,41.0000
1969-06-27,41.1000
1969-06-30,41.2000
1969-07-01,41.1500
1969-07-02,41.2300
1969-07-03,41.5500
1969-07-04,41.6000
1969-07-07,41.8500
1969-07-08,42.1000
1969-07-09,41.8300
1969-07-10,41.9000
1969-07-11,41.8900
1969-07-14,42.0000
1969-07-15,42.0000
1969-07-16,41.8000
1969-07-17,41.9800
1969-07-18,41.9500
1969-07-21,42.0000
1969-07-22,41.9500
1969-07-23,41.8000
1969-07-24,41.9000
1969-07-25,41.8500
1969-07-28,41.7800
1969-07-29,41.5000
1969-07-30,41.4800
1969-07-31,41.3900
1969-08-01,41.4300
1969-08-04,41.3000
1969-08-05,41.1000
1969-08-06,41.0000
1969-08-07,41.0500
1969-08-08,41.1500
1969-08-11,41.2000
1969-08-12,41.1000
1969-08-13,41.2000
1969-08-14,41.1900
1969-08-15,41.1100
1969-08-18,41.1300
1969-08-19,41.1000
1969-08-20,41.1000
1969-08-21,41.0500
1969-08-22,41.0500
1969-08-25,40.9500
1969-08-26,40.8800
1969-08-27,40.9500
1969-08-28,40.9500
1969-08-29,40.8600
1969-09-02,40.7300
1969-09-03,40.8300
1969-09-04,40.9300
1969-09-05,40.9000
1969-09-08,40.9100
1969-09-09,41.0500
1969-09-10,40.9500
1969-09-11,40.9300
1969-09-12,41.0500
1969-09-15,41.0000
1969-09-16,41.0000
1969-09-17,40.9800
1969-09-18,40.8500
1969-09-19,40.9000
1969-09-22,40.8800
1969-09-23,40.8400
1969-09-24,40.8400
1969-09-25,40.7500
1969-09-26,40.7500
1969-09-29,40.6300
1969-09-30,40.6800
1969-10-01,40.7500
1969-10-02,40.8800
1969-10-03,40.9500
1969-10-06,40.7500
1969-10-07,40.7800
1969-10-08,40.7300
1969-10-09,40.7900
1969-10-10,40.7300
1969-10-13,40.6300
1969-10-14,40.7000
1969-10-15,40.7300
1969-10-16,40.6300
1969-10-17,40.5300
1969-10-20,40.3500
1969-10-21,40.3000
1969-10-22,40.0500
1969-10-23,40.0000
1969-10-24,40.0500
1969-10-27,40.1500
1969-10-28,40.0500
1969-10-29,39.9800
1969-10-30,39.9300
1969-10-31,39.7500
1969-11-03,39.5500
1969-11-04,39.5500
1969-11-05,39.4000
1969-11-06,39.0000
1969-11-07,38.5300
1969-11-10,38.1300
1969-11-11,38.3500
1969-11-12,37.7500
1969-11-13,37.8000
1969-11-14,37.8800
1969-11-17,37.8300
1969-11-18,37.5500
1969-11-19,36.6500
1969-11-20,36.3000
1969-11-21,36.1300
1969-11-24,35.5000
1969-11-25,35.4500
1969-11-26,35.6000
1969-11-27,35.5500
1969-11-28,35.6000
1969-12-01,35.5500
1969-12-02,35.3000
1969-12-03,35.3800
1969-12-04,35.2500
1969-12-05,35.2000
1969-12-08,35.0500
1969-12-09,35.0000
1969-12-10,35.0500
1969-12-11,35.2000
1969-12-12,35.3000
1969-12-15,35.1300
1969-12-16,35.0500
1969-12-17,35.0800
1969-12-18,35.0100
1969-12-19,35.0000
1969-12-22,35.1500
1969-12-23,35.1100
1969-12-29,35.2000
1969-12-30,35.2000
1969-12-31,35.2000
1970-01-02,35.0800
1970-01-05,35.1800
1970-01-06,35.0500
1970-01-07,35.0000
1970-01-08,34.9500
1970-01-09,34.9000
1970-01-12,34.9800
1970-01-13,34.8900
1970-01-14,34.8500
1970-01-15,34.8000
1970-01-16,34.7500
1970-01-19,34.7500
1970-01-20,34.8000
1970-01-21,34.8500
1970-01-22,35.0000
1970-01-23,34.9900
1970-01-26,34.9800
1970-01-27,35.0000
1970-01-28,34.9900
1970-01-29,35.0100
1970-01-30,34.9900
1970-02-02,34.9900
1970-02-03,35.0000
1970-02-04,35.0000
1970-02-05,35.0000
1970-02-06,35.0000
1970-02-09,35.0100
1970-02-10,35.0300
1970-02-11,35.0000
1970-02-12,35.0000
1970-02-13,34.9900
1970-02-16,34.9900
1970-02-17,34.9800
1970-02-18,34.9500
1970-02-19,34.9800
1970-02-20,34.9900
1970-02-23,34.9800
1970-02-24,34.9900
1970-02-25,35.0000
1970-02-26,35.0000
1970-02-27,35.0200
1970-03-02,35.0000
1970-03-03,35.0100
1970-03-04,34.9800
1970-03-05,34.9900
1970-03-06,34.9500
1970-03-09,34.9500
1970-03-10,34.9600
1970-03-11,34.9900
1970-03-12,34.9900
1970-03-13,35.0300
1970-03-16,35.0500
1970-03-17,35.0700
1970-03-18,35.1300
1970-03-19,35.2300
1970-03-20,35.1400
1970-03-23,35.1500
1970-03-24,35.2200
1970-03-25,35.2700
1970-03-26,35.3100
1970-03-31,35.3000
1970-04-01,35.3800
1970-04-02,35.3800
1970-04-03,35.3400
1970-04-06,35.2800
1970-04-07,35.3000
1970-04-08,35.3800
1970-04-09,35.3900
1970-04-10,35.3800
1970-04-13,35.4000
1970-04-14,35.7500
1970-04-15,35.6000
1970-04-16,35.7500
1970-04-17,35.7500
1970-04-20,35.8000
1970-04-21,35.8800
1970-04-22,35.9500
1970-04-23,35.8500
1970-04-24,35.8000
1970-04-27,35.7400
1970-04-28,35.8500
1970-04-29,35.8500
1970-04-30,35.8500
1970-05-01,35.8800
1970-05-04,35.9400
1970-05-05,36.2200
1970-05-06,36.2300
1970-05-07,36.2300
1970-05-08,36.2000
1970-05-11,36.1000
1970-05-12,35.9800
1970-05-13,35.9500
1970-05-14,35.9500
1970-05-15,35.9800
1970-05-18,35.9600
1970-05-19,35.9700
1970-05-20,35.9500
1970-05-21,35.9300
1970-05-22,35.8900
1970-05-26,35.8300
1970-05-27,35.7400
1970-05-28,35.6500
1970-05-29,35.4500
1970-06-01,35.4000
1970-06-02,35.2500
1970-06-03,35.1300
1970-06-04,35.1900
1970-06-05,35.2100
1970-06-08,35.5300
1970-06-09,35.5100
1970-06-10,35.5500
1970-06-11,35.6500
1970-06-12,35.6300
1970-06-15,35.5200
1970-06-16,35.3800
1970-06-17,35.4000
1970-06-18,35.4000
1970-06-19,35.3500
1970-06-22,35.3900
1970-06-23,35.4000
1970-06-24,35.5500
1970-06-25,35.5000
1970-06-26,35.4500
1970-06-29,35.4800
1970-06-30,35.4900
1970-07-01,35.4900
1970-07-02,35.4400
1970-07-03,35.3500
1970-07-06,35.3500
1970-07-07,35.3000
1970-07-08,35.3000
1970-07-09,35.3000
1970-07-10,35.3500
1970-07-13,35.3100
1970-07-14,35.3100
1970-07-15,35.2800
1970-07-16,35.3000
1970-07-17,35.3000
1970-07-20,35.3100
1970-07-21,35.3000
1970-07-22,35.3100
1970-07-23,35.3000
1970-07-24,35.3100
1970-07-27,35.3000
1970-07-28,35.3000
1970-07-29,35.2800
1970-07-30,35.3000
1970-07-31,35.3000
1970-08-03,35.3300
1970-08-04,35.3100
1970-08-05,35.3200
1970-08-06,35.3300
1970-08-07,35.3000
1970-08-10,35.2800
1970-08-11,35.2300
1970-08-12,35.2500
1970-08-13,35.2600
1970-08-14,35.2500
1970-08-17,35.2500
1970-08-18,35.2500
1970-08-19,35.2500
1970-08-20,35.3300
1970-08-21,35.4100
1970-08-24,35.4600
1970-08-25,35.6000
1970-08-26,35.6900
1970-08-27,35.7300
1970-08-28,35.8000
1970-09-01,35.9300
1970-09-02,36.1000
1970-09-03,36.2800
1970-09-04,36.2500
1970-09-07,36.1300
1970-09-08,36.0800
1970-09-09,36.2500
1970-09-10,36.1800
1970-09-11,36.3300
1970-09-14,36.3000
1970-09-15,36.2000
1970-09-16,36.0500
1970-09-17,36.2100
1970-09-18,36.1500
1970-09-21,36.2400
1970-09-22,36.2800
1970-09-23,36.1700
1970-09-24,36.2300
1970-09-25,36.1500
1970-09-28,36.1900
1970-09-29,36.2000
1970-09-30,36.4000
1970-10-01,36.3800
1970-10-02,36.3300
1970-10-05,36.7300
1970-10-06,36.8300
1970-10-07,36.6800
1970-10-08,36.7300
1970-10-09,36.9300
1970-10-12,37.1900
1970-10-13,37.4300
1970-10-14,37.2500
1970-10-15,37.5500
1970-10-16,37.5000
1970-10-19,37.6000
1970-10-20,37.8800
1970-10-21,37.9700
1970-10-22,38.0000
1970-10-23,38.4500
1970-10-26,38.9000
1970-10-27,39.0100
1970-10-28,38.6800
1970-10-29,38.1800
1970-10-30,37.2500
1970-11-02,37.6500
1970-11-03,37.4300
1970-11-04,37.2000
1970-11-05,36.7500
1970-11-06,37.1000
1970-11-09,37.3300
1970-11-10,37.3300
1970-11-11,37.2000
1970-11-12,37.3500
1970-11-13,37.6600
1970-11-16,37.6800
1970-11-17,37.6300
1970-11-18,37.4600
1970-11-19,37.3900
1970-11-20,37.6300
1970-11-23,37.4500
1970-11-24,37.6000
1970-11-25,37.6500
1970-11-26,37.6500
1970-11-27,37.6000
1970-11-30,37.5400
1970-12-01,37.4500
1970-12-02,37.5500
1970-12-03,37.5500
1970-12-04,37.5400
1970-12-07,37.4000
1970-12-08,37.3800
1970-12-09,37.1000
1970-12-10,37.1500
1970-12-11,37.1800
1970-12-14,37.3000
1970-12-15,37.6300
1970-12-16,37.5600
1970-12-17,37.6300
1970-12-18,37.6300
1970-12-21,37.6300
1970-12-22,37.6800
1970-12-23,37.3300
1970-12-28,37.3500
1970-12-29,37.3300
1970-12-30,37.4300
1970-12-31,37.3800
1971-01-04,37.4400
1971-01-05,37.5100
1971-01-06,37.4200
1971-01-07,37.3900
1971-01-08,37.5000
1971-01-11,37.7500
1971-01-12,37.9500
1971-01-13,38.0300
1971-01-14,37.9500
1971-01-15,38.1000
1971-01-18,38.0500
1971-01-19,37.9000
1971-01-20,38.1300
1971-01-21,38.0800
1971-01-22,37.9400
1971-01-25,38.0500
1971-01-26,38.1500
1971-01-27,38.0500
1971-01-28,38.0500
1971-01-29,38.0500
1971-02-01,38.1800
1971-02-02,38.5000
1971-02-03,38.9300
1971-02-04,38.4600
1971-02-05,38.4100
1971-02-08,38.7000
1971-02-09,38.8500
1971-02-10,38.8500
1971-02-11,38.9500
1971-02-12,38.8500
1971-02-15,38.9500
1971-02-16,38.9500
1971-02-17,38.8800
1971-02-18,38.8400
1971-02-19,38.7300
1971-02-22,38.7500
1971-02-23,38.7900
1971-02-24,38.7500
1971-02-25,38.7800
1971-02-26,38.8000
1971-03-01,38.6900
1971-03-02,38.7100
1971-03-03,38.8100
1971-03-04,38.7500
1971-03-05,38.7500
1971-03-08,38.7900
1971-03-09,38.8100
1971-03-10,38.8500
1971-03-11,39.0000
1971-03-12,39.0400
1971-03-15,39.0000
1971-03-16,38.9000
1971-03-17,38.9300
1971-03-18,39.0000
1971-03-19,38.9500
1971-03-22,38.9600
1971-03-23,38.9500
1971-03-24,38.8900
1971-03-25,38.9300
1971-03-26,38.8800
1971-03-29,38.7800
1971-03-30,38.8000
1971-03-31,38.8800
1971-04-01,38.9000
1971-04-02,38.8800
1971-04-05,38.8900
1971-04-06,38.8500
1971-04-07,38.9000
1971-04-08,38.9800
1971-04-13,38.9500
1971-04-14,38.9000
1971-04-15,38.9100
1971-04-16,38.9500
1971-04-19,38.9500
1971-04-20,38.9100
1971-04-21,38.9000
1971-04-22,39.1500
1971-04-23,39.0500
1971-04-26,38.9000
1971-04-27,38.9500
1971-04-28,39.2300
1971-04-29,39.4500
1971-04-30,39.7000
1971-05-03,39.4300
1971-05-04,39.6500
1971-05-05,40.1000
1971-05-06,40.3000
1971-05-07,39.7800
1971-05-10,39.8400
1971-05-11,40.2000
1971-05-12,40.4500
1971-05-13,40.8000
1971-05-14,41.2000
1971-05-17,40.7000
1971-05-18,40.9000
1971-05-19,40.6000
1971-05-20,41.1500
1971-05-21,40.9800
1971-05-24,40.7800
1971-05-25,41.0300
1971-05-26,40.9000
1971-05-27,40.7000
1971-05-28,40.8400
1971-06-01,40.8400
1971-06-02,40.6000
1971-06-03,40.6000
1971-06-04,40.6000
1971-06-07,40.4500
1971-06-08,40.1800
1971-06-09,39.9300
1971-06-10,39.7500
1971-06-11,39.6000
1971-06-14,39.5500
1971-06-15,39.5900
1971-06-16,39.9800
1971-06-17,39.8400
1971-06-18,39.9500
1971-06-21,39.9500
1971-06-22,40.1300
1971-06-23,40.3000
1971-06-24,40.3800
1971-06-25,40.1000
1971-06-28,39.9500
1971-06-29,39.9000
1971-06-30,40.1000
1971-07-01,40.2400
1971-07-02,40.3800
1971-07-05,40.3000
1971-07-06,40.3000
1971-07-07,40.2500
1971-07-08,40.2800
1971-07-09,40.2400
1971-07-12,40.3800
1971-07-13,40.3100
1971-07-14,40.3500
1971-07-15,40.4300
1971-07-16,40.7400
1971-07-19,41.0000
1971-07-20,40.9000
1971-07-21,41.1600
1971-07-22,41.7000
1971-07-23,41.6300
1971-07-26,41.7500
1971-07-27,41.9000
1971-07-28,42.0500
1971-07-29,42.2800
1971-07-30,42.4000
1971-08-02,42.3500
1971-08-03,42.2500
1971-08-04,42.5000
1971-08-05,42.7500
1971-08-06,42.5600
1971-08-09,43.9400
1971-08-10,43.2500
1971-08-11,42.8500
1971-08-12,43.2500
1971-08-13,43.0000
1971-08-17,43.0500
1971-08-18,43.1500
1971-08-19,43.3000
1971-08-20,43.3000
1971-08-23,43.3000
1971-08-24,43.2000
1971-08-25,42.7800
1971-08-26,42.0000
1971-08-27,41.1300
1971-08-31,40.6500
1971-09-01,41.1000
1971-09-02,41.3800
1971-09-03,41.7000
1971-09-06,41.7300
1971-09-07,41.6500
1971-09-08,41.4000
1971-09-09,41.7500
1971-09-10,41.6500
1971-09-13,41.6200
1971-09-14,41.7900
1971-09-15,41.9500
1971-09-16,42.2400
1971-09-17,42.0500
1971-09-20,42.3000
1971-09-21,42.3100
1971-09-22,42.2000
1971-09-23,42.2400
1971-09-24,42.5000
1971-09-27,42.5800
1971-09-28,43.1500
1971-09-29,42.6000
1971-09-30,42.6000
1971-10-01,42.4000
1971-10-04,42.5300
1971-10-05,42.4300
1971-10-06,42.4500
1971-10-07,42.5500
1971-10-08,42.4500
1971-10-11,42.5100
1971-10-12,42.5100
1971-10-13,42.7000
1971-10-14,42.6300
1971-10-15,42.5500
1971-10-18,42.5600
1971-10-19,42.5800
1971-10-20,42.5300
1971-10-21,42.4800
1971-10-22,42.4800
1971-10-25,42.5300
1971-10-26,42.5000
1971-10-27,42.4800
1971-10-28,42.4500
1971-10-29,42.3400
1971-11-01,42.1500
1971-11-02,42.3300
1971-11-03,42.2000
1971-11-04,42.2000
1971-11-05,42.3300
1971-11-08,42.4000
1971-11-09,42.5200
1971-11-10,42.6300
1971-11-11,42.6100
1971-11-12,42.7000
1971-11-15,42.8500
1971-11-16,42.8000
1971-11-17,42.8400
1971-11-18,43.1300
1971-11-19,43.1000
1971-11-22,43.2500
1971-11-23,43.2600
1971-11-24,43.4200
1971-11-25,43.5300
1971-11-26,43.4000
1971-11-29,43.6600
1971-11-30,43.6000
1971-12-01,43.5400
1971-12-02,43.7500
1971-12-03,43.8000
1971-12-06,43.9800
1971-12-07,43.8000
1971-12-08,43.4500
1971-12-09,43.6500
1971-12-10,43.6900
1971-12-13,43.6300
1971-12-14,43.6500
1971-12-15,43.5800
1971-12-16,43.1800
1971-12-17,42.7500
1971-12-20,42.7200
1971-12-21,43.1300
1971-12-22,43.3500
1971-12-23,43.4300
1971-12-28,43.3900
1971-12-29,43.5500
1971-12-30,43.5500
1971-12-31,43.6300
1972-01-03,44.0000
1972-01-04,44.3800
1972-01-05,44.5300
1972-01-06,45.2500
1972-01-07,45.8500
1972-01-10,45.7500
1972-01-11,45.2500
1972-01-12,45.2900
1972-01-13,45.4300
1972-01-14,45.9300
1972-01-17,46.1800
1972-01-18,45.8500
1972-01-19,45.8800
1972-01-20,45.9000
1972-01-21,45.9000
1972-01-24,46.0000
1972-01-25,46.1300
1972-01-26,46.2000
1972-01-27,46.6000
1972-01-28,47.3500
1972-01-31,47.1500
1972-02-01,48.1000
1972-02-02,49.2500
1972-02-03,48.0000
1972-02-04,47.0000
1972-02-07,47.5800
1972-02-08,48.1000
1972-02-09,48.1000
1972-02-10,48.4500
1972-02-11,48.2500
1972-02-14,47.8500
1972-02-15,47.9500
1972-02-16,48.2500
1972-02-17,48.3300
1972-02-18,48.4000
1972-02-21,48.6500
1972-02-22,48.6500
1972-02-23,48.6500
1972-02-24,48.8500
1972-02-25,48.4800
1972-02-28,48.4500
1972-02-29,48.2000
1972-03-01,48.0300
1972-03-02,48.2300
1972-03-03,48.0800
1972-03-06,48.2500
1972-03-07,48.2800
1972-03-08,48.1300
1972-03-09,48.4500
1972-03-10,48.4000
1972-03-13,48.4600
1972-03-14,48.4100
1972-03-15,48.3800
1972-03-16,48.4000
1972-03-17,48.3800
1972-03-20,48.3800
1972-03-21,48.4300
1972-03-22,48.3800
1972-03-23,48.4000
1972-03-24,48.3500
1972-03-27,48.3400
1972-03-28,48.3000
1972-03-29,48.4000
1972-03-30,48.3800
1972-04-04,48.4100
1972-04-05,48.4000
1972-04-06,48.2900
1972-04-07,48.3500
1972-04-10,48.3800
1972-04-11,48.5300
1972-04-12,48.9300
1972-04-13,48.9500
1972-04-14,49.3500
1972-04-17,49.4300
1972-04-18,49.4500
1972-04-19,49.4000
1972-04-20,49.4000
1972-04-21,49.3500
1972-04-24,49.3800
1972-04-25,49.2800
1972-04-26,49.2800
1972-04-27,49.4500
1972-04-28,49.6000
1972-05-01,50.3500
1972-05-02,50.3800
1972-05-03,50.4500
1972-05-04,50.4000
1972-05-05,51.0500
1972-05-08,52.0800
1972-05-09,53.7000
1972-05-10,53.1000
1972-05-11,53.0000
1972-05-12,52.9000
1972-05-15,53.1000
1972-05-16,54.6000
1972-05-17,57.7500
1972-05-18,56.9000
1972-05-19,57.0500
1972-05-22,57.3500
1972-05-23,57.4500
1972-05-24,57.0500
1972-05-25,57.0000
1972-05-26,57.9500
1972-05-30,58.5500
1972-05-31,59.4500
1972-06-01,59.2300
1972-06-02,59.4000
1972-06-05,59.5000
1972-06-06,61.5000
1972-06-07,64.8500
1972-06-08,64.5000
1972-06-09,62.5000
1972-06-12,61.2000
1972-06-13,61.6000
1972-06-14,61.4000
1972-06-15,61.0500
1972-06-16,61.5000
1972-06-19,61.2000
1972-06-20,61.1500
1972-06-21,61.2500
1972-06-22,61.7500
1972-06-23,63.1000
1972-06-26,63.4000
1972-06-27,62.8000
1972-06-28,64.0000
1972-06-29,64.5000
1972-06-30,64.6500
1972-07-03,65.5000
1972-07-04,65.0000
1972-07-05,66.0000
1972-07-06,66.0000
1972-07-07,65.3000
1972-07-10,65.6000
1972-07-11,65.2000
1972-07-12,65.1000
1972-07-13,64.9000
1972-07-14,65.0000
1972-07-17,65.5000
1972-07-18,65.4500
1972-07-19,64.8500
1972-07-20,65.3000
1972-07-21,65.0000
1972-07-24,65.2000
1972-07-25,65.5300
1972-07-26,65.7500
1972-07-27,66.3000
1972-07-28,68.2000
1972-07-31,68.3000
1972-08-01,69.3000
1972-08-02,70.0000
1972-08-03,69.0000
1972-08-04,68.5000
1972-08-07,67.5000
1972-08-08,66.1000
1972-08-09,65.1500
1972-08-10,66.7500
1972-08-11,65.7000
1972-08-14,65.7000
1972-08-15,65.7500
1972-08-16,66.5000
1972-08-17,66.4300
1972-08-18,66.6000
1972-08-21,66.8000
1972-08-22,67.0000
1972-08-23,67.0500
1972-08-24,67.3500
1972-08-25,67.1300
1972-08-29,66.6800
1972-08-30,66.9000
1972-08-31,66.8800
1972-09-01,66.8500
1972-09-04,66.8500
1972-09-05,66.9500
1972-09-06,67.0000
1972-09-07,67.1000
1972-09-08,67.1000
1972-09-11,67.2500
1972-09-12,66.8500
1972-09-13,67.0000
1972-09-14,66.8300
1972-09-15,65.5000
1972-09-18,61.2500
1972-09-19,64.2500
1972-09-20,65.0000
1972-09-21,65.2500
1972-09-22,63.9000
1972-09-25,63.5000
1972-09-26,63.9500
1972-09-27,63.8000
1972-09-28,64.4000
1972-09-29,64.2000
1972-10-02,64.1500
1972-10-03,64.1000
1972-10-04,65.2000
1972-10-05,65.6000
1972-10-06,65.5000
1972-10-09,65.5000
1972-10-10,65.2500
1972-10-11,65.0000
1972-10-12,64.6800
1972-10-13,64.7300
1972-10-16,65.1000
1972-10-17,64.9500
1972-10-18,64.8500
1972-10-19,65.0500
1972-10-20,65.0000
1972-10-23,64.8000
1972-10-24,64.8000
1972-10-25,64.7000
1972-10-26,64.5300
1972-10-27,64.6000
1972-10-30,64.5500
1972-10-31,64.3900
1972-11-01,64.0000
1972-11-02,64.0000
1972-11-03,64.1500
1972-11-06,64.0500
1972-11-07,63.8800
1972-11-08,63.6500
1972-11-09,63.1000
1972-11-10,62.8000
1972-11-13,62.6300
1972-11-14,61.9800
1972-11-15,61.9800
1972-11-16,61.4400
1972-11-17,60.3500
1972-11-20,61.1000
1972-11-21,62.5500
1972-11-22,62.5000
1972-11-23,62.3800
1972-11-24,62.7000
1972-11-27,64.0000
1972-11-28,63.7500
1972-11-29,63.5000
1972-11-30,63.6000
1972-12-01,64.2000
1972-12-04,63.4000
1972-12-05,63.1000
1972-12-06,63.1000
1972-12-07,63.1000
1972-12-08,63.1000
1972-12-11,62.9000
1972-12-12,62.9000
1972-12-13,63.1500
1972-12-14,63.4000
1972-12-15,63.9300
1972-12-18,65.1000
1972-12-19,65.4000
1972-12-20,64.4500
1972-12-21,64.2000
1972-12-22,64.2000
1972-12-27,65.1000
1972-12-28,64.6500
1972-12-29,64.9000
1973-01-02,65.1000
1973-01-03,65.3000
1973-01-04,64.9000
1973-01-05,65.2500
1973-01-08,65.1000
1973-01-09,65.1500
1973-01-10,65.0000
1973-01-11,65.0300
1973-01-12,65.1500
1973-01-15,65.1000
1973-01-16,65.1000
1973-01-17,64.6500
1973-01-18,63.9000
1973-01-19,64.5000
1973-01-22,65.2000
1973-01-23,65.2000
1973-01-24,64.9500
1973-01-25,65.6000
1973-01-26,65.5000
1973-01-29,65.3000
1973-01-30,66.0800
1973-01-31,66.0000
1973-02-01,66.6000
1973-02-02,66.9000
1973-02-05,67.6000
1973-02-06,68.8000
1973-02-07,68.6500
1973-02-08,69.0000
1973-02-09,68.1000
1973-02-12,68.5500
1973-02-13,68.9000
1973-02-14,72.3000
1973-02-15,73.6500
1973-02-16,73.3000
1973-02-19,74.9000
1973-02-20,76.5000
1973-02-21,79.3000
1973-02-22,86.5000
1973-02-23,85.0000
1973-02-26,80.7000
1973-02-27,83.7000
1973-02-28,85.0000
1973-03-01,85.7000
1973-03-02,86.3000
1973-03-05,84.0000
1973-03-06,83.0000
1973-03-07,82.5000
1973-03-08,83.7500
1973-03-09,82.8800
1973-03-12,82.5000
1973-03-13,80.0000
1973-03-14,80.0000
1973-03-15,82.7500
1973-03-16,82.7500
1973-03-19,82.2500
1973-03-20,82.2500
1973-03-21,81.6000
1973-03-22,81.7000
1973-03-23,84.5000
1973-03-26,90.0000
1973-03-27,90.0000
1973-03-28,88.5000
1973-03-29,89.2500
1973-03-30,90.0000
1973-04-02,89.2500
1973-04-03,90.0000
1973-04-04,90.2500
1973-04-05,90.9000
1973-04-06,90.7500
1973-04-09,91.0000
1973-04-10,91.0000
1973-04-11,91.2500
1973-04-12,90.9000
1973-04-13,90.0000
1973-04-16,89.3000
1973-04-17,90.2500
1973-04-18,91.0000
1973-04-19,90.7500
1973-04-24,90.8000
1973-04-25,90.1500
1973-04-26,90.5500
1973-04-27,90.6000
1973-04-30,90.7300
1973-05-01,90.7000
1973-05-02,90.6000
1973-05-03,90.3000
1973-05-04,90.3000
1973-05-07,90.3000
1973-05-08,91.4000
1973-05-09,92.7500
1973-05-10,94.8000
1973-05-11,96.7000
1973-05-14,102.2500
1973-05-15,110.0000
1973-05-16,106.5000
1973-05-17,104.2500
1973-05-18,105.5000
1973-05-21,112.0000
1973-05-22,110.5000
1973-05-23,109.7500
1973-05-24,110.0000
1973-05-25,106.5000
1973-05-29,110.0000
1973-05-30,113.2500
1973-05-31,114.7500
1973-06-01,117.7500
1973-06-04,123.5000
1973-06-05,126.0000
1973-06-06,121.5000
1973-06-07,118.5000
1973-06-08,117.2500
1973-06-11,115.5000
1973-06-12,117.2500
1973-06-13,115.5000
1973-06-14,117.7500
1973-06-15,120.0000
1973-06-18,122.5000
1973-06-19,120.2500
1973-06-20,120.0000
1973-06-21,120.5000
1973-06-22,120.0000
1973-06-25,118.5000
1973-06-26,123.2500
1973-06-27,122.2500
1973-06-28,121.5000
1973-06-29,123.2500
1973-07-02,121.0000
1973-07-03,122.0000
1973-07-04,123.5000
1973-07-05,123.0000
1973-07-06,127.0000
1973-07-09,126.0000
1973-07-10,123.0000
1973-07-11,119.0000
1973-07-12,121.0000
1973-07-13,121.0000
1973-07-16,119.9000
1973-07-17,121.0000
1973-07-18,119.5000
1973-07-19,114.2500
1973-07-20,117.7500
1973-07-23,118.7500
1973-07-24,119.9000
1973-07-25,118.5000
1973-07-26,119.5000
1973-07-27,117.0000
1973-07-30,115.5000
1973-07-31,115.6000
1973-08-01,117.5000
1973-08-02,116.1000
1973-08-03,116.0000
1973-08-06,115.5000
1973-08-07,114.9000
1973-08-08,113.7500
1973-08-09,110.0000
1973-08-10,106.7500
1973-08-13,102.0000
1973-08-14,95.5000
1973-08-15,94.0000
1973-08-16,103.0000
1973-08-17,104.0000
1973-08-20,109.5000
1973-08-21,105.7000
1973-08-22,103.0000
1973-08-23,100.2500
1973-08-24,101.0000
1973-08-28,104.0000
1973-08-29,107.3000
1973-08-30,105.5000
1973-08-31,103.5000
1973-09-03,104.5000
1973-09-04,105.1000
1973-09-05,106.1000
1973-09-06,105.5000
1973-09-07,105.2500
1973-09-10,104.7500
1973-09-11,102.7500
1973-09-12,102.2500
1973-09-13,100.2500
1973-09-14,100.3000
1973-09-17,104.0000
1973-09-18,103.0000
1973-09-19,101.4000
1973-09-20,103.2500
1973-09-21,103.5000
1973-09-24,102.0000
1973-09-25,101.7500
1973-09-26,102.5000
1973-09-27,101.2500
1973-09-28,100.0000
1973-10-01,96.7500
1973-10-02,97.7500
1973-10-03,99.1500
1973-10-04,99.0000
1973-10-05,98.5000
1973-10-08,100.7500
1973-10-09,99.6000
1973-10-10,103.5000
1973-10-11,103.7500
1973-10-12,101.9300
1973-10-15,101.2500
1973-10-16,101.8500
1973-10-17,103.5000
1973-10-18,101.9000
1973-10-19,101.0000
1973-10-22,99.2500
1973-10-23,100.7500
1973-10-24,99.7500
1973-10-25,100.1000
1973-10-26,98.2500
1973-10-29,98.2500
1973-10-30,97.2500
1973-10-31,98.0000
1973-11-01,97.0000
1973-11-02,98.5000
1973-11-05,98.0000
1973-11-06,98.0000
1973-11-07,97.4000
1973-11-08,98.0000
1973-11-09,98.5000
1973-11-12,97.0000
1973-11-13,96.9000
1973-11-14,90.0000
1973-11-15,91.2500
1973-11-16,90.2500
1973-11-19,90.0000
1973-11-20,90.5000
1973-11-21,90.2500
1973-11-22,90.1000
1973-11-23,90.0000
1973-11-26,90.2500
1973-11-27,92.0000
1973-11-28,101.5000
1973-11-29,101.7500
1973-11-30,101.0000
1973-12-03,100.2500
1973-12-04,105.5000
1973-12-05,105.0000
1973-12-06,105.7500
1973-12-07,107.2500
1973-12-10,105.5000
1973-12-11,104.1500
1973-12-12,104.0000
1973-12-13,103.6500
1973-12-14,105.0000
1973-12-17,106.7500
1973-12-18,109.0000
1973-12-19,108.4000
1973-12-20,108.0000
1973-12-21,106.7500
1973-12-27,111.7500
1973-12-28,112.0000
1973-12-31,112.2500
1974-01-02,116.5000
1974-01-03,121.2500
1974-01-04,118.5000
1974-01-07,121.5000
1974-01-08,126.5000
1974-01-09,124.0000
1974-01-10,120.0000
1974-01-11,122.0000
1974-01-14,124.7500
1974-01-15,125.5000
1974-01-16,126.2500
1974-01-17,128.3500
1974-01-18,130.0000
1974-01-21,138.2500
1974-01-22,137.4000
1974-01-23,134.5000
1974-01-24,141.0000
1974-01-25,140.9000
1974-01-28,139.5000
1974-01-29,137.5000
1974-01-30,135.5500
1974-01-31,132.5000
1974-02-01,130.5000
1974-02-04,133.5000
1974-02-05,140.0000
1974-02-06,138.0000
1974-02-07,139.0000
1974-02-08,143.0000
1974-02-11,145.0000
1974-02-12,146.5000
1974-02-13,144.0000
1974-02-14,146.0000
1974-02-15,148.9000
1974-02-18,150.0000
1974-02-19,149.5000
1974-02-20,150.0000
1974-02-21,156.7500
1974-02-22,163.0000
1974-02-25,169.5000
1974-02-26,175.0000
1974-02-27,174.0000
1974-02-28,162.5000
1974-03-01,167.5000
1974-03-04,166.0000
1974-03-05,159.0000
1974-03-06,160.0000
1974-03-07,166.0000
1974-03-08,165.0000
1974-03-11,165.5000
1974-03-12,163.0000
1974-03-13,164.5000
1974-03-14,164.5000
1974-03-15,163.8500
1974-03-18,164.0000
1974-03-19,169.0000
1974-03-20,176.0000
1974-03-21,175.0000
1974-03-22,177.5000
1974-03-25,176.7500
1974-03-26,172.2500
1974-03-27,174.0000
1974-03-28,174.5000
1974-03-29,173.0000
1974-04-01,174.1000
1974-04-02,177.0000
1974-04-03,179.5000
1974-04-04,176.2500
1974-04-05,173.2500
1974-04-08,167.0000
1974-04-09,170.0000
1974-04-10,173.2500
1974-04-11,173.5000
1974-04-16,172.2500
1974-04-17,169.9000
1974-04-18,170.0000
1974-04-19,172.0000
1974-04-22,174.7500
1974-04-23,174.7000
1974-04-24,170.7500
1974-04-25,169.0000
1974-04-26,169.0000
1974-04-29,169.2500
1974-04-30,169.2500
1974-05-01,169.5000
1974-05-02,169.6500
1974-05-03,169.0000
1974-05-06,166.0000
1974-05-07,163.0000
1974-05-08,157.7500
1974-05-09,166.2500
1974-05-10,167.7000
1974-05-13,166.5000
1974-05-14,166.2500
1974-05-15,164.4000
1974-05-16,164.0000
1974-05-17,165.5000
1974-05-20,162.9000
1974-05-21,161.0000
1974-05-22,163.0000
1974-05-23,159.5000
1974-05-24,161.7500
1974-05-28,154.0000
1974-05-29,155.5000
1974-05-30,162.0000
1974-05-31,156.7500
1974-06-03,155.5000
1974-06-04,154.5000
1974-06-05,161.7500
1974-06-06,159.0000
1974-06-07,155.5000
1974-06-10,157.4000
1974-06-11,157.2500
1974-06-12,156.5000
1974-06-13,157.0000
1974-06-14,160.5000
1974-06-17,157.5000
1974-06-18,155.5000
1974-06-19,153.6000
1974-06-20,151.7500
1974-06-21,153.7500
1974-06-24,150.0000
1974-06-25,149.7500
1974-06-26,146.5000
1974-06-27,144.5000
1974-06-28,144.2500
1974-07-01,143.0000
1974-07-02,137.0000
1974-07-03,136.5000
1974-07-04,129.0000
1974-07-05,134.0000
1974-07-08,141.0000
1974-07-09,145.5000
1974-07-10,138.7500
1974-07-11,137.0000
1974-07-12,137.0000
1974-07-15,138.7500
1974-07-16,141.0000
1974-07-17,140.7500
1974-07-18,144.0000
1974-07-19,145.5000
1974-07-22,143.0000
1974-07-23,144.0000
1974-07-24,144.2500
1974-07-25,149.0000
1974-07-26,149.0000
1974-07-29,157.5000
1974-07-30,157.0000
1974-07-31,156.0000
1974-08-01,159.4000
1974-08-02,156.5000
1974-08-05,153.6000
1974-08-06,155.0000
1974-08-07,154.5000
1974-08-08,152.0000
1974-08-09,154.2500
1974-08-12,152.2500
1974-08-13,151.5000
1974-08-14,156.2500
1974-08-15,153.0000
1974-08-16,155.5000
1974-08-19,155.2500
1974-08-20,156.0000
1974-08-21,155.5000
1974-08-22,154.5000
1974-08-23,154.0000
1974-08-27,153.5000
1974-08-28,154.3500
1974-08-29,154.5500
1974-08-30,156.0000
1974-09-02,158.5000
1974-09-03,157.7500
1974-09-04,156.9000
1974-09-05,157.5000
1974-09-06,157.0000
1974-09-09,155.5000
1974-09-10,154.5000
1974-09-11,152.9000
1974-09-12,154.4000
1974-09-13,153.0000
1974-09-16,152.7500
1974-09-17,147.7500
1974-09-18,148.0000
1974-09-19,149.5000
1974-09-20,146.0000
1974-09-23,148.0000
1974-09-24,147.5000
1974-09-25,147.2500
1974-09-26,145.4000
1974-09-27,148.7500
1974-09-30,151.2500
1974-10-01,155.7500
1974-10-02,154.0000
1974-10-03,155.6500
1974-10-04,159.0000
1974-10-07,157.5000
1974-10-08,155.1000
1974-10-09,155.7000
1974-10-10,158.2500
1974-10-11,157.0000
1974-10-14,154.8500
1974-10-15,155.0000
1974-10-16,155.0000
1974-10-17,155.0000
1974-10-18,155.2500
1974-10-21,157.0000
1974-10-22,158.0000
1974-10-23,157.8000
1974-10-24,162.0000
1974-10-25,163.2500
1974-10-28,167.5000
1974-10-29,168.2500
1974-10-30,168.0000
1974-10-31,167.0000
1974-11-01,167.7500
1974-11-04,169.2500
1974-11-05,173.7500
1974-11-06,178.0000
1974-11-07,177.2500
1974-11-08,183.0000
1974-11-11,182.0000
1974-11-12,180.0000
1974-11-13,185.2500
1974-11-14,188.2500
1974-11-15,187.5000
1974-11-18,190.5000
1974-11-19,187.7500
1974-11-20,180.5000
1974-11-21,182.5000
1974-11-22,182.0000
1974-11-25,183.7500
1974-11-26,186.0000
1974-11-27,184.2500
1974-11-28,181.5000
1974-11-29,184.0000
1974-12-02,185.7500
1974-12-03,183.0000
1974-12-04,174.2500
1974-12-05,178.5000
1974-12-06,180.9000
1974-12-09,180.5000
1974-12-10,178.0000
1974-12-11,174.7500
1974-12-12,175.7500
1974-12-13,179.7500
1974-12-16,183.0000
1974-12-17,188.5000
1974-12-18,187.0000
1974-12-19,186.2500
1974-12-20,187.5000
1974-12-23,193.0000
1974-12-27,195.0000
1974-12-30,195.2500
1974-12-31,186.5000
1975-01-02,175.0000
1975-01-03,174.0000
1975-01-06,173.5000
1975-01-07,169.5000
1975-01-08,180.0000
1975-01-09,179.0000
1975-01-10,177.2500
1975-01-13,180.2500
1975-01-14,177.1000
1975-01-15,178.2500
1975-01-16,176.0000
1975-01-17,173.7500
1975-01-20,175.0000
1975-01-21,175.7500
1975-01-22,175.5000
1975-01-23,174.0000
1975-01-24,177.5000
1975-01-27,179.0000
1975-01-28,176.5000
1975-01-29,178.0000
1975-01-30,177.2500
1975-01-31,175.8000
1975-02-03,176.2500
1975-02-04,174.2500
1975-02-05,175.0000
1975-02-06,173.4000
1975-02-07,174.5000
1975-02-10,174.0000
1975-02-11,174.5000
1975-02-12,174.9000
1975-02-13,178.6000
1975-02-14,184.0000
1975-02-17,181.4000
1975-02-18,181.0000
1975-02-19,184.2500
1975-02-20,183.7500
1975-02-21,184.7500
1975-02-24,185.2500
1975-02-25,185.0000
1975-02-26,183.0000
1975-02-27,182.2500
1975-02-28,181.7500
1975-03-03,181.8500
1975-03-04,179.7500
1975-03-05,178.5000
1975-03-06,180.5000
1975-03-07,178.0000
1975-03-10,176.2500
1975-03-11,178.9000
1975-03-12,177.5000
1975-03-13,178.7500
1975-03-14,178.0000
1975-03-17,177.7500
1975-03-18,178.5000
1975-03-19,178.5000
1975-03-20,177.2500
1975-03-21,176.2500
1975-03-24,177.0000
1975-03-25,176.7500
1975-03-26,177.7500
1975-03-27,177.2500
1975-04-01,177.2500
1975-04-02,177.2500
1975-04-03,175.6000
1975-04-04,173.6500
1975-04-07,172.6000
1975-04-08,174.0000
1975-04-09,173.1000
1975-04-10,172.5000
1975-04-11,171.9000
1975-04-14,167.5000
1975-04-15,164.0000
1975-04-16,166.5000
1975-04-17,167.5000
1975-04-18,170.2500
1975-04-21,165.6000
1975-04-22,165.5000
1975-04-23,168.0000
1975-04-24,167.2000
1975-04-25,166.1000
1975-04-28,166.5000
1975-04-29,167.0500
1975-04-30,167.0000
1975-05-01,166.0000
1975-05-02,165.5000
1975-05-05,163.5000
1975-05-06,164.0000
1975-05-07,165.2500
1975-05-08,166.2500
1975-05-09,165.7500
1975-05-12,165.4000
1975-05-13,165.5000
1975-05-14,166.7500
1975-05-15,166.0000
1975-05-16,165.7500
1975-05-19,167.7500
1975-05-20,166.9000
1975-05-21,168.5000
1975-05-22,174.7500
1975-05-23,173.4000
1975-05-27,172.0000
1975-05-28,171.0000
1975-05-29,168.2500
1975-05-30,167.0000
1975-06-02,161.7500
1975-06-03,165.2500
1975-06-04,165.7500
1975-06-05,164.5000
1975-06-06,165.2500
1975-06-09,165.3500
1975-06-10,165.9000
1975-06-11,164.7500
1975-06-12,165.5000
1975-06-13,164.3500
1975-06-16,164.0000
1975-06-17,164.0000
1975-06-18,163.7500
1975-06-19,162.8500
1975-06-20,162.5000
1975-06-23,162.4000
1975-06-24,162.4000
1975-06-25,164.0000
1975-06-26,164.0000
1975-06-27,164.5000
1975-06-30,166.2500
1975-07-01,166.5000
1975-07-02,165.0000
1975-07-03,164.0000
1975-07-04,164.2500
1975-07-07,162.5000
1975-07-08,164.0000
1975-07-09,165.8500
1975-07-10,163.2500
1975-07-11,165.3000
1975-07-14,166.7500
1975-07-15,165.0000
1975-07-16,164.1000
1975-07-17,164.1000
1975-07-18,164.0000
1975-07-21,164.2500
1975-07-22,165.2500
1975-07-23,164.2500
1975-07-24,164.8500
1975-07-25,166.2500
1975-07-28,167.0000
1975-07-29,168.4000
1975-07-30,167.2500
1975-07-31,166.7000
1975-08-01,166.7500
1975-08-04,166.5000
1975-08-05,166.0500
1975-08-06,164.8500
1975-08-07,165.3000
1975-08-08,164.3500
1975-08-11,161.9000
1975-08-12,163.5000
1975-08-13,162.3000
1975-08-14,161.8000
1975-08-15,162.1000
1975-08-18,161.7000
1975-08-19,161.3500
1975-08-20,162.7000
1975-08-21,161.9000
1975-08-22,161.9500
1975-08-26,161.8500
1975-08-27,161.4000
1975-08-28,161.9000
1975-08-29,159.8000
1975-09-01,155.0000
1975-09-02,149.2500
1975-09-03,150.3500
1975-09-04,153.2500
1975-09-05,153.2500
1975-09-08,152.2500
1975-09-09,148.5000
1975-09-10,149.9000
1975-09-11,147.6500
1975-09-12,148.0000
1975-09-15,148.2500
1975-09-16,147.1000
1975-09-17,142.9000
1975-09-18,139.5000
1975-09-19,135.5000
1975-09-22,136.6000
1975-09-23,128.7500
1975-09-24,132.7500
1975-09-25,134.5000
1975-09-26,136.3000
1975-09-29,139.2500
1975-09-30,141.2500
1975-10-01,143.5000
1975-10-02,144.6500
1975-10-03,138.9000
1975-10-06,140.7500
1975-10-07,142.5000
1975-10-08,139.3000
1975-10-09,140.0000
1975-10-10,142.2500
1975-10-13,142.0000
1975-10-14,140.5000
1975-10-15,142.7500
1975-10-16,143.2500
1975-10-17,144.9000
1975-10-20,144.7500
1975-10-21,146.2500
1975-10-22,144.5000
1975-10-23,144.1500
1975-10-24,143.5000
1975-10-27,142.9000
1975-10-28,142.7000
1975-10-29,142.7500
1975-10-30,143.7500
1975-10-31,142.9000
1975-11-03,143.2500
1975-11-04,144.0000
1975-11-05,145.9000
1975-11-06,145.9000
1975-11-07,144.6000
1975-11-10,144.2000
1975-11-11,144.2500
1975-11-12,143.8500
1975-11-13,143.8500
1975-11-14,142.0000
1975-11-17,142.0000
1975-11-18,139.2500
1975-11-19,141.7500
1975-11-20,142.4000
1975-11-21,141.3500
1975-11-24,140.6000
1975-11-25,141.4000
1975-11-26,140.6000
1975-11-27,139.0000
1975-11-28,138.1500
1975-12-01,137.9000
1975-12-02,139.3000
1975-12-03,139.4500
1975-12-04,138.8500
1975-12-05,138.0000
1975-12-08,137.2500
1975-12-09,137.2500
1975-12-10,139.4000
1975-12-11,140.2000
1975-12-12,138.7000
1975-12-15,138.1500
1975-12-16,138.8000
1975-12-17,138.8500
1975-12-18,138.9000
1975-12-19,139.1000
1975-12-22,142.4000
1975-12-23,140.8000
1975-12-29,141.7500
1975-12-30,140.7500
1975-12-31,140.2500
1976-01-02,140.3500
1976-01-05,138.6000
1976-01-06,139.0000
1976-01-07,138.3500
1976-01-08,135.8000
1976-01-09,136.5500
1976-01-12,136.6500
1976-01-13,132.0000
1976-01-14,130.3500
1976-01-15,132.5000
1976-01-16,130.8000
1976-01-19,128.9000
1976-01-20,124.6000
1976-01-21,124.9000
1976-01-22,126.1500
1976-01-23,129.0000
1976-01-26,125.6500
1976-01-27,126.2500
1976-01-28,128.1000
1976-01-29,128.6000
1976-01-30,128.1500
1976-02-02,130.4000
1976-02-03,131.7000
1976-02-04,129.7500
1976-02-05,128.7500
1976-02-06,130.6000
1976-02-09,130.1000
1976-02-10,129.5000
1976-02-11,130.8500
1976-02-12,131.3000
1976-02-13,131.1000
1976-02-16,131.2500
1976-02-17,130.1500
1976-02-18,131.2000
1976-02-19,131.0000
1976-02-20,131.7500
1976-02-23,131.6500
1976-02-24,132.4500
1976-02-25,133.4000
1976-02-26,132.2000
1976-02-27,132.3000
1976-03-01,132.3000
1976-03-02,131.4000
1976-03-03,132.2500
1976-03-04,132.2500
1976-03-05,133.7000
1976-03-08,132.7500
1976-03-09,132.9000
1976-03-10,133.9000
1976-03-11,133.6500
1976-03-12,133.3500
1976-03-15,133.8000
1976-03-16,132.5000
1976-03-17,133.3500
1976-03-18,134.2500
1976-03-19,133.6000
1976-03-22,133.7500
1976-03-23,133.1000
1976-03-24,133.6000
1976-03-25,132.7000
1976-03-26,131.8000
1976-03-29,130.1000
1976-03-30,128.7000
1976-03-31,129.6000
1976-04-01,129.2000
1976-04-02,129.1000
1976-04-05,127.2500
1976-04-06,128.3000
1976-04-07,127.7000
1976-04-08,128.2000
1976-04-09,127.7000
1976-04-12,127.2000
1976-04-13,128.1000
1976-04-14,127.7000
1976-04-15,127.7500
1976-04-20,127.8500
1976-04-21,127.2500
1976-04-22,127.3000
1976-04-23,127.4000
1976-04-26,127.8000
1976-04-27,128.7000
1976-04-28,128.0000
1976-04-29,127.9000
1976-04-30,128.4000
1976-05-03,128.3500
1976-05-04,127.7500
1976-05-05,127.2500
1976-05-06,126.9000
1976-05-07,128.2500
1976-05-10,128.4500
1976-05-11,127.8500
1976-05-12,127.9000
1976-05-13,127.7000
1976-05-14,127.7000
1976-05-17,127.7000
1976-05-18,127.5000
1976-05-19,126.8000
1976-05-20,125.6500
1976-05-21,125.8000
1976-05-24,125.2000
1976-05-25,124.5000
1976-05-26,125.7500
1976-05-27,126.2000
1976-05-28,125.5000
1976-06-01,126.6500
1976-06-02,126.9000
1976-06-03,127.2000
1976-06-04,126.6000
1976-06-07,127.1000
1976-06-08,127.4000
1976-06-09,127.0000
1976-06-10,126.6500
1976-06-11,125.5000
1976-06-14,125.8000
1976-06-15,125.7000
1976-06-16,125.0000
1976-06-17,125.8000
1976-06-18,125.8500
1976-06-21,125.8000
1976-06-22,125.2000
1976-06-23,124.7000
1976-06-24,124.5000
1976-06-25,124.8500
1976-06-28,123.9000
1976-06-29,123.7000
1976-06-30,123.8000
1976-07-01,122.9000
1976-07-02,123.2500
1976-07-05,123.1500
1976-07-06,123.3000
1976-07-07,123.3000
1976-07-08,123.1000
1976-07-09,122.5000
1976-07-12,121.8500
1976-07-13,122.2500
1976-07-14,122.2000
1976-07-15,121.4000
1976-07-16,117.8500
1976-07-19,114.1500
1976-07-20,107.7500
1976-07-21,113.0000
1976-07-22,111.7500
1976-07-23,111.0000
1976-07-26,113.0000
1976-07-27,114.1500
1976-07-28,114.0000
1976-07-29,112.2500
1976-07-30,112.5000
1976-08-02,111.9000
1976-08-03,111.6000
1976-08-04,113.4000
1976-08-05,112.6000
1976-08-06,112.8000
1976-08-09,112.7000
1976-08-10,113.4000
1976-08-11,113.5500
1976-08-12,113.2000
1976-08-13,113.4000
1976-08-16,113.1500
1976-08-17,112.1500
1976-08-18,108.1000
1976-08-19,109.4500
1976-08-20,109.0000
1976-08-23,106.6000
1976-08-24,104.8000
1976-08-25,103.5000
1976-08-26,105.0000
1976-08-27,104.2000
1976-08-31,104.0000
1976-09-01,105.7000
1976-09-02,106.1000
1976-09-03,107.4000
1976-09-06,113.6500
1976-09-07,110.7500
1976-09-08,111.6000
1976-09-09,112.0000
1976-09-10,115.7000
1976-09-13,114.4000
1976-09-14,111.6000
1976-09-15,111.2500
1976-09-16,114.0000
1976-09-17,119.5000
1976-09-20,115.4000
1976-09-21,119.9000
1976-09-22,118.0000
1976-09-23,117.7500
1976-09-24,119.1500
1976-09-27,118.9000
1976-09-28,116.2500
1976-09-29,116.2000
1976-09-30,116.0000
1976-10-01,116.0000
1976-10-04,114.3500
1976-10-05,114.4500
1976-10-06,115.2500
1976-10-07,115.5000
1976-10-08,114.0000
1976-10-11,114.5000
1976-10-12,114.7000
1976-10-13,114.6500
1976-10-14,114.8500
1976-10-15,115.7000
1976-10-18,116.2000
1976-10-19,115.4000
1976-10-20,114.9000
1976-10-21,116.0000
1976-10-22,115.5000
1976-10-25,115.8500
1976-10-26,117.4500
1976-10-27,117.8500
1976-10-28,122.7500
1976-10-29,123.1500
1976-11-01,122.6000
1976-11-02,122.5000
1976-11-03,125.8500
1976-11-04,124.0000
1976-11-05,127.0000
1976-11-08,131.5000
1976-11-09,130.5500
1976-11-10,136.2500
1976-11-11,133.2000
1976-11-12,135.6000
1976-11-15,138.8500
1976-11-16,133.2000
1976-11-17,131.2500
1976-11-18,128.6500
1976-11-19,130.2000
1976-11-22,133.9000
1976-11-23,133.4500
1976-11-24,130.7500
1976-11-25,130.7500
1976-11-26,130.2500
1976-11-29,129.6500
1976-11-30,130.2500
1976-12-01,130.5000
1976-12-02,130.8500
1976-12-03,131.0500
1976-12-06,134.0000
1976-12-07,134.8500
1976-12-08,135.6500
1976-12-09,136.5000
1976-12-10,137.6500
1976-12-13,135.4000
1976-12-14,134.6000
1976-12-15,134.8000
1976-12-16,134.4000
1976-12-17,131.9000
1976-12-20,132.3500
1976-12-21,133.6000
1976-12-22,133.6000
1976-12-23,132.3500
1976-12-29,134.2500
1976-12-30,134.7500
1976-12-31,134.5000
1977-01-04,135.7000
1977-01-05,133.0500
1977-01-06,132.6000
1977-01-07,132.8000
1977-01-10,131.0000
1977-01-11,129.7500
1977-01-12,130.5000
1977-01-13,132.2000
1977-01-14,131.4500
1977-01-17,131.5800
1977-01-18,132.8000
1977-01-19,132.7000
1977-01-20,133.1000
1977-01-21,132.2000
1977-01-24,132.3000
1977-01-25,133.5000
1977-01-26,132.1500
1977-01-27,132.3000
1977-01-28,131.3000
1977-01-31,132.3000
1977-02-01,132.6000
1977-02-02,132.1000
1977-02-03,133.0000
1977-02-04,132.4500
1977-02-07,134.2500
1977-02-08,134.7000
1977-02-09,136.1000
1977-02-10,135.8500
1977-02-11,135.0000
1977-02-14,136.4500
1977-02-15,135.9000
1977-02-16,135.9000
1977-02-17,136.4000
1977-02-18,136.6000
1977-02-21,137.5000
1977-02-22,138.1000
1977-02-23,139.1500
1977-02-24,141.2500
1977-02-25,139.9300
1977-02-28,142.7500
1977-03-01,141.4000
1977-03-02,145.0500
1977-03-03,144.7000
1977-03-04,145.4000
1977-03-07,148.3000
1977-03-08,148.2500
1977-03-09,145.9000
1977-03-10,147.0500
1977-03-11,146.3000
1977-03-14,145.7500
1977-03-15,146.4500
1977-03-16,147.5000
1977-03-17,148.9000
1977-03-18,150.0500
1977-03-21,152.0000
1977-03-22,150.4000
1977-03-23,152.8000
1977-03-24,152.7500
1977-03-25,153.5500
1977-03-28,150.0000
1977-03-29,148.4000
1977-03-30,149.4500
1977-03-31,148.9000
1977-04-01,148.3000
1977-04-04,150.3000
1977-04-05,148.6500
1977-04-06,148.6000
1977-04-07,148.7000
1977-04-12,149.7000
1977-04-13,152.2000
1977-04-14,152.0500
1977-04-15,150.6500
1977-04-18,151.0000
1977-04-19,150.4500
1977-04-20,149.5000
1977-04-21,148.1000
1977-04-22,149.7000
1977-04-25,148.7500
1977-04-26,147.1500
1977-04-27,147.5000
1977-04-28,145.6000
1977-04-29,147.2500
1977-05-02,148.3500
1977-05-03,148.2500
1977-05-04,148.1000
1977-05-05,146.9500
1977-05-06,148.2500
1977-05-09,147.3000
1977-05-10,147.5000
1977-05-11,147.7000
1977-05-12,147.2000
1977-05-13,148.1500
1977-05-16,147.6500
1977-05-17,147.8000
1977-05-18,146.9000
1977-05-19,146.8500
1977-05-20,147.3500
1977-05-23,146.5000
1977-05-24,144.8000
1977-05-25,144.7500
1977-05-26,143.7000
1977-05-27,144.4000
1977-05-30,143.9000
1977-05-31,142.9500
1977-06-01,143.8500
1977-06-02,141.9500
1977-06-03,141.4500
1977-06-08,142.3000
1977-06-09,140.6000
1977-06-10,140.0000
1977-06-13,138.4000
1977-06-14,137.1000
1977-06-15,138.9000
1977-06-16,139.8500
1977-06-17,138.7500
1977-06-20,139.8500
1977-06-21,141.3000
1977-06-22,139.4500
1977-06-23,140.1500
1977-06-24,140.8000
1977-06-27,142.5000
1977-06-28,143.0000
1977-06-29,142.3500
1977-06-30,143.0000
1977-07-01,142.5500
1977-07-04,140.5000
1977-07-05,141.2500
1977-07-06,140.5500
1977-07-07,141.4500
1977-07-08,142.0500
1977-07-11,140.9000
1977-07-12,141.8000
1977-07-13,142.8000
1977-07-14,143.8500
1977-07-15,144.6000
1977-07-18,143.5500
1977-07-19,145.5000
1977-07-20,144.9000
1977-07-21,144.0000
1977-07-22,144.7000
1977-07-25,146.4000
1977-07-26,145.6500
1977-07-27,145.8000
1977-07-28,144.3500
1977-07-29,144.1000
1977-08-01,144.2000
1977-08-02,145.8000
1977-08-03,146.0000
1977-08-04,146.7500
1977-08-05,145.4500
1977-08-08,145.8000
1977-08-09,146.5000
1977-08-10,145.8500
1977-08-11,145.3500
1977-08-12,144.9000
1977-08-15,144.1500
1977-08-16,143.3000
1977-08-17,143.7000
1977-08-18,143.5500
1977-08-19,144.5000
1977-08-22,144.1000
1977-08-23,143.4000
1977-08-24,144.2500
1977-08-25,144.2000
1977-08-26,145.0000
1977-08-30,146.1500
1977-08-31,146.0000
1977-09-01,145.4300
1977-09-02,146.4000
1977-09-05,147.8500
1977-09-06,147.3000
1977-09-07,147.6500
1977-09-08,147.5000
1977-09-09,147.4500
1977-09-12,148.3000
1977-09-13,147.5000
1977-09-14,147.9000
1977-09-15,147.9000
1977-09-16,148.3000
1977-09-19,149.7500
1977-09-20,149.9000
1977-09-21,151.3000
1977-09-22,151.6000
1977-09-23,150.9000
1977-09-26,153.0000
1977-09-27,152.7000
1977-09-28,153.8500
1977-09-29,153.0000
1977-09-30,154.0500
1977-10-03,155.4500
1977-10-04,154.8500
1977-10-05,155.0500
1977-10-06,154.0000
1977-10-07,153.9500
1977-10-10,157.1500
1977-10-11,156.8500
1977-10-12,157.7500
1977-10-13,157.9500
1977-10-14,157.8000
1977-10-17,160.2000
1977-10-18,160.3000
1977-10-19,161.6000
1977-10-20,160.1000
1977-10-21,161.2000
1977-10-24,163.2500
1977-10-25,162.8500
1977-10-26,162.9000
1977-10-27,160.1500
1977-10-28,161.2000
1977-10-31,161.5000
1977-11-01,162.5000
1977-11-02,161.5000
1977-11-03,164.2500
1977-11-04,165.9000
1977-11-07,166.4000
1977-11-08,164.8000
1977-11-09,167.5000
1977-11-10,166.9000
1977-11-11,167.9500
1977-11-14,165.2000
1977-11-15,162.6500
1977-11-16,160.2500
1977-11-17,158.6500
1977-11-18,160.8500
1977-11-21,157.7000
1977-11-22,156.1500
1977-11-23,159.3000
1977-11-24,158.9000
1977-11-25,158.0000
1977-11-28,161.6000
1977-11-29,159.2000
1977-11-30,160.0500
1977-12-01,160.3000
1977-12-02,158.7500
1977-12-05,159.5000
1977-12-06,159.8500
1977-12-07,160.3000
1977-12-08,160.9000
1977-12-09,158.5500
1977-12-12,158.8000
1977-12-13,157.6000
1977-12-14,160.1000
1977-12-15,158.8500
1977-12-16,160.0000
1977-12-19,160.1000
1977-12-20,159.5000
1977-12-21,160.3000
1977-12-22,159.4000
1977-12-28,164.8000
1977-12-29,166.0000
1977-12-30,164.9500
1978-01-03,169.2000
1978-01-04,171.8500
1978-01-05,165.7000
1978-01-06,169.9000
1978-01-09,170.2500
1978-01-10,173.1000
1978-01-11,172.1500
1978-01-12,173.5500
1978-01-13,172.4500
1978-01-16,174.9000
1978-01-17,172.9500
1978-01-18,171.9500
1978-01-19,173.4500
1978-01-20,173.0500
1978-01-23,175.2000
1978-01-24,176.4500
1978-01-25,177.5000
1978-01-26,175.8000
1978-01-27,176.4000
1978-01-30,175.2000
1978-01-31,175.7500
1978-02-01,176.4000
1978-02-02,174.8500
1978-02-03,175.2500
1978-02-06,175.6000
1978-02-07,175.2000
1978-02-08,174.7000
1978-02-09,172.8500
1978-02-10,174.6000
1978-02-13,177.0000
1978-02-14,177.4000
1978-02-15,178.6000
1978-02-16,179.3500
1978-02-17,179.4500
1978-02-20,182.2500
1978-02-21,181.4500
1978-02-22,181.1500
1978-02-23,183.2000
1978-02-24,180.7500
1978-02-27,180.8000
1978-02-28,182.2500
1978-03-01,182.5000
1978-03-02,184.2500
1978-03-03,183.4500
1978-03-06,184.4000
1978-03-07,186.2500
1978-03-08,190.0000
1978-03-09,188.3000
1978-03-10,185.9000
1978-03-13,186.5000
1978-03-14,188.0500
1978-03-15,186.3500
1978-03-16,184.2500
1978-03-17,183.2000
1978-03-20,181.0000
1978-03-21,177.3000
1978-03-22,179.3500
1978-03-23,179.3000
1978-03-28,183.8000
1978-03-29,181.4000
1978-03-30,179.7500
1978-03-31,181.6000
1978-04-03,183.4000
1978-04-04,180.5000
1978-04-05,178.4000
1978-04-06,181.0000
1978-04-07,179.1000
1978-04-10,178.7000
1978-04-11,179.6000
1978-04-12,180.0000
1978-04-13,178.6000
1978-04-14,178.5000
1978-04-17,174.3000
1978-04-18,173.5000
1978-04-19,174.6500
1978-04-20,168.5500
1978-04-21,170.9000
1978-04-24,168.5000
1978-04-25,167.6500
1978-04-26,168.9000
1978-04-27,169.9000
1978-04-28,170.8500
1978-05-02,168.9000
1978-05-03,170.4500
1978-05-04,173.3000
1978-05-05,172.8000
1978-05-08,172.2000
1978-05-09,172.7000
1978-05-10,173.9500
1978-05-11,175.3500
1978-05-12,174.7000
1978-05-15,175.2500
1978-05-16,175.8000
1978-05-17,177.5000
1978-05-18,177.9000
1978-05-19,178.8000
1978-05-22,179.2000
1978-05-23,179.7500
1978-05-24,179.4000
1978-05-25,178.6000
1978-05-26,179.4500
1978-05-30,182.3000
1978-05-31,184.1500
1978-06-01,183.0000
1978-06-02,184.7500
1978-06-05,183.0500
1978-06-06,181.0500
1978-06-07,182.9500
1978-06-08,182.6000
1978-06-09,181.3000
1978-06-12,180.5500
1978-06-13,182.3500
1978-06-14,183.7000
1978-06-15,182.1500
1978-06-16,184.6000
1978-06-19,184.6000
1978-06-20,186.5000
1978-06-21,186.3500
1978-06-22,185.3000
1978-06-23,185.5500
1978-06-26,185.2500
1978-06-27,184.2500
1978-06-28,185.3500
1978-06-29,184.3000
1978-06-30,183.0500
1978-07-03,183.2500
1978-07-04,184.4000
1978-07-05,184.2000
1978-07-06,182.7500
1978-07-07,183.9500
1978-07-10,186.0500
1978-07-11,185.5000
1978-07-12,186.3000
1978-07-13,186.7000
1978-07-14,186.0000
1978-07-17,185.0500
1978-07-18,184.8500
1978-07-19,185.7000
1978-07-20,188.4000
1978-07-21,191.7500
1978-07-24,195.2000
1978-07-25,193.3000
1978-07-26,194.3000
1978-07-27,194.0500
1978-07-28,201.3000
1978-07-31,200.2500
1978-08-01,205.1000
1978-08-02,203.2500
1978-08-03,202.2000
1978-08-04,201.5500
1978-08-07,204.0500
1978-08-08,206.9500
1978-08-09,207.9500
1978-08-10,206.5000
1978-08-11,211.1500
1978-08-14,213.5000
1978-08-15,213.2000
1978-08-16,215.7500
1978-08-17,209.0000
1978-08-18,211.7500
1978-08-21,204.9000
1978-08-22,207.4000
1978-08-23,200.2000
1978-08-24,203.0000
1978-08-25,198.0000
1978-08-29,199.7000
1978-08-30,204.8000
1978-08-31,208.7000
1978-09-01,208.0000
1978-09-04,211.5000
1978-09-05,209.4500
1978-09-06,212.0000
1978-09-07,210.5000
1978-09-08,205.9000
1978-09-11,205.6500
1978-09-12,208.0000
1978-09-13,209.7000
1978-09-14,209.2500
1978-09-15,212.1500
1978-09-18,210.0000
1978-09-19,211.4500
1978-09-20,213.6000
1978-09-21,215.6500
1978-09-22,214.3500
1978-09-25,218.4000
1978-09-26,218.2500
1978-09-27,214.8000
1978-09-28,217.9000
1978-09-29,217.1000
1978-10-02,217.1000
1978-10-03,221.4000
1978-10-04,223.5000
1978-10-05,222.7000
1978-10-06,223.1000
1978-10-09,222.4500
1978-10-10,225.3000
1978-10-11,226.3000
1978-10-12,225.5500
1978-10-13,224.5000
1978-10-16,223.4000
1978-10-17,227.7500
1978-10-18,229.0000
1978-10-19,225.6500
1978-10-20,227.9500
1978-10-23,226.7500
1978-10-24,225.8000
1978-10-25,230.9000
1978-10-26,233.7000
1978-10-27,234.5000
1978-10-30,242.7500
1978-10-31,242.6000
1978-11-01,227.5000
1978-11-02,221.5000
1978-11-03,215.2000
1978-11-06,210.0000
1978-11-07,216.3500
1978-11-08,218.8000
1978-11-09,213.7000
1978-11-10,206.2500
1978-11-13,208.1000
1978-11-14,211.0000
1978-11-15,204.1500
1978-11-16,196.3000
1978-11-17,197.9500
1978-11-20,198.8500
1978-11-21,200.2000
1978-11-22,199.0000
1978-11-23,202.5000
1978-11-24,202.7000
1978-11-27,198.4000
1978-11-28,196.1500
1978-11-29,195.6000
1978-11-30,193.4000
1978-12-01,194.6500
1978-12-04,199.2500
1978-12-05,196.4000
1978-12-06,196.2500
1978-12-07,198.3000
1978-12-08,202.0000
1978-12-11,207.0000
1978-12-12,201.9000
1978-12-13,202.8500
1978-12-14,204.0000
1978-12-15,205.6000
1978-12-18,212.9000
1978-12-19,216.3000
1978-12-20,216.6000
1978-12-21,212.6000
1978-12-22,215.1000
1978-12-27,220.5000
1978-12-28,220.6500
1978-12-29,226.0000
1979-01-02,226.8000
1979-01-03,218.6000
1979-01-04,223.1500
1979-01-05,225.5000
1979-01-08,223.1000
1979-01-09,224.0000
1979-01-10,220.7000
1979-01-11,220.6500
1979-01-12,217.6000
1979-01-15,216.8500
1979-01-16,220.6500
1979-01-17,227.2500
1979-01-18,231.7500
1979-01-19,230.5500
1979-01-22,235.0000
1979-01-23,230.0000
1979-01-24,236.1000
1979-01-25,233.8500
1979-01-26,235.4500
1979-01-29,235.2000
1979-01-30,233.5000
1979-01-31,233.7000
1979-02-01,229.3500
1979-02-02,230.3000
1979-02-05,243.1000
1979-02-06,244.5000
1979-02-07,251.6000
1979-02-08,250.5000
1979-02-09,246.7500
1979-02-12,244.2500
1979-02-13,240.6000
1979-02-14,240.6500
1979-02-15,247.7500
1979-02-16,247.0500
1979-02-19,248.1000
1979-02-20,247.0000
1979-02-21,250.7500
1979-02-22,252.3500
1979-02-23,251.0000
1979-02-26,248.6000
1979-02-27,247.9000
1979-02-28,251.3000
1979-03-01,248.8000
1979-03-02,248.0000
1979-03-05,238.1500
1979-03-06,239.7500
1979-03-07,242.2500
1979-03-08,239.2000
1979-03-09,241.0000
1979-03-12,240.0000
1979-03-13,239.1000
1979-03-14,239.5000
1979-03-15,240.1000
1979-03-16,244.0000
1979-03-19,242.2500
1979-03-20,242.1000
1979-03-21,239.9000
1979-03-22,242.8500
1979-03-23,242.5000
1979-03-26,245.2500
1979-03-27,244.3500
1979-03-28,244.4000
1979-03-29,241.5000
1979-03-30,240.1000
1979-04-02,239.7000
1979-04-03,240.0000
1979-04-04,239.7500
1979-04-05,240.6500
1979-04-06,239.7500
1979-04-09,240.2000
1979-04-10,239.7500
1979-04-11,238.3500
1979-04-12,233.9500
1979-04-17,231.9000
1979-04-18,233.2000
1979-04-19,240.9000
1979-04-20,236.4000
1979-04-23,236.8500
1979-04-24,239.7000
1979-04-25,241.8000
1979-04-26,242.2000
1979-04-27,243.7000
1979-04-30,245.3000
1979-05-01,247.3000
1979-05-02,246.3000
1979-05-03,246.5000
1979-05-04,248.4500
1979-05-08,248.9500
1979-05-09,247.9500
1979-05-10,252.2500
1979-05-11,251.5000
1979-05-14,251.0000
1979-05-15,255.5000
1979-05-16,256.5000
1979-05-17,256.8000
1979-05-18,256.4000
1979-05-21,262.0000
1979-05-22,265.4000
1979-05-23,264.1500
1979-05-24,263.7500
1979-05-25,270.6000
1979-05-29,273.8000
1979-05-30,270.2500
1979-05-31,274.6000
1979-06-01,275.1000
1979-06-04,272.9000
1979-06-05,274.7500
1979-06-06,280.0000
1979-06-07,276.0500
1979-06-08,280.0000
1979-06-11,282.3500
1979-06-12,277.7500
1979-06-13,276.6000
1979-06-14,279.0000
1979-06-15,280.0000
1979-06-18,278.0000
1979-06-19,280.3000
1979-06-20,281.3500
1979-06-21,282.3000
1979-06-22,283.4500
1979-06-25,283.8500
1979-06-26,281.4500
1979-06-27,281.8000
1979-06-28,275.9000
1979-06-29,277.5000
1979-07-02,282.5000
1979-07-03,281.3500
1979-07-04,283.5000
1979-07-05,288.2500
1979-07-06,290.2500
1979-07-09,287.8500
1979-07-10,290.5000
1979-07-11,290.3000
1979-07-12,290.7500
1979-07-13,287.4500
1979-07-16,292.8000
1979-07-17,296.3000
1979-07-18,302.1500
1979-07-19,299.1500
1979-07-20,298.7500
1979-07-23,304.9000
1979-07-24,305.2500
1979-07-25,303.3500
1979-07-26,305.2000
1979-07-27,305.8000
1979-07-30,301.4000
1979-07-31,296.4500
1979-08-01,290.1000
1979-08-02,291.5000
1979-08-03,286.5000
1979-08-06,282.7000
1979-08-07,285.1000
1979-08-08,289.0000
1979-08-09,297.1000
1979-08-10,303.7500
1979-08-13,298.7500
1979-08-14,292.0000
1979-08-15,301.8500
1979-08-16,297.8500
1979-08-17,300.5500
1979-08-20,298.7500
1979-08-21,300.5000
1979-08-22,311.0000
1979-08-23,310.0500
1979-08-24,314.7500
1979-08-28,316.7500
1979-08-29,315.2000
1979-08-30,319.1500
1979-08-31,315.1000
1979-09-03,322.9000
1979-09-04,325.0000
1979-09-05,329.0000
1979-09-06,335.5000
1979-09-07,329.1500
1979-09-10,336.3000
1979-09-11,339.5000
1979-09-12,337.1000
1979-09-13,332.9500
1979-09-14,345.8000
1979-09-17,351.7500
1979-09-18,375.7500
1979-09-19,369.0000
1979-09-20,380.0000
1979-09-21,369.0000
1979-09-24,380.4000
1979-09-25,376.7000
1979-09-26,373.7500
1979-09-27,395.5000
1979-09-28,397.2500
1979-10-01,414.7500
1979-10-02,426.0000
1979-10-03,402.0000
1979-10-04,384.0000
1979-10-05,385.0000
1979-10-08,372.0000
1979-10-09,385.8000
1979-10-10,413.0000
1979-10-11,401.5000
1979-10-12,395.0000
1979-10-15,402.9000
1979-10-16,394.2500
1979-10-17,386.0000
1979-10-18,380.5000
1979-10-19,393.0000
1979-10-22,392.0000
1979-10-23,385.0000
1979-10-24,395.0000
1979-10-25,391.8000
1979-10-26,375.0000
1979-10-29,374.0000
1979-10-30,377.6000
1979-10-31,382.0000
1979-11-01,378.5000
1979-11-02,372.8000
1979-11-05,381.0000
1979-11-06,384.3000
1979-11-07,395.0000
1979-11-08,389.5000
1979-11-09,389.5000
1979-11-12,393.2500
1979-11-13,387.2000
1979-11-14,390.0000
1979-11-15,386.0000
1979-11-16,390.3500
1979-11-19,389.8500
1979-11-20,387.7500
1979-11-21,396.1500
1979-11-22,393.1500
1979-11-23,392.0000
1979-11-26,395.2500
1979-11-27,393.7500
1979-11-28,411.2000
1979-11-29,411.7000
1979-11-30,415.6500
1979-12-03,428.7500
1979-12-04,431.2000
1979-12-05,426.4000
1979-12-06,433.7500
1979-12-07,430.4000
1979-12-10,431.1500
1979-12-11,445.5000
1979-12-12,446.2500
1979-12-13,458.8000
1979-12-14,456.8000
1979-12-17,469.5000
1979-12-18,477.7500
1979-12-19,488.5000
1979-12-20,471.5000
1979-12-21,473.1000
1979-12-28,512.0000
1980-01-02,559.5000
1980-01-03,634.0000
1980-01-04,588.0000
1980-01-07,633.5000
1980-01-08,610.0000
1980-01-09,607.2000
1980-01-10,602.8500
1980-01-11,623.0000
1980-01-14,660.0000
1980-01-15,684.0000
1980-01-16,760.0000
1980-01-17,750.0000
1980-01-18,835.0000
1980-01-21,850.0000
1980-01-22,737.5000
1980-01-23,695.0000
1980-01-24,717.0000
1980-01-25,668.0000
1980-01-28,624.0000
1980-01-29,674.2500
1980-01-30,691.0000
1980-01-31,653.0000
1980-02-01,676.5000
1980-02-04,669.7500
1980-02-05,682.0000
1980-02-06,709.0000
1980-02-07,699.2500
1980-02-08,692.0000
1980-02-11,710.5000
1980-02-12,694.5000
1980-02-13,696.7500
1980-02-14,682.0000
1980-02-15,667.0000
1980-02-18,661.5000
1980-02-19,652.2500
1980-02-20,606.0000
1980-02-21,665.0000
1980-02-22,630.0000
1980-02-25,616.5000
1980-02-26,642.2500
1980-02-27,636.0000
1980-02-28,646.0000
1980-02-29,637.0000
1980-03-03,633.7500
1980-03-04,631.2500
1980-03-05,643.5000
1980-03-06,626.0000
1980-03-07,609.0000
1980-03-10,585.0000
1980-03-11,570.2500
1980-03-12,585.7000
1980-03-13,556.5000
1980-03-14,523.0000
1980-03-17,484.0000
1980-03-18,481.5000
1980-03-19,527.0000
1980-03-20,561.0000
1980-03-21,525.0000
1980-03-24,558.2500
1980-03-25,547.2500
1980-03-26,507.5000
1980-03-27,485.2500
1980-03-28,490.0000
1980-03-31,494.5000
1980-04-01,509.5000
1980-04-02,500.5000
1980-04-03,485.7500
1980-04-08,528.0000
1980-04-09,554.0000
1980-04-10,526.0000
1980-04-11,530.5000
1980-04-14,529.7500
1980-04-15,497.5000
1980-04-16,520.0000
1980-04-17,513.0000
1980-04-18,515.6000
1980-04-21,506.0000
1980-04-22,502.4000
1980-04-23,506.5000
1980-04-24,515.7000
1980-04-25,551.5000
1980-04-28,524.2500
1980-04-29,513.7500
1980-04-30,518.0000
1980-05-01,490.0000
1980-05-02,512.5000
1980-05-06,512.5000
1980-05-07,510.0000
1980-05-08,515.7500
1980-05-09,508.2500
1980-05-12,513.2500
1980-05-13,512.0000
1980-05-14,525.0000
1980-05-15,517.0000
1980-05-16,516.5000
1980-05-19,513.7500
1980-05-20,507.7500
1980-05-21,513.5000
1980-05-22,501.0000
1980-05-23,511.2500
1980-05-27,514.8000
1980-05-28,526.5000
1980-05-29,519.6000
1980-05-30,535.5000
1980-06-02,561.5000
1980-06-03,552.5000
1980-06-04,571.5000
1980-06-05,581.7500
1980-06-06,597.0000
1980-06-09,623.7500
1980-06-10,604.0000
1980-06-11,596.0000
1980-06-12,590.0000
1980-06-13,608.4000
1980-06-16,595.0000
1980-06-17,591.7500
1980-06-18,602.5000
1980-06-19,599.0000
1980-06-20,602.9000
1980-06-23,596.5000
1980-06-24,603.0000
1980-06-25,622.5000
1980-06-26,624.5000
1980-06-27,637.5000
1980-06-30,653.5000
1980-07-01,660.0000
1980-07-02,661.5000
1980-07-03,663.5000
1980-07-04,666.5000
1980-07-07,667.5000
1980-07-08,687.5000
1980-07-09,671.0000
1980-07-10,656.5000
1980-07-11,667.0000
1980-07-14,650.0000
1980-07-15,619.5000
1980-07-16,624.7500
1980-07-17,627.2500
1980-07-18,606.0000
1980-07-21,617.5000
1980-07-22,613.0000
1980-07-23,631.2500
1980-07-24,643.0000
1980-07-25,651.7500
1980-07-28,643.5000
1980-07-29,646.7500
1980-07-30,629.0000
1980-07-31,614.2500
1980-08-01,622.0000
1980-08-04,630.7500
1980-08-05,630.5000
1980-08-06,627.7500
1980-08-07,629.5000
1980-08-08,630.0000
1980-08-11,617.0000
1980-08-12,605.0000
1980-08-13,615.2500
1980-08-14,626.0000
1980-08-15,624.5000
1980-08-18,612.2500
1980-08-19,624.0000
1980-08-20,634.7500
1980-08-21,645.2500
1980-08-22,639.2000
1980-08-26,628.8500
1980-08-27,633.8500
1980-08-28,635.3000
1980-08-29,631.2500
1980-09-01,628.7500
1980-09-02,640.0000
1980-09-03,636.7500
1980-09-04,647.2500
1980-09-05,651.0000
1980-09-08,672.0000
1980-09-09,670.5000
1980-09-10,686.5000
1980-09-11,674.0000
1980-09-12,685.5000
1980-09-15,666.5000
1980-09-16,668.0000
1980-09-17,673.0000
1980-09-18,672.0000
1980-09-19,674.0000
1980-09-22,710.0000
1980-09-23,711.0000
1980-09-24,710.5000
1980-09-25,697.7500
1980-09-26,698.7500
1980-09-29,679.2500
1980-09-30,666.7500
1980-10-01,682.0000
1980-10-02,665.7500
1980-10-03,660.5000
1980-10-06,675.5000
1980-10-07,678.1500
1980-10-08,677.0000
1980-10-09,690.0000
1980-10-10,685.2500
1980-10-13,679.7500
1980-10-14,668.5000
1980-10-15,678.0000
1980-10-16,674.0000
1980-10-17,670.5000
1980-10-20,657.0000
1980-10-21,652.5000
1980-10-22,660.0000
1980-10-23,634.5000
1980-10-24,633.0000
1980-10-27,637.2500
1980-10-28,631.7500
1980-10-29,644.0000
1980-10-30,642.5000
1980-10-31,629.0000
1980-11-03,640.5000
1980-11-04,646.0000
1980-11-05,652.0000
1980-11-06,632.0000
1980-11-07,596.0000
1980-11-10,612.5000
1980-11-11,598.5000
1980-11-12,619.5000
1980-11-13,622.0000
1980-11-14,612.5000
1980-11-17,611.7500
1980-11-18,619.0000
1980-11-19,629.7500
1980-11-20,630.5000
1980-11-21,634.7500
1980-11-24,631.0000
1980-11-25,616.2500
1980-11-26,623.0000
1980-11-27,622.0000
1980-11-28,619.7500
1980-12-01,635.0000
1980-12-02,627.0000
1980-12-03,627.2500
1980-12-04,631.5000
1980-12-05,617.0000
1980-12-08,617.2500
1980-12-09,604.0000
1980-12-10,579.0000
1980-12-11,558.0000
1980-12-12,562.7500
1980-12-15,579.0000
1980-12-16,561.0000
1980-12-17,575.5000
1980-12-18,573.5000
1980-12-19,575.0000
1980-12-22,594.7500
1980-12-23,602.5000
1980-12-29,593.7500
1980-12-30,589.7500
1981-01-05,597.5000
1981-01-06,599.2500
1981-01-07,585.0000
1981-01-08,574.7500
1981-01-09,577.7500
1981-01-12,562.0000
1981-01-13,562.7500
1981-01-14,556.5000
1981-01-15,571.5000
1981-01-16,560.7500
1981-01-19,566.7500
1981-01-20,562.0000
1981-01-21,578.0000
1981-01-22,564.0000
1981-01-23,553.0000
1981-01-26,528.5000
1981-01-27,524.0000
1981-01-28,523.5000
1981-01-29,493.7500
1981-01-30,506.5000
1981-02-02,493.5000
1981-02-03,486.2500
1981-02-04,505.0000
1981-02-05,498.5000
1981-02-06,500.5000
1981-02-09,512.5000
1981-02-10,519.5000
1981-02-11,501.0000
1981-02-12,490.2500
1981-02-13,491.5000
1981-02-16,490.2500
1981-02-17,500.7500
1981-02-18,505.0000
1981-02-19,503.2500
1981-02-20,511.5000
1981-02-23,501.5000
1981-02-24,503.0000
1981-02-25,500.5000
1981-02-26,492.0000
1981-02-27,489.0000
1981-03-02,465.5000
1981-03-03,471.0000
1981-03-04,465.5000
1981-03-05,461.5000
1981-03-06,467.0000
1981-03-09,474.2500
1981-03-10,487.2500
1981-03-11,476.2500
1981-03-12,478.0000
1981-03-13,492.0000
1981-03-16,499.7500
1981-03-17,493.2500
1981-03-18,506.0000
1981-03-19,510.0000
1981-03-20,516.7500
1981-03-23,526.0000
1981-03-24,536.2500
1981-03-25,528.0000
1981-03-26,539.5000
1981-03-27,538.7500
1981-03-30,526.5000
1981-03-31,513.7500
1981-04-01,514.2500
1981-04-02,519.5000
1981-04-03,523.0000
1981-04-06,533.7500
1981-04-07,514.2500
1981-04-08,508.5000
1981-04-09,503.0000
1981-04-10,493.5000
1981-04-13,473.7500
1981-04-14,483.0000
1981-04-15,476.2500
1981-04-16,482.5000
1981-04-21,481.0000
1981-04-22,501.0000
1981-04-23,488.5000
1981-04-24,494.5000
1981-04-27,483.0000
1981-04-28,482.7500
1981-04-29,477.2500
1981-04-30,482.7500
1981-05-01,487.5000
1981-05-05,476.2500
1981-05-06,482.0000
1981-05-07,477.7500
1981-05-08,485.7500
1981-05-11,493.0000
1981-05-12,484.0000
1981-05-13,484.2500
1981-05-14,476.5000
1981-05-15,485.0000
1981-05-18,481.7500
1981-05-19,481.5000
1981-05-20,479.7500
1981-05-21,475.0000
1981-05-22,472.7500
1981-05-26,466.5000
1981-05-27,466.7500
1981-05-28,479.0000
1981-05-29,479.2500
1981-06-01,483.2500
1981-06-02,474.0000
1981-06-03,475.5000
1981-06-04,462.5000
1981-06-05,460.0000
1981-06-08,473.5000
1981-06-09,460.5000
1981-06-10,465.2500
1981-06-11,464.2500
1981-06-12,472.0000
1981-06-15,471.7500
1981-06-16,461.5000
1981-06-17,461.7500
1981-06-18,459.0000
1981-06-19,458.2500
1981-06-22,462.0000
1981-06-23,466.5000
1981-06-24,462.0000
1981-06-25,446.5000
1981-06-26,442.0000
1981-06-29,428.7500
1981-06-30,426.0000
1981-07-01,422.0000
1981-07-02,414.5000
1981-07-03,414.0000
1981-07-06,403.7500
1981-07-07,405.0000
1981-07-08,397.7500
1981-07-09,406.2500
1981-07-10,416.5000
1981-07-13,413.0000
1981-07-14,402.2500
1981-07-15,412.2500
1981-07-16,418.2500
1981-07-17,415.0000
1981-07-20,412.5000
1981-07-21,406.0000
1981-07-22,411.5000
1981-07-23,407.7500
1981-07-24,407.5000
1981-07-27,408.7500
1981-07-28,401.5000
1981-07-30,402.2500
1981-07-31,406.0000
1981-08-03,392.5000
1981-08-04,391.2500
1981-08-05,392.4000
1981-08-06,393.2500
1981-08-07,397.2500
1981-08-10,393.7500
1981-08-11,401.0000
1981-08-12,417.5000
1981-08-13,407.2500
1981-08-14,413.0000
1981-08-17,411.5000
1981-08-18,420.0000
1981-08-19,431.5000
1981-08-20,429.0000
1981-08-21,429.5000
1981-08-24,422.0000
1981-08-25,409.7500
1981-08-26,414.0000
1981-08-27,411.7500
1981-08-28,425.0000
1981-09-01,421.5000
1981-09-02,430.0000
1981-09-03,436.5000
1981-09-04,439.5000
1981-09-07,436.5000
1981-09-08,439.0000
1981-09-09,436.7500
1981-09-10,451.5000
1981-09-11,448.2500
1981-09-14,451.2500
1981-09-15,456.0000
1981-09-16,449.0000
1981-09-17,459.0000
1981-09-18,447.0000
1981-09-21,463.5000
1981-09-22,462.0000
1981-09-23,456.5000
1981-09-24,446.2500
1981-09-25,450.5000
1981-09-28,421.5000
1981-09-29,431.7500
1981-09-30,428.7500
1981-10-01,436.7500
1981-10-02,435.0000
1981-10-05,441.2500
1981-10-06,443.0000
1981-10-07,445.5000
1981-10-08,443.2500
1981-10-09,453.5000
1981-10-12,449.5000
1981-10-13,443.2500
1981-10-14,444.2500
1981-10-15,446.6500
1981-10-16,443.7500
1981-10-19,436.7000
1981-10-20,437.3000
1981-10-21,429.0000
1981-10-22,433.7500
1981-10-23,432.5000
1981-10-26,426.0000
1981-10-27,427.4000
1981-10-28,430.8000
1981-10-29,424.5000
1981-10-30,427.0000
1981-11-02,430.0000
1981-11-03,428.2500
1981-11-04,431.2500
1981-11-05,428.5000
1981-11-06,428.2500
1981-11-09,429.7500
1981-11-10,418.5000
1981-11-11,412.0000
1981-11-12,411.5000
1981-11-13,412.5000
1981-11-16,404.2500
1981-11-17,398.7500
1981-11-18,403.7500
1981-11-19,401.0000
1981-11-20,401.5000
1981-11-23,396.7500
1981-11-24,399.2500
1981-11-25,409.5000
1981-11-26,409.5000
1981-11-27,411.5000
1981-11-30,414.5000
1981-12-01,402.5000
1981-12-02,406.7500
1981-12-03,416.5000
1981-12-04,426.0000
1981-12-07,416.7500
1981-12-08,415.2500
1981-12-09,410.2500
1981-12-10,405.5000
1981-12-11,409.7500
1981-12-14,417.5000
1981-12-15,413.2500
1981-12-16,416.7500
1981-12-17,416.2500
1981-12-18,415.7500
1981-12-21,410.5000
1981-12-22,399.6000
1981-12-23,400.4000
1981-12-29,395.0000
1981-12-30,397.5000
1982-01-04,395.0000
1982-01-05,403.5000
1982-01-06,401.5000
1982-01-07,396.5000
1982-01-08,400.2500
1982-01-11,388.2500
1982-01-12,389.0000
1982-01-13,380.0000
1982-01-14,374.7500
1982-01-15,379.2500
1982-01-18,373.7500
1982-01-19,375.2500
1982-01-20,371.5000
1982-01-21,376.0000
1982-01-22,377.2500
1982-01-25,372.0000
1982-01-26,376.5000
1982-01-27,381.7500
1982-01-28,383.5000
1982-01-29,387.0000
1982-02-01,379.5000
1982-02-02,379.1500
1982-02-03,378.0000
1982-02-04,383.7500
1982-02-05,384.2500
1982-02-08,379.7500
1982-02-09,378.5000
1982-02-10,382.1500
1982-02-11,380.0000
1982-02-12,377.5000
1982-02-15,375.2500
1982-02-16,375.2500
1982-02-17,374.0000
1982-02-18,369.2500
1982-02-19,369.2500
1982-02-22,364.2500
1982-02-23,361.0000
1982-02-24,362.7500
1982-02-25,366.4500
1982-02-26,362.6000
1982-03-01,361.2500
1982-03-02,361.2500
1982-03-03,353.7500
1982-03-04,346.5000
1982-03-05,342.4000
1982-03-08,330.5000
1982-03-09,329.2500
1982-03-10,333.0000
1982-03-11,331.7500
1982-03-12,323.2500
1982-03-15,312.0000
1982-03-16,324.5000
1982-03-17,316.0000
1982-03-18,320.0000
1982-03-19,315.7500
1982-03-22,320.8000
1982-03-23,329.2500
1982-03-24,331.7500
1982-03-25,327.7500
1982-03-26,322.2500
1982-03-29,318.5000
1982-03-30,324.2500
1982-03-31,320.0000
1982-04-01,327.0000
1982-04-02,327.7500
1982-04-05,337.5000
1982-04-06,345.5000
1982-04-07,354.0000
1982-04-08,351.5000
1982-04-13,353.5000
1982-04-14,366.7500
1982-04-15,363.2500
1982-04-16,362.7500
1982-04-19,357.0000
1982-04-20,343.0000
1982-04-21,346.7500
1982-04-22,345.0000
1982-04-23,352.2500
1982-04-26,357.0000
1982-04-27,351.7500
1982-04-28,354.5000
1982-04-29,348.7500
1982-04-30,361.2500
1982-05-04,341.7500
1982-05-05,338.4000
1982-05-06,334.5000
1982-05-07,334.7500
1982-05-10,329.0000
1982-05-11,332.2500
1982-05-12,331.5000
1982-05-13,331.0000
1982-05-14,333.2500
1982-05-17,338.5000
1982-05-18,338.0000
1982-05-19,342.0000
1982-05-20,342.5000
1982-05-21,338.5000
1982-05-24,329.0000
1982-05-25,327.9000
1982-05-26,330.2500
1982-05-27,324.2500
1982-05-28,325.2500
1982-06-01,318.7500
1982-06-02,318.5000
1982-06-03,320.3500
1982-06-04,318.7500
1982-06-07,325.2500
1982-06-08,328.7500
1982-06-09,326.0000
1982-06-10,326.7500
1982-06-11,325.2500
1982-06-14,320.7500
1982-06-15,315.0000
1982-06-16,317.0000
1982-06-17,309.0000
1982-06-18,308.7500
1982-06-21,296.7500
1982-06-22,304.0000
1982-06-23,304.0000
1982-06-24,310.2500
1982-06-25,305.5000
1982-06-28,303.7500
1982-06-29,309.0000
1982-06-30,317.5000
1982-07-01,310.2500
1982-07-02,312.7500
1982-07-05,315.2500
1982-07-06,311.0000
1982-07-07,306.7500
1982-07-08,313.5000
1982-07-09,328.5000
1982-07-12,343.0000
1982-07-13,352.5000
1982-07-14,352.7500
1982-07-15,350.2500
1982-07-16,347.0000
1982-07-19,347.5000
1982-07-20,347.7500
1982-07-21,366.5000
1982-07-22,353.0000
1982-07-23,363.2500
1982-07-26,352.2500
1982-07-27,351.2500
1982-07-28,347.0000
1982-07-29,342.5000
1982-07-30,342.9000
1982-08-02,351.3500
1982-08-03,349.2500
1982-08-04,346.2500
1982-08-05,346.5000
1982-08-06,344.7500
1982-08-09,336.0000
1982-08-10,338.2500
1982-08-11,333.5000
1982-08-12,334.7500
1982-08-13,338.0000
1982-08-16,341.7500
1982-08-17,337.7500
1982-08-18,357.7500
1982-08-19,356.6500
1982-08-20,386.5000
1982-08-23,394.5000
1982-08-24,407.7500
1982-08-25,401.0000
1982-08-26,417.0000
1982-08-27,418.0000
1982-08-31,411.5000
1982-09-01,405.2500
1982-09-02,409.7500
1982-09-03,455.0000
1982-09-06,474.0000
1982-09-07,481.0000
1982-09-08,458.0000
1982-09-09,466.0000
1982-09-10,453.0000
1982-09-13,439.0000
1982-09-14,454.2500
1982-09-15,443.2500
1982-09-16,448.5000
1982-09-17,441.5000
1982-09-20,424.2500
1982-09-21,426.5000
1982-09-22,443.7500
1982-09-23,435.8500
1982-09-24,431.0000
1982-09-27,413.7500
1982-09-28,410.5000
1982-09-29,409.7500
1982-09-30,397.0000
1982-10-01,402.0000
1982-10-04,387.5000
1982-10-05,390.2500
1982-10-06,404.0000
1982-10-07,418.5000
1982-10-08,433.0000
1982-10-11,430.0000
1982-10-12,441.2500
1982-10-13,428.7500
1982-10-14,448.0000
1982-10-15,432.5000
1982-10-18,428.2500
1982-10-19,441.5000
1982-10-20,422.0000
1982-10-21,432.5000
1982-10-22,428.0000
1982-10-25,418.6000
1982-10-26,419.2500
1982-10-27,417.7500
1982-10-28,418.2500
1982-10-29,423.2500
1982-11-01,427.2500
1982-11-02,431.0000
1982-11-03,427.5000
1982-11-04,424.7500
1982-11-05,417.5000
1982-11-08,407.2500
1982-11-09,409.2500
1982-11-10,411.0000
1982-11-11,401.2500
1982-11-12,398.0000
1982-11-15,403.2500
1982-11-16,407.5000
1982-11-17,412.5000
1982-11-18,408.5000
1982-11-19,417.6000
1982-11-22,410.5000
1982-11-23,406.0000
1982-11-24,409.2500
1982-11-25,410.5000
1982-11-26,417.7500
1982-11-29,434.0000
1982-11-30,436.0000
1982-12-01,440.2500
1982-12-02,446.2500
1982-12-03,441.2500
1982-12-06,445.2500
1982-12-07,454.5000
1982-12-08,445.0000
1982-12-09,437.5000
1982-12-10,435.7500
1982-12-13,438.7500
1982-12-14,449.4000
1982-12-15,437.5000
1982-12-16,440.2500
1982-12-17,437.0000
1982-12-20,440.2500
1982-12-21,442.2500
1982-12-22,447.2500
1982-12-23,445.7500
1982-12-29,460.5000
1982-12-30,456.9000
1983-01-04,449.5000
1983-01-05,454.0000
1983-01-06,454.5000
1983-01-07,465.0000
1983-01-10,474.0000
1983-01-11,484.5000
1983-01-12,480.5000
1983-01-13,488.2500
1983-01-14,483.2500
1983-01-17,498.5000
1983-01-18,485.0000
1983-01-19,495.5000
1983-01-20,487.2500
1983-01-21,485.0000
1983-01-24,476.0000
1983-01-25,488.7500
1983-01-26,486.5000
1983-01-27,496.5000
1983-01-28,493.7500
1983-01-31,499.5000
1983-02-01,508.5000
1983-02-02,498.2500
1983-02-03,503.5000
1983-02-04,498.5000
1983-02-07,490.2500
1983-02-08,497.2500
1983-02-09,492.2500
1983-02-10,496.0000
1983-02-11,504.5000
1983-02-14,500.5000
1983-02-15,509.2500
1983-02-16,508.5000
1983-02-17,504.7500
1983-02-18,503.5000
1983-02-21,504.5000
1983-02-22,485.5000
1983-02-23,470.2500
1983-02-24,475.0000
1983-02-25,464.7500
1983-02-28,408.5000
1983-03-01,414.0000
1983-03-02,430.0000
1983-03-03,429.5000
1983-03-04,412.5000
1983-03-07,420.7500
1983-03-08,417.5000
1983-03-09,426.0000
1983-03-10,434.7500
1983-03-11,420.5000
1983-03-14,428.5000
1983-03-15,434.5000
1983-03-16,419.0000
1983-03-17,416.5000
1983-03-18,421.7500
1983-03-21,414.5000
1983-03-22,421.2500
1983-03-23,410.0000
1983-03-24,415.5000
1983-03-25,411.7500
1983-03-28,408.7500
1983-03-29,412.7500
1983-03-30,418.0000
1983-03-31,414.7500
1983-04-05,426.7500
1983-04-06,428.5000
1983-04-07,425.7500
1983-04-08,421.2500
1983-04-11,426.7500
1983-04-12,432.7500
1983-04-13,429.2500
1983-04-14,435.5000
1983-04-15,436.5000
1983-04-18,443.0000
1983-04-19,439.5000
1983-04-20,433.7500
1983-04-21,439.5000
1983-04-22,437.0000
1983-04-25,441.5000
1983-04-26,435.5000
1983-04-27,434.2500
1983-04-28,428.5000
1983-04-29,429.2500
1983-05-03,433.5000
1983-05-04,432.7500
1983-05-05,433.7500
1983-05-06,431.2500
1983-05-09,434.0000
1983-05-10,443.7500
1983-05-11,443.0000
1983-05-12,439.7500
1983-05-13,441.2500
1983-05-16,436.2500
1983-05-17,440.7500
1983-05-18,442.7500
1983-05-19,442.6000
1983-05-20,438.7500
1983-05-23,432.7500
1983-05-24,436.8000
1983-05-25,441.7500
1983-05-26,440.0000
1983-05-27,437.2500
1983-05-31,437.5000
1983-06-01,410.0000
1983-06-02,412.5000
1983-06-03,411.5000
1983-06-06,407.7500
1983-06-07,400.2500
1983-06-08,403.0000
1983-06-09,407.7500
1983-06-10,411.2500
1983-06-13,413.0000
1983-06-14,407.9000
1983-06-15,408.2500
1983-06-16,412.5000
1983-06-17,415.5000
1983-06-20,415.7500
1983-06-21,414.7500
1983-06-22,420.5000
1983-06-23,420.5000
1983-06-24,423.5000
1983-06-27,419.5000
1983-06-28,416.0000
1983-06-29,414.8500
1983-06-30,416.0000
1983-07-01,416.2500
1983-07-04,416.0000
1983-07-05,410.7500
1983-07-06,411.6500
1983-07-07,412.2500
1983-07-08,426.0000
1983-07-11,430.5000
1983-07-12,429.0000
1983-07-13,427.2500
1983-07-14,426.2500
1983-07-15,422.2500
1983-07-18,422.4000
1983-07-19,423.7500
1983-07-20,428.2500
1983-07-21,429.7500
1983-07-22,423.5000
1983-07-25,422.0000
1983-07-26,425.5000
1983-07-27,426.2500
1983-07-28,425.5000
1983-07-29,422.0000
1983-08-01,411.2500
1983-08-02,414.2500
1983-08-03,411.0000
1983-08-04,414.0000
1983-08-05,409.7500
1983-08-08,408.5000
1983-08-09,413.0000
1983-08-10,408.2500
1983-08-11,411.7500
1983-08-12,412.4500
1983-08-15,416.0000
1983-08-16,420.5000
1983-08-17,422.5000
1983-08-18,421.5000
1983-08-19,417.7500
1983-08-22,421.7500
1983-08-23,426.4000
1983-08-24,424.0000
1983-08-25,423.2500
1983-08-26,417.0000
1983-08-30,418.1000
1983-08-31,414.2500
1983-09-01,416.6000
1983-09-02,417.5000
1983-09-05,419.1000
1983-09-06,418.2500
1983-09-07,413.2500
1983-09-08,414.0000
1983-09-09,414.7500
1983-09-12,415.7500
1983-09-13,406.7500
1983-09-14,401.7500
1983-09-15,405.2500
1983-09-16,405.5000
1983-09-19,412.2500
1983-09-20,412.3500
1983-09-21,411.2500
1983-09-22,407.7500
1983-09-23,413.0000
1983-09-26,415.0000
1983-09-27,412.2500
1983-09-28,413.6000
1983-09-29,408.7500
1983-09-30,405.0000
1983-10-03,389.0000
1983-10-04,393.5000
1983-10-05,389.5000
1983-10-06,394.0000
1983-10-07,397.4000
1983-10-10,401.0000
1983-10-11,399.0000
1983-10-12,394.7500
1983-10-13,398.6500
1983-10-14,398.7500
1983-10-17,395.0000
1983-10-18,397.2500
1983-10-19,394.0000
1983-10-20,389.7500
1983-10-21,394.2500
1983-10-24,394.5000
1983-10-25,398.0000
1983-10-26,392.6000
1983-10-27,384.5000
1983-10-28,387.7500
1983-10-31,382.0000
1983-11-01,377.7500
1983-11-02,383.0000
1983-11-03,377.7500
1983-11-04,381.0000
1983-11-07,379.0000
1983-11-08,382.2500
1983-11-09,383.0000
1983-11-10,381.8000
1983-11-11,382.0000
1983-11-14,382.6000
1983-11-15,383.2500
1983-11-16,383.2500
1983-11-17,375.7500
1983-11-18,375.2500
1983-11-21,374.2500
1983-11-22,376.5000
1983-11-23,375.7500
1983-11-24,375.5000
1983-11-25,376.1000
1983-11-28,394.2500
1983-11-29,391.5000
1983-11-30,405.0000
1983-12-01,399.2500
1983-12-02,400.7500
1983-12-05,397.2500
1983-12-06,397.0000
1983-12-07,399.7500
1983-12-08,401.0000
1983-12-09,388.7500
1983-12-12,391.2500
1983-12-13,389.2000
1983-12-14,389.0000
1983-12-15,388.7500
1983-12-16,377.2500
1983-12-19,375.0000
1983-12-20,378.1000
1983-12-21,378.6000
1983-12-22,378.9000
1983-12-28,378.0000
1983-12-29,382.4000
1984-01-03,383.0000
1984-01-04,374.0000
1984-01-05,375.2500
1984-01-06,375.2500
1984-01-09,365.2500
1984-01-10,371.2500
1984-01-11,367.7500
1984-01-12,368.5000
1984-01-13,373.2500
1984-01-16,369.1000
1984-01-17,367.7500
1984-01-18,368.7500
1984-01-19,374.7500
1984-01-20,371.2500
1984-01-23,371.3500
1984-01-24,365.1000
1984-01-25,366.5000
1984-01-26,367.0000
1984-01-27,370.0000
1984-01-30,369.8500
1984-01-31,373.7500
1984-02-01,378.1500
1984-02-02,383.2500
1984-02-03,383.1000
1984-02-06,380.8000
1984-02-07,379.7500
1984-02-08,386.2500
1984-02-09,383.0000
1984-02-10,377.6500
1984-02-13,376.8500
1984-02-14,376.0000
1984-02-15,383.0000
1984-02-16,383.9000
1984-02-17,382.1500
1984-02-20,385.2500
1984-02-21,389.0000
1984-02-22,395.2500
1984-02-23,398.2500
1984-02-24,395.7500
1984-02-27,393.5000
1984-02-28,399.2500
1984-02-29,394.2500
1984-03-01,392.7500
1984-03-02,399.0000
1984-03-05,405.8500
1984-03-06,402.5000
1984-03-07,398.7500
1984-03-08,397.2500
1984-03-09,399.9000
1984-03-12,395.7500
1984-03-13,397.2500
1984-03-14,399.7500
1984-03-15,394.5000
1984-03-16,392.7500
1984-03-19,393.6000
1984-03-20,393.8500
1984-03-21,392.3500
1984-03-22,389.3500
1984-03-23,387.9000
1984-03-26,387.4000
1984-03-27,388.8500
1984-03-28,385.7500
1984-03-29,390.2500
1984-03-30,388.5000
1984-04-02,387.2000
1984-04-03,380.4000
1984-04-04,381.2500
1984-04-05,381.2000
1984-04-06,380.2500
1984-04-09,382.4000
1984-04-10,381.3500
1984-04-11,384.5000
1984-04-12,381.9000
1984-04-13,379.2500
1984-04-16,380.1000
1984-04-17,380.2000
1984-04-18,380.5300
1984-04-19,384.9000
1984-04-24,383.2500
1984-04-25,382.3000
1984-04-26,379.9000
1984-04-27,379.2500
1984-04-30,375.8000
1984-05-01,376.5000
1984-05-02,377.3500
1984-05-03,378.5000
1984-05-04,376.7000
1984-05-08,371.5000
1984-05-09,372.6000
1984-05-10,371.7500
1984-05-11,372.5000
1984-05-14,372.5500
1984-05-15,373.2500
1984-05-16,375.2500
1984-05-17,376.5000
1984-05-18,375.6000
1984-05-21,380.7500
1984-05-22,379.5000
1984-05-23,378.5500
1984-05-24,375.6500
1984-05-25,384.2000
1984-05-29,385.6000
1984-05-30,386.4000
1984-05-31,384.2500
1984-06-01,393.7500
1984-06-04,391.0000
1984-06-05,393.7500
1984-06-06,391.6500
1984-06-07,392.2000
1984-06-08,386.0000
1984-06-11,382.5000
1984-06-12,375.0000
1984-06-13,374.0000
1984-06-14,375.6000
1984-06-15,368.0000
1984-06-18,367.9000
1984-06-19,370.6000
1984-06-20,370.0000
1984-06-21,370.7500
1984-06-22,374.2500
1984-06-25,369.2500
1984-06-26,369.5000
1984-06-27,369.3300
1984-06-28,372.9000
1984-06-29,373.0500
1984-07-02,370.0000
1984-07-03,368.3500
1984-07-04,369.0000
1984-07-05,364.8000
1984-07-06,353.2500
1984-07-09,338.5000
1984-07-10,344.2500
1984-07-11,339.2500
1984-07-12,341.1500
1984-07-13,345.0000
1984-07-16,350.1000
1984-07-17,347.1500
1984-07-18,345.7500
1984-07-19,350.2000
1984-07-20,342.0000
1984-07-23,335.0000
1984-07-24,338.5000
1984-07-25,341.7500
1984-07-26,344.2000
1984-07-27,335.2500
1984-07-30,338.5000
1984-07-31,342.3500
1984-08-01,339.0000
1984-08-02,344.0000
1984-08-03,349.2500
1984-08-06,349.2500
1984-08-07,342.0000
1984-08-08,344.5000
1984-08-09,344.2500
1984-08-10,346.7500
1984-08-13,343.5000
1984-08-14,354.0000
1984-08-15,350.9000
1984-08-16,352.2500
1984-08-17,352.0000
1984-08-20,349.3000
1984-08-21,346.0000
1984-08-22,345.0000
1984-08-23,351.2500
1984-08-24,350.0000
1984-08-28,349.7500
1984-08-29,350.5000
1984-08-30,347.2500
1984-08-31,348.2500
1984-09-03,344.5000
1984-09-04,341.2000
1984-09-05,338.2500
1984-09-06,340.5000
1984-09-07,339.7500
1984-09-10,338.4500
1984-09-11,340.3000
1984-09-12,338.5000
1984-09-13,336.8500
1984-09-14,341.4500
1984-09-17,335.2500
1984-09-18,336.7500
1984-09-19,340.0000
1984-09-20,338.7500
1984-09-21,343.5000
1984-09-24,347.7500
1984-09-25,345.0000
1984-09-26,346.1000
1984-09-27,345.2500
1984-09-28,343.7500
1984-10-01,345.4000
1984-10-02,345.2500
1984-10-03,348.5000
1984-10-04,346.2500
1984-10-05,343.8000
1984-10-08,341.6000
1984-10-09,341.0000
1984-10-10,337.7500
1984-10-11,338.1000
1984-10-12,338.9000
1984-10-15,338.6500
1984-10-16,339.5000
1984-10-17,340.5500
1984-10-18,339.5000
1984-10-19,339.5000
1984-10-22,338.4000
1984-10-23,340.0000
1984-10-24,340.0000
1984-10-25,338.5000
1984-10-26,337.6000
1984-10-29,336.2500
1984-10-30,335.5000
1984-10-31,333.5000
1984-11-01,333.8000
1984-11-02,343.1000
1984-11-05,342.4500
1984-11-06,346.1000
1984-11-07,347.6000
1984-11-08,347.1000
1984-11-09,346.8000
1984-11-12,345.7500
1984-11-13,350.4500
1984-11-14,345.8000
1984-11-15,343.7500
1984-11-16,345.0000
1984-11-19,343.4000
1984-11-20,342.6500
1984-11-21,340.3000
1984-11-22,341.9500
1984-11-23,341.5000
1984-11-26,336.9000
1984-11-27,332.9000
1984-11-28,329.0000
1984-11-29,330.6000
1984-11-30,329.0000
1984-12-03,329.5000
1984-12-04,332.0000
1984-12-05,329.9000
1984-12-06,330.7500
1984-12-07,327.0000
1984-12-10,326.2500
1984-12-11,326.7500
1984-12-12,324.5000
1984-12-13,324.2500
1984-12-14,322.5000
1984-12-17,315.0000
1984-12-18,309.0000
1984-12-19,309.3000
1984-12-20,307.5000
1984-12-21,311.0000
1984-12-28,309.2000
1984-12-31,308.3000
1985-01-02,305.5000
1985-01-03,302.3000
1985-01-04,303.1500
1985-01-07,298.2500
1985-01-08,302.0000
1985-01-09,300.5000
1985-01-10,303.8000
1985-01-11,304.2500
1985-01-14,299.0000
1985-01-15,301.8000
1985-01-16,302.7000
1985-01-17,305.5000
1985-01-18,308.0000
1985-01-21,307.2500
1985-01-22,306.9000
1985-01-23,300.2500
1985-01-24,300.8500
1985-01-25,298.8500
1985-01-28,297.7500
1985-01-29,303.2500
1985-01-30,302.9000
1985-01-31,306.6500
1985-02-01,303.6000
1985-02-04,301.2500
1985-02-05,302.0500
1985-02-06,302.8500
1985-02-07,301.6500
1985-02-08,299.8000
1985-02-11,300.1500
1985-02-12,302.5000
1985-02-13,303.2000
1985-02-14,304.1500
1985-02-15,304.0000
1985-02-18,304.5000
1985-02-19,302.6000
1985-02-20,302.9000
1985-02-21,299.8500
1985-02-22,298.4000
1985-02-25,284.2500
1985-02-26,285.7500
1985-02-27,290.8000
1985-02-28,287.7500
1985-03-01,287.2500
1985-03-04,288.6500
1985-03-05,287.9000
1985-03-06,287.4000
1985-03-07,289.6000
1985-03-08,291.0000
1985-03-11,291.0000
1985-03-12,288.4500
1985-03-13,290.2500
1985-03-14,290.7500
1985-03-15,292.7000
1985-03-18,298.8500
1985-03-19,316.7500
1985-03-20,324.0000
1985-03-21,318.5000
1985-03-22,315.5000
1985-03-25,314.6000
1985-03-26,323.7500
1985-03-27,330.4000
1985-03-28,326.2500
1985-03-29,329.2500
1985-04-01,321.1000
1985-04-02,318.7500
1985-04-03,321.2500
1985-04-04,316.7500
1985-04-09,323.1000
1985-04-10,327.2500
1985-04-11,332.2500
1985-04-12,329.9000
1985-04-15,334.2500
1985-04-16,330.5000
1985-04-17,327.3500
1985-04-18,329.7500
1985-04-19,327.0000
1985-04-22,327.7500
1985-04-23,326.6500
1985-04-24,322.0000
1985-04-25,322.5000
1985-04-26,323.5000
1985-04-29,322.5000
1985-04-30,321.3500
1985-05-01,312.5000
1985-05-02,313.2500
1985-05-03,312.7500
1985-05-07,313.5000
1985-05-08,312.8500
1985-05-09,315.1000
1985-05-10,314.5000
1985-05-13,321.0000
1985-05-14,326.5000
1985-05-15,322.7500
1985-05-16,320.1000
1985-05-17,322.5000
1985-05-20,323.3000
1985-05-21,314.9000
1985-05-22,316.2500
1985-05-23,315.4000
1985-05-24,314.7000
1985-05-28,311.2500
1985-05-29,312.0000
1985-05-30,314.6000
1985-05-31,314.0000
1985-06-03,318.1000
1985-06-04,315.6500
1985-06-05,314.2000
1985-06-06,314.8000
1985-06-07,314.3000
1985-06-10,312.0000
1985-06-11,315.0000
1985-06-12,314.5000
1985-06-13,313.7500
1985-06-14,318.2500
1985-06-17,318.9000
1985-06-18,323.7500
1985-06-19,325.4000
1985-06-20,318.1000
1985-06-21,313.4500
1985-06-24,314.6500
1985-06-25,315.5000
1985-06-26,316.7500
1985-06-27,315.0000
1985-06-28,317.7500
1985-07-01,313.9000
1985-07-02,308.2500
1985-07-03,310.3500
1985-07-04,310.5500
1985-07-05,311.6000
1985-07-08,309.2500
1985-07-09,314.8500
1985-07-10,314.8500
1985-07-11,313.5500
1985-07-12,315.6500
1985-07-15,315.8500
1985-07-16,321.7500
1985-07-17,325.6000
1985-07-18,320.0000
1985-07-19,318.9000
1985-07-22,317.2500
1985-07-23,322.5000
1985-07-24,317.7500
1985-07-25,317.4000
1985-07-26,316.9500
1985-07-29,326.5000
1985-07-30,325.2500
1985-07-31,327.5000
1985-08-01,322.1000
1985-08-02,320.5000
1985-08-05,323.7500
1985-08-06,319.8000
1985-08-07,321.1500
1985-08-08,322.5000
1985-08-09,321.6500
1985-08-12,326.6500
1985-08-13,326.5000
1985-08-14,326.0000
1985-08-15,331.1000
1985-08-16,335.3500
1985-08-19,340.9000
1985-08-20,334.1500
1985-08-21,335.9000
1985-08-22,335.5000
1985-08-23,334.8500
1985-08-27,336.0000
1985-08-28,340.9000
1985-08-29,337.0000
1985-08-30,333.2500
1985-09-02,334.6500
1985-09-03,328.2000
1985-09-04,326.0000
1985-09-05,325.7500
1985-09-06,317.4000
1985-09-09,319.3500
1985-09-10,321.6500
1985-09-11,320.7500
1985-09-12,319.2500
1985-09-13,321.3000
1985-09-16,319.3000
1985-09-17,317.6000
1985-09-18,316.2500
1985-09-19,316.3000
1985-09-20,319.1500
1985-09-23,327.4500
1985-09-24,327.9000
1985-09-25,328.5000
1985-09-26,329.2500
1985-09-27,328.6000
1985-09-30,325.7500
1985-10-01,322.2500
1985-10-02,324.9500
1985-10-03,324.9000
1985-10-04,328.0000
1985-10-07,325.7500
1985-10-08,326.3500
1985-10-09,326.5500
1985-10-10,325.5000
1985-10-11,325.6000
1985-10-14,326.6500
1985-10-15,327.0000
1985-10-16,323.6500
1985-10-17,325.5000
1985-10-18,326.2500
1985-10-21,326.1500
1985-10-22,327.7500
1985-10-23,325.9000
1985-10-24,326.2000
1985-10-25,325.4000
1985-10-28,326.5000
1985-10-29,326.3000
1985-10-30,326.2000
1985-10-31,325.1000
1985-11-01,323.5000
1985-11-04,325.3500
1985-11-05,324.6000
1985-11-06,324.4000
1985-11-07,323.0000
1985-11-08,321.9500
1985-11-11,323.1000
1985-11-12,323.1000
1985-11-13,324.5000
1985-11-14,325.3000
1985-11-15,325.4000
1985-11-18,323.5000
1985-11-19,324.3500
1985-11-20,325.6500
1985-11-21,325.8000
1985-11-22,326.5000
1985-11-25,330.2000
1985-11-26,331.2500
1985-11-27,328.1500
1985-11-28,326.3000
1985-11-29,325.3000
1985-12-02,321.5000
1985-12-03,322.6000
1985-12-04,324.2000
1985-12-05,322.8000
1985-12-06,322.3000
1985-12-09,317.4000
1985-12-10,317.0000
1985-12-11,315.5000
1985-12-12,317.5000
1985-12-13,317.7500
1985-12-16,318.6000
1985-12-17,321.1500
1985-12-18,320.0500
1985-12-19,325.8000
1985-12-20,325.5500
1985-12-23,327.6000
1985-12-24,324.8500
1985-12-27,326.8500
1985-12-30,326.8000
1986-01-02,326.3000
1986-01-03,326.7500
1986-01-06,328.0000
1986-01-07,330.0000
1986-01-08,332.6000
1986-01-09,333.5000
1986-01-10,340.4500
1986-01-13,339.4000
1986-01-14,341.0000
1986-01-15,346.7500
1986-01-16,363.0000
1986-01-17,352.6000
1986-01-20,351.0000
1986-01-21,356.5000
1986-01-22,353.0000
1986-01-23,350.3000
1986-01-24,354.0000
1986-01-27,358.4000
1986-01-28,353.0000
1986-01-29,353.2500
1986-01-30,358.0000
1986-01-31,350.5000
1986-02-03,347.3000
1986-02-04,338.6000
1986-02-05,337.3000
1986-02-06,337.1000
1986-02-07,337.2000
1986-02-10,340.1500
1986-02-11,335.8000
1986-02-12,337.2500
1986-02-13,334.0000
1986-02-14,331.3500
1986-02-17,333.0000
1986-02-18,337.2500
1986-02-19,341.4000
1986-02-20,337.1000
1986-02-21,338.0000
1986-02-24,341.8000
1986-02-25,352.4000
1986-02-26,345.7500
1986-02-27,336.9000
1986-02-28,338.1500
1986-03-03,335.6000
1986-03-04,337.1500
1986-03-05,341.5000
1986-03-06,344.5000
1986-03-07,343.3500
1986-03-10,340.2500
1986-03-11,342.9000
1986-03-12,343.8500
1986-03-13,349.6000
1986-03-14,348.0000
1986-03-17,349.9000
1986-03-18,351.1500
1986-03-19,346.7500
1986-03-20,350.6500
1986-03-21,352.9000
1986-03-24,350.2000
1986-03-25,351.7500
1986-03-26,344.3000
1986-03-27,344.0000
1986-04-01,333.1000
1986-04-02,335.5000
1986-04-03,334.7500
1986-04-04,334.5000
1986-04-07,337.6500
1986-04-08,339.4000
1986-04-09,337.8500
1986-04-10,337.7000
1986-04-11,341.9500
1986-04-14,341.6000
1986-04-15,341.7500
1986-04-16,339.0000
1986-04-17,339.9000
1986-04-18,342.7500
1986-04-21,341.4000
1986-04-22,344.1000
1986-04-23,346.2000
1986-04-24,344.7500
1986-04-25,344.4500
1986-04-28,343.1500
1986-04-29,342.4500
1986-04-30,345.7500
1986-05-01,345.1000
1986-05-02,341.6000
1986-05-06,340.4000
1986-05-07,342.4500
1986-05-08,345.2500
1986-05-09,345.3500
1986-05-12,345.2000
1986-05-13,343.7000
1986-05-14,342.4500
1986-05-15,342.0000
1986-05-16,343.0000
1986-05-19,340.8000
1986-05-20,338.7000
1986-05-21,338.9000
1986-05-22,340.4500
1986-05-23,341.1000
1986-05-27,341.5000
1986-05-28,343.7500
1986-05-29,342.7000
1986-05-30,343.2000
1986-06-02,341.8500
1986-06-03,342.2000
1986-06-04,340.7500
1986-06-05,341.7500
1986-06-06,341.6500
1986-06-09,341.8000
1986-06-10,347.7000
1986-06-11,347.4000
1986-06-12,348.3500
1986-06-13,346.2000
1986-06-16,339.3000
1986-06-17,336.7500
1986-06-18,339.1500
1986-06-19,339.2000
1986-06-20,339.6500
1986-06-23,341.0500
1986-06-24,342.0000
1986-06-25,344.1500
1986-06-26,344.9000
1986-06-27,344.5000
1986-06-30,346.7500
1986-07-01,345.1000
1986-07-02,342.3000
1986-07-03,343.8500
1986-07-04,343.8000
1986-07-07,344.8500
1986-07-08,347.8500
1986-07-09,348.1000
1986-07-10,346.8000
1986-07-11,348.1000
1986-07-14,345.7500
1986-07-15,346.0000
1986-07-16,347.6000
1986-07-17,347.0000
1986-07-18,347.9000
1986-07-21,353.9500
1986-07-22,353.5000
1986-07-23,347.2500
1986-07-24,348.6500
1986-07-25,349.4000
1986-07-28,353.6000
1986-07-29,351.2500
1986-07-30,351.6500
1986-07-31,357.5000
1986-08-01,361.0000
1986-08-04,359.8000
1986-08-05,358.5000
1986-08-06,362.4000
1986-08-07,361.8000
1986-08-08,368.8000
1986-08-11,388.0000
1986-08-12,384.0000
1986-08-13,388.0000
1986-08-14,385.2500
1986-08-15,385.1000
1986-08-18,377.2500
1986-08-19,374.4000
1986-08-20,378.0000
1986-08-21,380.7500
1986-08-22,386.2500
1986-08-26,381.1000
1986-08-27,380.1000
1986-08-28,386.7000
1986-08-29,384.7000
1986-09-01,391.7500
1986-09-02,393.2500
1986-09-03,405.0000
1986-09-04,405.5000
1986-09-05,420.8000
1986-09-08,418.6000
1986-09-09,409.2500
1986-09-10,418.5000
1986-09-11,402.0000
1986-09-12,419.5000
1986-09-15,413.0000
1986-09-16,417.2500
1986-09-17,413.2000
1986-09-18,417.8500
1986-09-19,430.0000
1986-09-22,435.5000
1986-09-23,435.0000
1986-09-24,431.5000
1986-09-25,429.4000
1986-09-26,433.0000
1986-09-29,427.0000
1986-09-30,423.2000
1986-10-01,425.0000
1986-10-02,431.3000
1986-10-03,436.0000
1986-10-06,436.9000
1986-10-07,436.0000
1986-10-08,438.1000
1986-10-09,435.7500
1986-10-10,430.7500
1986-10-13,432.6000
1986-10-14,428.8000
1986-10-15,422.0000
1986-10-16,425.5000
1986-10-17,419.2500
1986-10-20,425.0000
1986-10-21,425.1000
1986-10-22,425.0000
1986-10-23,423.4000
1986-10-24,410.5000
1986-10-27,409.7500
1986-10-28,410.7000
1986-10-29,405.8000
1986-10-30,406.5000
1986-10-31,401.0000
1986-11-03,406.2000
1986-11-04,408.0000
1986-11-05,405.2500
1986-11-06,408.5500
1986-11-07,408.2000
1986-11-10,410.7500
1986-11-11,406.0000
1986-11-12,407.0000
1986-11-13,407.5000
1986-11-14,408.2500
1986-11-17,392.5000
1986-11-18,391.0000
1986-11-19,393.4000
1986-11-20,389.3500
1986-11-21,388.2000
1986-11-24,380.5000
1986-11-25,383.7500
1986-11-26,383.6000
1986-11-27,383.5000
1986-11-28,389.5000
1986-12-01,395.5500
1986-12-02,389.5000
1986-12-03,389.7500
1986-12-04,389.2500
1986-12-05,388.5000
1986-12-08,389.6000
1986-12-09,386.8000
1986-12-10,391.5000
1986-12-11,388.4000
1986-12-12,391.5000
1986-12-15,394.3000
1986-12-16,393.1000
1986-12-17,392.0000
1986-12-18,390.7500
1986-12-19,394.8000
1986-12-22,394.1500
1986-12-23,389.2000
1986-12-29,390.1000
1986-12-30,388.7500
1987-01-02,403.5000
1987-01-05,398.9500
1987-01-06,401.7000
1987-01-07,400.4000
1987-01-08,402.6500
1987-01-09,402.0000
1987-01-12,411.1000
1987-01-13,409.0000
1987-01-14,415.1000
1987-01-15,416.2500
1987-01-16,415.7000
1987-01-19,422.2500
1987-01-20,415.7500
1987-01-21,407.2000
1987-01-22,410.4500
1987-01-23,400.0000
1987-01-26,406.0000
1987-01-27,411.5000
1987-01-28,413.7500
1987-01-29,409.7000
1987-01-30,400.5000
1987-02-02,406.7500
1987-02-03,404.0000
1987-02-04,402.8000
1987-02-05,398.9000
1987-02-06,402.6000
1987-02-09,405.9000
1987-02-10,402.8500
1987-02-11,403.0000
1987-02-12,402.3000
1987-02-13,397.3500
1987-02-16,397.2500
1987-02-17,397.2500
1987-02-18,390.0000
1987-02-19,393.3500
1987-02-20,399.7500
1987-02-23,403.2000
1987-02-24,399.3000
1987-02-25,405.8000
1987-02-26,404.1000
1987-02-27,405.8500
1987-03-02,404.2500
1987-03-03,403.8000
1987-03-04,406.5500
1987-03-05,410.7500
1987-03-06,406.3000
1987-03-09,405.0000
1987-03-10,405.6000
1987-03-11,407.2000
1987-03-12,409.9000
1987-03-13,408.5000
1987-03-16,405.3000
1987-03-17,406.3500
1987-03-18,404.3500
1987-03-19,404.4500
1987-03-20,404.4500
1987-03-23,408.3000
1987-03-24,409.0000
1987-03-25,413.7000
1987-03-26,411.0000
1987-03-27,416.3500
1987-03-30,424.0000
1987-03-31,421.0000
1987-04-01,418.7500
1987-04-02,418.7000
1987-04-03,418.7000
1987-04-06,421.4500
1987-04-07,418.5000
1987-04-08,420.5000
1987-04-09,421.0000
1987-04-10,431.6000
1987-04-13,435.9000
1987-04-14,442.4000
1987-04-15,444.1000
1987-04-16,437.7500
1987-04-21,449.5000
1987-04-22,445.5000
1987-04-23,450.5000
1987-04-24,462.2000
1987-04-27,474.7500
1987-04-28,453.0000
1987-04-29,449.0000
1987-04-30,453.2500
1987-05-01,456.7500
1987-05-05,459.2500
1987-05-06,456.2500
1987-05-07,456.2500
1987-05-08,453.0000
1987-05-11,453.0000
1987-05-12,460.7000
1987-05-13,460.5000
1987-05-14,461.0500
1987-05-15,469.9000
1987-05-18,473.2500
1987-05-19,471.1000
1987-05-20,475.2500
1987-05-21,469.1000
1987-05-22,466.5000
1987-05-26,449.0000
1987-05-27,449.5000
1987-05-28,453.1000
1987-05-29,451.0000
1987-06-01,442.9000
1987-06-02,455.0000
1987-06-03,453.0000
1987-06-04,452.7500
1987-06-05,453.5000
1987-06-08,456.5500
1987-06-09,452.6500
1987-06-10,455.6500
1987-06-11,457.0000
1987-06-12,455.4500
1987-06-15,449.7500
1987-06-16,452.7500
1987-06-17,451.2500
1987-06-18,452.2000
1987-06-19,449.0000
1987-06-22,438.0000
1987-06-23,440.2000
1987-06-24,441.7500
1987-06-25,440.5000
1987-06-26,444.1000
1987-06-29,449.7500
1987-06-30,447.3000
1987-07-01,445.7500
1987-07-02,446.2500
1987-07-03,444.1000
1987-07-06,443.3500
1987-07-07,444.5000
1987-07-08,446.4000
1987-07-09,444.1000
1987-07-10,444.7500
1987-07-13,446.5000
1987-07-14,447.0000
1987-07-15,452.7000
1987-07-16,453.7500
1987-07-17,450.6000
1987-07-20,450.9000
1987-07-21,452.4000
1987-07-22,454.9000
1987-07-23,453.9500
1987-07-24,453.3000
1987-07-27,453.1500
1987-07-28,456.1500
1987-07-29,457.7500
1987-07-30,457.1500
1987-07-31,462.5000
1987-08-03,472.7500
1987-08-04,473.4000
1987-08-05,469.8000
1987-08-06,468.7000
1987-08-07,464.1000
1987-08-10,461.1000
1987-08-11,461.2000
1987-08-12,463.4000
1987-08-13,462.5000
1987-08-14,460.0000
1987-08-17,453.3000
1987-08-18,457.5000
1987-08-19,456.3500
1987-08-20,456.1000
1987-08-21,455.5000
1987-08-24,459.5000
1987-08-25,458.0000
1987-08-26,457.6000
1987-08-27,458.7500
1987-08-28,453.4000
1987-09-01,453.7500
1987-09-02,463.1000
1987-09-03,463.7000
1987-09-04,464.7500
1987-09-07,463.5000
1987-09-08,456.9500
1987-09-09,458.3000
1987-09-10,460.2000
1987-09-11,459.8500
1987-09-14,455.5500
1987-09-15,458.8000
1987-09-16,458.4000
1987-09-17,460.5000
1987-09-18,461.7000
1987-09-21,459.1000
1987-09-22,461.5500
1987-09-23,462.4000
1987-09-24,464.0000
1987-09-25,461.8000
1987-09-28,460.8500
1987-09-29,459.4000
1987-09-30,459.5000
1987-10-01,454.9000
1987-10-02,454.3500
1987-10-05,456.5000
1987-10-06,458.0000
1987-10-07,458.0500
1987-10-08,458.1500
1987-10-09,462.0500
1987-10-12,461.7500
1987-10-13,459.2000
1987-10-14,460.8000
1987-10-15,466.6000
1987-10-16,465.2500
1987-10-19,481.0000
1987-10-20,464.3000
1987-10-21,467.0000
1987-10-22,471.6500
1987-10-23,470.5000
1987-10-26,475.0000
1987-10-27,474.0000
1987-10-28,477.5000
1987-10-29,472.4500
1987-10-30,468.8000
1987-11-02,469.3000
1987-11-03,464.2500
1987-11-04,466.1500
1987-11-05,457.5500
1987-11-06,460.0000
1987-11-09,463.5000
1987-11-10,458.2500
1987-11-11,461.8500
1987-11-12,462.4500
1987-11-13,464.9500
1987-11-16,462.1000
1987-11-17,464.6000
1987-11-18,463.7000
1987-11-19,465.1500
1987-11-20,465.7000
1987-11-23,469.4000
1987-11-24,475.0000
1987-11-25,476.5000
1987-11-26,477.6500
1987-11-27,478.4000
1987-11-30,492.5000
1987-12-01,487.8000
1987-12-02,490.9000
1987-12-03,491.1000
1987-12-04,486.2500
1987-12-07,481.1500
1987-12-08,484.3000
1987-12-09,484.2000
1987-12-10,488.0000
1987-12-11,493.5000
1987-12-14,499.7500
1987-12-15,492.5000
1987-12-16,486.3000
1987-12-17,477.5000
1987-12-18,481.0000
1987-12-21,480.0000
1987-12-22,483.0000
1987-12-23,481.5000
1987-12-29,485.7000
1987-12-30,484.1000
1988-01-04,480.5000
1988-01-05,475.5000
1988-01-06,481.4000
1988-01-07,483.5000
1988-01-08,483.9000
1988-01-11,483.9000
1988-01-12,480.4000
1988-01-13,481.9000
1988-01-14,481.4000
1988-01-15,480.3000
1988-01-18,475.4000
1988-01-19,477.1000
1988-01-20,477.6500
1988-01-21,477.2000
1988-01-22,476.2000
1988-01-25,476.2500
1988-01-26,469.7500
1988-01-27,465.0000
1988-01-28,466.3500
1988-01-29,458.0000
1988-02-01,452.7000
1988-02-02,455.9000
1988-02-03,445.4000
1988-02-04,443.2500
1988-02-05,441.7000
1988-02-08,442.1000
1988-02-09,438.6000
1988-02-10,441.1000
1988-02-11,440.6000
1988-02-12,443.6000
1988-02-15,445.5000
1988-02-16,445.0000
1988-02-17,445.6000
1988-02-18,447.2500
1988-02-19,442.9000
1988-02-22,445.5000
1988-02-23,442.4000
1988-02-24,435.7500
1988-02-25,432.1000
1988-02-26,430.4500
1988-02-29,426.1500
1988-03-01,429.3000
1988-03-02,428.9000
1988-03-03,429.1000
1988-03-04,431.8000
1988-03-07,435.9000
1988-03-08,436.3500
1988-03-09,436.5000
1988-03-10,442.4000
1988-03-11,441.8000
1988-03-14,442.2500
1988-03-15,442.2000
1988-03-16,446.2000
1988-03-17,445.5000
1988-03-18,442.8500
1988-03-21,449.2500
1988-03-22,447.9000
1988-03-23,449.5000
1988-03-24,453.9500
1988-03-25,451.8000
1988-03-28,453.9000
1988-03-29,454.9000
1988-03-30,453.7500
1988-03-31,456.9500
1988-04-05,453.6000
1988-04-06,449.8500
1988-04-07,447.2000
1988-04-08,449.4000
1988-04-11,448.8000
1988-04-12,450.8000
1988-04-13,449.3500
1988-04-14,450.3500
1988-04-15,456.3000
1988-04-18,458.0000
1988-04-19,456.9000
1988-04-20,457.4000
1988-04-21,454.2500
1988-04-22,448.6000
1988-04-25,450.2000
1988-04-26,447.0000
1988-04-27,450.3000
1988-04-28,452.1000
1988-04-29,449.0000
1988-05-03,445.9000
1988-05-04,443.2500
1988-05-05,444.8500
1988-05-06,442.8000
1988-05-09,444.4000
1988-05-10,446.6500
1988-05-11,449.1000
1988-05-12,451.0000
1988-05-13,449.5000
1988-05-16,453.2500
1988-05-17,454.7000
1988-05-18,454.0000
1988-05-19,457.9000
1988-05-20,454.9000
1988-05-23,457.2500
1988-05-24,457.2500
1988-05-25,453.9000
1988-05-26,453.2500
1988-05-27,452.0000
1988-05-31,455.5000
1988-06-01,456.7500
1988-06-02,453.7000
1988-06-03,464.7000
1988-06-06,464.5500
1988-06-07,464.4000
1988-06-08,457.8500
1988-06-09,455.4500
1988-06-10,457.6000
1988-06-13,449.0000
1988-06-14,446.5000
1988-06-15,452.0000
1988-06-16,453.9000
1988-06-17,450.2500
1988-06-20,454.2000
1988-06-21,451.6500
1988-06-22,448.5000
1988-06-23,447.8000
1988-06-24,443.2500
1988-06-27,443.3000
1988-06-28,443.8500
1988-06-29,433.5500
1988-06-30,436.5500
1988-07-01,436.8500
1988-07-04,437.5500
1988-07-05,437.5000
1988-07-06,436.8000
1988-07-07,440.9000
1988-07-08,439.4000
1988-07-11,436.8000
1988-07-12,433.8000
1988-07-13,435.0000
1988-07-14,440.7500
1988-07-15,439.1000
1988-07-18,435.6500
1988-07-19,436.2500
1988-07-20,444.8000
1988-07-21,444.7500
1988-07-22,442.2000
1988-07-25,438.5000
1988-07-26,431.2000
1988-07-27,432.8500
1988-07-28,432.7500
1988-07-29,436.8000
1988-08-01,434.6000
1988-08-02,432.7500
1988-08-03,434.1000
1988-08-04,433.1000
1988-08-05,432.8500
1988-08-08,432.0000
1988-08-09,425.8000
1988-08-10,427.2000
1988-08-11,427.9500
1988-08-12,433.2500
1988-08-15,430.2500
1988-08-16,432.6500
1988-08-17,429.0000
1988-08-18,430.5500
1988-08-19,432.6000
1988-08-22,431.0000
1988-08-23,432.6000
1988-08-24,433.0000
1988-08-25,434.2000
1988-08-26,433.1500
1988-08-30,427.7500
1988-08-31,427.7500
1988-09-01,430.4000
1988-09-02,428.7500
1988-09-05,427.4000
1988-09-06,428.4500
1988-09-07,427.2500
1988-09-08,428.2500
1988-09-09,429.4000
1988-09-12,419.4000
1988-09-13,420.4500
1988-09-14,421.5000
1988-09-15,418.8500
1988-09-16,415.1500
1988-09-19,409.0000
1988-09-20,410.0000
1988-09-21,400.6500
1988-09-22,397.7500
1988-09-23,400.3500
1988-09-26,395.3000
1988-09-27,397.1000
1988-09-28,395.4000
1988-09-29,398.5000
1988-09-30,396.7000
1988-10-03,396.0000
1988-10-04,398.5000
1988-10-05,395.4500
1988-10-06,403.7500
1988-10-07,403.9000
1988-10-10,406.7500
1988-10-11,407.2500
1988-10-12,406.4000
1988-10-13,406.7000
1988-10-14,407.6000
1988-10-17,413.0000
1988-10-18,411.4500
1988-10-19,411.2500
1988-10-20,412.2000
1988-10-21,410.2500
1988-10-24,405.5000
1988-10-25,407.6500
1988-10-26,407.4000
1988-10-27,407.5000
1988-10-28,411.5000
1988-10-31,412.4000
1988-11-01,410.9000
1988-11-02,414.7500
1988-11-03,423.4000
1988-11-04,421.0000
1988-11-07,420.6000
1988-11-08,418.3500
1988-11-09,420.8000
1988-11-10,419.1000
1988-11-11,420.3000
1988-11-14,419.3000
1988-11-15,424.0000
1988-11-16,423.8500
1988-11-17,422.0000
1988-11-18,417.7500
1988-11-21,415.9500
1988-11-22,418.4000
1988-11-23,419.2500
1988-11-24,419.9500
1988-11-25,424.1000
1988-11-28,424.2500
1988-11-29,423.1000
1988-11-30,422.6000
1988-12-01,424.7500
1988-12-02,424.2500
1988-12-05,429.0000
1988-12-06,427.7500
1988-12-07,422.6000
1988-12-08,423.2000
1988-12-09,419.7500
1988-12-12,420.0000
1988-12-13,420.5000
1988-12-14,420.0000
1988-12-15,418.4500
1988-12-16,411.7500
1988-12-19,413.0000
1988-12-20,412.9000
1988-12-21,414.6000
1988-12-22,417.2500
1988-12-28,412.8500
1988-12-29,410.2500
1989-01-03,411.6000
1989-01-04,409.3500
1989-01-05,407.2500
1989-01-06,406.3500
1989-01-09,402.4500
1989-01-10,404.5000
1989-01-11,403.8000
1989-01-12,404.1500
1989-01-13,405.5500
1989-01-16,401.5000
1989-01-17,402.2500
1989-01-18,402.5000
1989-01-19,403.6000
1989-01-20,405.5000
1989-01-23,407.4500
1989-01-24,408.3000
1989-01-25,404.2000
1989-01-26,406.2500
1989-01-27,399.7500
1989-01-30,394.0000
1989-01-31,394.0000
1989-02-01,392.8000
1989-02-02,391.1000
1989-02-03,390.0000
1989-02-06,387.9000
1989-02-07,391.0000
1989-02-08,390.5500
1989-02-09,393.8000
1989-02-10,389.6000
1989-02-13,384.5000
1989-02-14,384.1000
1989-02-15,381.0000
1989-02-16,384.2500
1989-02-17,380.4000
1989-02-20,382.4000
1989-02-21,383.5000
1989-02-22,386.7500
1989-02-23,390.5000
1989-02-24,388.4000
1989-02-27,390.6000
1989-02-28,387.0000
1989-03-01,384.0500
1989-03-02,383.9000
1989-03-03,386.4000
1989-03-06,387.2500
1989-03-07,390.7500
1989-03-08,394.6000
1989-03-09,391.5000
1989-03-10,393.5000
1989-03-13,392.5000
1989-03-14,395.0000
1989-03-15,392.9000
1989-03-16,389.4000
1989-03-17,394.3000
1989-03-20,395.5000
1989-03-21,392.7500
1989-03-22,393.3500
1989-03-23,394.9000
1989-03-28,390.7500
1989-03-29,382.9500
1989-03-30,383.7000
1989-03-31,383.2000
1989-04-03,385.4500
1989-04-04,386.6500
1989-04-05,383.0000
1989-04-06,384.3500
1989-04-07,382.2500
1989-04-10,381.5000
1989-04-11,385.0000
1989-04-12,387.2500
1989-04-13,390.2500
1989-04-14,386.2000
1989-04-17,385.1500
1989-04-18,383.9500
1989-04-19,383.9000
1989-04-20,384.0000
1989-04-21,384.0000
1989-04-24,383.5500
1989-04-25,385.9000
1989-04-26,383.8500
1989-04-27,384.2500
1989-04-28,377.5500
1989-05-02,377.4500
1989-05-03,378.6000
1989-05-04,378.2500
1989-05-05,375.7000
1989-05-08,378.2500
1989-05-09,376.1000
1989-05-10,377.2000
1989-05-11,378.3500
1989-05-12,377.3000
1989-05-15,373.8000
1989-05-16,374.5000
1989-05-17,371.9000
1989-05-18,370.0000
1989-05-19,365.5000
1989-05-22,359.7500
1989-05-23,364.5000
1989-05-24,361.5000
1989-05-25,363.6000
1989-05-26,365.8000
1989-05-30,362.1000
1989-05-31,361.8000
1989-06-01,361.4000
1989-06-02,361.5000
1989-06-05,365.2000
1989-06-06,364.9000
1989-06-07,374.2000
1989-06-08,374.5000
1989-06-09,368.2500
1989-06-12,359.9000
1989-06-13,358.7000
1989-06-14,361.1000
1989-06-15,361.5000
1989-06-16,365.3500
1989-06-19,364.4000
1989-06-20,366.6000
1989-06-21,365.9000
1989-06-22,369.7500
1989-06-23,370.0000
1989-06-26,374.7000
1989-06-27,376.2500
1989-06-28,373.7500
1989-06-29,376.3000
1989-06-30,373.0000
1989-07-03,374.5000
1989-07-04,376.2500
1989-07-05,383.6000
1989-07-06,385.5000
1989-07-07,383.5500
1989-07-10,383.2500
1989-07-11,378.7500
1989-07-12,379.7500
1989-07-13,375.7500
1989-07-14,370.8000
1989-07-17,370.6000
1989-07-18,371.7000
1989-07-19,370.7000
1989-07-20,371.0500
1989-07-21,372.4000
1989-07-24,371.9500
1989-07-25,371.2500
1989-07-26,372.3000
1989-07-27,374.1500
1989-07-28,369.7000
1989-07-31,368.3000
1989-08-01,369.0000
1989-08-02,369.7500
1989-08-03,369.2500
1989-08-04,370.5000
1989-08-07,366.1000
1989-08-08,365.9000
1989-08-09,364.6000
1989-08-10,365.8500
1989-08-11,361.9000
1989-08-14,363.3000
1989-08-15,366.1000
1989-08-16,367.6000
1989-08-17,364.9000
1989-08-18,366.2500
1989-08-21,365.9000
1989-08-22,366.4000
1989-08-23,366.2000
1989-08-24,362.2000
1989-08-25,360.4500
1989-08-29,359.8000
1989-08-30,361.4000
1989-08-31,359.8000
1989-09-01,359.4000
1989-09-04,358.8500
1989-09-05,358.5500
1989-09-06,360.2000
1989-09-07,359.2000
1989-09-08,359.6000
1989-09-11,358.3500
1989-09-12,358.6000
1989-09-13,358.5000
1989-09-14,361.5000
1989-09-15,355.7500
1989-09-18,359.7000
1989-09-19,360.6500
1989-09-20,362.7500
1989-09-21,362.8000
1989-09-22,364.9000
1989-09-25,367.3500
1989-09-26,368.0000
1989-09-27,369.0000
1989-09-28,366.5000
1989-09-29,366.5000
1989-10-02,366.5000
1989-10-03,365.5000
1989-10-04,366.0000
1989-10-05,366.2000
1989-10-06,363.0000
1989-10-09,362.9000
1989-10-10,361.9000
1989-10-11,361.0500
1989-10-12,363.1500
1989-10-13,363.2000
1989-10-16,368.4000
1989-10-17,366.6500
1989-10-18,368.5000
1989-10-19,368.6000
1989-10-20,365.6500
1989-10-23,365.5000
1989-10-24,366.6000
1989-10-25,368.6500
1989-10-26,368.6000
1989-10-27,372.6000
1989-10-30,377.0000
1989-10-31,375.3000
1989-11-01,373.0500
1989-11-02,374.2500
1989-11-03,380.5000
1989-11-06,379.7500
1989-11-07,384.1000
1989-11-08,383.2000
1989-11-09,387.1000
1989-11-10,385.3500
1989-11-13,390.5000
1989-11-14,388.2500
1989-11-15,391.4000
1989-11-16,391.4000
1989-11-17,392.0000
1989-11-20,394.9000
1989-11-21,399.0000
1989-11-22,409.9000
1989-11-23,411.5500
1989-11-24,415.8000
1989-11-27,413.7500
1989-11-28,409.7500
1989-11-29,410.1000
1989-11-30,408.1500
1989-12-01,413.8500
1989-12-04,408.6000
1989-12-05,403.7500
1989-12-06,402.8500
1989-12-07,406.0000
1989-12-08,409.3500
1989-12-11,415.5000
1989-12-12,415.5000
1989-12-13,413.0000
1989-12-14,408.5000
1989-12-15,412.7500
1989-12-18,407.5000
1989-12-19,412.4000
1989-12-20,412.4000
1989-12-21,413.0000
1989-12-27,406.0000
1989-12-28,398.6000
1990-01-02,399.0000
1990-01-03,395.0000
1990-01-04,396.5000
1990-01-05,405.0000
1990-01-08,404.6000
1990-01-09,403.4500
1990-01-10,409.1000
1990-01-11,412.1000
1990-01-12,416.2500
1990-01-15,415.6000
1990-01-16,412.7500
1990-01-17,410.4000
1990-01-18,413.4000
1990-01-19,408.6500
1990-01-22,406.0000
1990-01-23,408.2500
1990-01-24,420.7500
1990-01-25,415.6500
1990-01-26,418.0000
1990-01-29,418.7500
1990-01-30,418.1500
1990-01-31,415.0500
1990-02-01,415.8000
1990-02-02,417.9500
1990-02-05,423.0000
1990-02-06,421.0500
1990-02-07,423.7500
1990-02-08,418.0000
1990-02-09,415.5000
1990-02-12,418.8500
1990-02-13,418.0500
1990-02-14,414.6000
1990-02-15,416.6500
1990-02-16,416.5000
1990-02-19,416.5000
1990-02-20,419.9500
1990-02-21,420.0000
1990-02-22,417.6500
1990-02-23,415.8500
1990-02-26,411.3000
1990-02-27,407.5500
1990-02-28,407.7000
1990-03-01,406.3000
1990-03-02,405.0500
1990-03-05,403.2000
1990-03-06,405.3500
1990-03-07,400.5000
1990-03-08,400.7000
1990-03-09,399.3000
1990-03-12,401.2500
1990-03-13,397.2500
1990-03-14,398.7500
1990-03-15,399.5000
1990-03-16,400.6500
1990-03-19,402.1000
1990-03-20,399.6500
1990-03-21,392.0000
1990-03-22,392.0000
1990-03-23,393.5000
1990-03-26,370.2500
1990-03-27,368.0000
1990-03-28,372.0000
1990-03-29,371.5000
1990-03-30,368.5000
1990-04-02,368.4000
1990-04-03,375.0000
1990-04-04,374.2500
1990-04-05,378.4000
1990-04-06,377.7000
1990-04-09,376.7000
1990-04-10,375.2000
1990-04-11,374.5000
1990-04-12,375.5000
1990-04-17,374.0000
1990-04-18,374.7500
1990-04-19,375.7500
1990-04-20,376.0000
1990-04-23,375.2500
1990-04-24,376.8000
1990-04-25,371.4500
1990-04-26,371.6000
1990-04-27,371.6000
1990-04-30,367.7500
1990-05-01,369.5000
1990-05-02,369.6000
1990-05-03,369.9000
1990-05-04,371.3000
1990-05-08,370.6500
1990-05-09,370.3000
1990-05-10,371.7500
1990-05-11,368.5500
1990-05-14,369.0000
1990-05-15,367.7500
1990-05-16,369.8500
1990-05-17,369.2000
1990-05-18,369.9000
1990-05-21,373.1000
1990-05-22,375.1000
1990-05-23,364.5000
1990-05-24,366.5000
1990-05-25,366.5000
1990-05-29,367.7000
1990-05-30,366.4000
1990-05-31,363.0500
1990-06-01,363.4500
1990-06-04,357.0500
1990-06-05,358.1000
1990-06-06,359.5000
1990-06-07,352.8000
1990-06-08,353.5000
1990-06-11,354.7000
1990-06-12,355.7500
1990-06-13,350.5000
1990-06-14,345.8500
1990-06-15,346.9000
1990-06-18,349.2500
1990-06-19,348.6500
1990-06-20,346.9000
1990-06-21,349.7500
1990-06-22,348.4000
1990-06-25,353.4000
1990-06-26,349.3500
1990-06-27,350.6500
1990-06-28,352.3000
1990-06-29,352.2000
1990-07-02,357.4000
1990-07-03,362.0000
1990-07-04,362.5000
1990-07-05,359.7000
1990-07-06,361.1500
1990-07-09,360.2500
1990-07-10,354.0000
1990-07-11,354.3000
1990-07-12,351.4500
1990-07-13,363.6000
1990-07-16,363.2500
1990-07-17,360.7000
1990-07-18,359.4000
1990-07-19,362.3000
1990-07-20,361.0000
1990-07-23,366.1000
1990-07-24,368.7000
1990-07-25,372.7500
1990-07-26,368.7500
1990-07-27,366.7500
1990-07-30,367.3000
1990-07-31,372.3000
1990-08-01,370.6500
1990-08-02,380.7000
1990-08-03,379.0000
1990-08-06,382.2500
1990-08-07,383.2500
1990-08-08,384.7500
1990-08-09,383.6000
1990-08-10,389.3500
1990-08-13,404.3000
1990-08-14,411.5000
1990-08-15,398.4000
1990-08-16,402.6000
1990-08-17,410.6000
1990-08-20,407.7500
1990-08-21,413.8000
1990-08-22,408.7500
1990-08-23,412.4000
1990-08-24,410.3000
1990-08-28,388.2500
1990-08-29,384.3000
1990-08-30,389.7500
1990-08-31,387.7500
1990-09-03,386.7500
1990-09-04,381.4000
1990-09-05,383.3000
1990-09-06,387.5000
1990-09-07,384.6000
1990-09-10,384.5000
1990-09-11,378.5000
1990-09-12,382.0500
1990-09-13,382.2000
1990-09-14,386.2000
1990-09-17,389.4000
1990-09-18,386.0000
1990-09-19,386.5000
1990-09-20,386.9500
1990-09-21,389.3000
1990-09-24,392.5000
1990-09-25,403.7500
1990-09-26,402.7000
1990-09-27,403.9500
1990-09-28,408.4000
1990-10-01,396.3000
1990-10-02,387.8500
1990-10-03,389.4000
1990-10-04,395.7500
1990-10-05,395.6000
1990-10-08,390.8000
1990-10-09,397.0000
1990-10-10,391.8000
1990-10-11,388.0000
1990-10-12,388.2500
1990-10-15,380.7000
1990-10-16,364.7500
1990-10-17,366.0000
1990-10-18,367.8500
1990-10-19,372.0000
1990-10-22,367.5000
1990-10-23,371.6500
1990-10-24,371.1000
1990-10-25,375.0500
1990-10-26,373.7000
1990-10-29,372.7000
1990-10-30,373.7500
1990-10-31,379.5000
1990-11-01,380.4000
1990-11-02,377.5000
1990-11-05,376.9000
1990-11-06,379.2500
1990-11-07,385.0000
1990-11-08,384.7500
1990-11-09,385.7000
1990-11-12,380.7000
1990-11-13,383.5000
1990-11-14,383.9000
1990-11-15,378.0000
1990-11-16,376.3000
1990-11-19,377.8000
1990-11-20,380.0000
1990-11-21,377.3000
1990-11-22,380.0000
1990-11-23,383.6000
1990-11-26,386.9000
1990-11-27,383.8000
1990-11-28,385.0000
1990-11-29,386.8000
1990-11-30,384.8500
1990-12-03,380.6500
1990-12-04,377.6000
1990-12-05,376.0000
1990-12-06,370.0000
1990-12-07,370.8000
1990-12-10,374.0500
1990-12-11,372.1000
1990-12-12,370.9000
1990-12-13,372.0000
1990-12-14,373.2000
1990-12-17,376.3000
1990-12-18,377.4000
1990-12-19,378.9000
1990-12-20,385.4500
1990-12-21,383.7500
1990-12-27,382.8000
1990-12-28,386.2000
1991-01-02,390.8000
1991-01-03,386.3000
1991-01-04,387.4000
1991-01-07,391.1000
1991-01-08,389.7000
1991-01-09,387.1000
1991-01-10,390.5500
1991-01-11,390.6000
1991-01-14,398.6000
1991-01-15,398.5000
1991-01-16,403.0000
1991-01-17,379.0000
1991-01-18,378.2500
1991-01-21,378.2000
1991-01-22,381.0000
1991-01-23,378.3000
1991-01-24,373.0000
1991-01-25,374.2500
1991-01-28,374.5000
1991-01-29,376.8000
1991-01-30,367.1000
1991-01-31,366.0000
1991-02-01,364.5000
1991-02-04,367.1500
1991-02-05,366.6000
1991-02-06,360.7500
1991-02-07,363.9000
1991-02-08,370.0000
1991-02-11,366.8500
1991-02-12,364.4000
1991-02-13,366.7500
1991-02-14,368.1500
1991-02-15,365.5000
1991-02-18,363.7500
1991-02-19,363.0000
1991-02-20,364.6500
1991-02-21,362.2500
1991-02-22,358.8000
1991-02-25,357.6500
1991-02-26,359.2500
1991-02-27,360.0000
1991-02-28,362.7000
1991-03-01,366.9000
1991-03-04,365.4500
1991-03-05,364.5000
1991-03-06,366.2000
1991-03-07,366.5000
1991-03-08,368.5000
1991-03-11,365.8500
1991-03-12,364.2500
1991-03-13,366.0000
1991-03-14,364.6000
1991-03-15,366.0000
1991-03-18,362.3000
1991-03-19,364.5000
1991-03-20,364.5000
1991-03-21,362.3500
1991-03-22,362.7500
1991-03-25,359.2500
1991-03-26,356.6000
1991-03-27,354.0500
1991-03-28,355.6500
1991-04-02,357.5000
1991-04-03,359.2000
1991-04-04,358.4000
1991-04-05,358.5000
1991-04-08,361.0000
1991-04-09,364.0000
1991-04-10,363.3500
1991-04-11,361.7500
1991-04-12,361.9500
1991-04-15,360.1000
1991-04-16,361.2000
1991-04-17,360.6500
1991-04-18,359.1500
1991-04-19,356.1500
1991-04-22,356.4000
1991-04-23,355.5000
1991-04-24,355.8000
1991-04-25,353.2500
1991-04-26,353.2500
1991-04-29,351.1000
1991-04-30,357.7500
1991-05-01,356.5000
1991-05-02,354.1500
1991-05-03,355.5000
1991-05-07,356.1500
1991-05-08,356.9000
1991-05-09,356.8500
1991-05-10,356.7000
1991-05-13,356.8500
1991-05-14,357.9500
1991-05-15,359.8500
1991-05-16,356.0000
1991-05-17,355.1000
1991-05-20,355.0000
1991-05-21,356.3000
1991-05-22,356.7500
1991-05-23,354.9000
1991-05-24,355.8000
1991-05-28,355.6500
1991-05-29,361.5000
1991-05-30,361.0500
1991-05-31,360.4000
1991-06-03,363.0000
1991-06-04,362.4000
1991-06-05,362.4000
1991-06-06,364.8500
1991-06-07,367.0000
1991-06-10,372.2000
1991-06-11,371.2500
1991-06-12,372.0000
1991-06-13,369.7000
1991-06-14,367.7500
1991-06-17,366.8000
1991-06-18,370.2500
1991-06-19,367.4000
1991-06-20,367.6000
1991-06-21,366.2500
1991-06-24,360.9000
1991-06-25,363.3500
1991-06-26,366.1000
1991-06-27,364.8000
1991-06-28,368.3500
1991-07-01,368.9000
1991-07-02,367.1000
1991-07-03,369.2500
1991-07-04,369.2500
1991-07-05,369.9000
1991-07-08,370.2500
1991-07-09,369.2000
1991-07-10,370.9000
1991-07-11,368.3000
1991-07-12,367.8500
1991-07-15,367.8000
1991-07-16,368.7000
1991-07-17,368.9000
1991-07-18,369.0000
1991-07-19,370.0000
1991-07-22,369.7500
1991-07-23,367.4000
1991-07-24,366.0000
1991-07-25,364.9000
1991-07-26,364.1000
1991-07-29,365.1000
1991-07-30,361.3500
1991-07-31,362.8500
1991-08-01,363.4000
1991-08-02,357.8000
1991-08-05,356.5000
1991-08-06,357.0000
1991-08-07,356.8000
1991-08-08,357.6000
1991-08-09,358.2000
1991-08-12,358.2000
1991-08-13,356.8000
1991-08-14,355.8500
1991-08-15,358.3500
1991-08-16,357.7500
1991-08-19,361.2000
1991-08-20,353.8000
1991-08-21,356.3000
1991-08-22,356.2000
1991-08-23,353.7000
1991-08-27,353.8000
1991-08-28,354.5000
1991-08-29,351.2500
1991-08-30,347.4000
1991-09-02,347.9500
1991-09-03,347.3500
1991-09-04,348.7000
1991-09-05,347.4000
1991-09-06,348.0500
1991-09-09,350.5500
1991-09-10,351.7000
1991-09-11,345.2500
1991-09-12,346.1000
1991-09-13,344.2500
1991-09-16,345.4000
1991-09-17,346.1500
1991-09-18,348.3000
1991-09-19,348.6000
1991-09-20,348.6000
1991-09-23,349.2500
1991-09-24,351.9000
1991-09-25,352.7500
1991-09-26,351.9000
1991-09-27,348.4500
1991-09-30,354.9000
1991-10-01,353.9500
1991-10-02,356.0000
1991-10-03,356.8000
1991-10-04,356.3000
1991-10-07,359.7000
1991-10-08,357.6000
1991-10-09,357.6500
1991-10-10,359.5000
1991-10-11,357.7500
1991-10-14,358.5000
1991-10-15,357.5500
1991-10-16,356.5500
1991-10-17,358.3000
1991-10-18,359.6000
1991-10-21,363.8000
1991-10-22,362.3500
1991-10-23,362.2000
1991-10-24,361.0000
1991-10-25,362.0000
1991-10-28,358.5000
1991-10-29,357.4000
1991-10-30,359.3500
1991-10-31,357.4500
1991-11-01,357.7500
1991-11-04,356.3500
1991-11-05,356.5500
1991-11-06,354.5000
1991-11-07,354.5000
1991-11-08,352.9000
1991-11-11,354.9000
1991-11-12,354.7500
1991-11-13,356.5500
1991-11-14,355.8500
1991-11-15,355.5000
1991-11-18,360.7500
1991-11-19,363.0000
1991-11-20,362.6000
1991-11-21,364.3000
1991-11-22,367.9500
1991-11-25,369.1000
1991-11-26,366.2500
1991-11-27,367.1000
1991-11-28,366.0500
1991-11-29,366.3000
1991-12-02,368.3500
1991-12-03,362.9000
1991-12-04,365.2500
1991-12-05,364.7500
1991-12-06,367.7500
1991-12-09,370.7000
1991-12-10,368.0500
1991-12-11,366.5000
1991-12-12,359.5000
1991-12-13,359.0500
1991-12-16,359.6500
1991-12-17,357.4000
1991-12-18,357.9000
1991-12-19,358.9000
1991-12-20,358.3000
1991-12-23,359.6500
1991-12-27,353.3000
1991-12-30,353.1500
1992-01-02,350.9000
1992-01-03,353.0000
1992-01-06,349.4000
1992-01-07,349.7000
1992-01-08,350.6000
1992-01-09,351.5500
1992-01-10,357.9000
1992-01-13,353.9000
1992-01-14,353.6000
1992-01-15,355.5500
1992-01-16,356.7500
1992-01-17,355.9000
1992-01-20,358.7500
1992-01-21,357.8000
1992-01-22,356.7500
1992-01-23,355.2000
1992-01-24,353.2500
1992-01-27,356.1000
1992-01-28,356.3000
1992-01-29,354.8500
1992-01-30,356.0000
1992-01-31,354.1000
1992-02-03,356.4000
1992-02-04,356.0000
1992-02-05,354.3000
1992-02-06,355.9500
1992-02-07,356.2000
1992-02-10,354.6500
1992-02-11,356.0000
1992-02-12,357.2000
1992-02-13,356.3000
1992-02-14,354.1000
1992-02-17,354.3500
1992-02-18,352.8000
1992-02-19,353.2000
1992-02-20,353.4000
1992-02-21,351.6000
1992-02-24,349.8000
1992-02-25,350.5000
1992-02-26,348.6500
1992-02-27,353.7500
1992-02-28,353.1000
1992-03-02,350.4500
1992-03-03,351.3500
1992-03-04,350.1500
1992-03-05,349.9000
1992-03-06,349.4000
1992-03-09,348.8000
1992-03-10,348.3500
1992-03-11,349.0000
1992-03-12,347.6000
1992-03-13,347.2500
1992-03-16,343.0000
1992-03-17,339.0000
1992-03-18,340.3000
1992-03-19,337.8000
1992-03-20,338.8000
1992-03-23,338.7000
1992-03-24,338.4000
1992-03-25,341.2500
1992-03-26,340.4000
1992-03-27,340.5000
1992-03-30,343.3000
1992-03-31,341.7000
1992-04-01,344.0000
1992-04-02,340.5000
1992-04-03,340.6000
1992-04-06,339.2500
1992-04-07,338.7500
1992-04-08,337.5000
1992-04-09,338.4500
1992-04-10,341.9000
1992-04-13,340.8000
1992-04-14,339.0000
1992-04-15,338.9500
1992-04-16,336.7000
1992-04-21,338.3000
1992-04-22,338.1000
1992-04-23,338.5000
1992-04-24,336.5500
1992-04-27,335.7000
1992-04-28,336.7500
1992-04-29,335.7000
1992-04-30,336.3500
1992-05-01,337.5000
1992-05-05,336.7500
1992-05-06,336.7000
1992-05-07,336.0500
1992-05-08,336.9000
1992-05-11,336.1500
1992-05-12,335.2500
1992-05-13,335.2000
1992-05-14,336.9000
1992-05-15,339.0000
1992-05-18,338.9000
1992-05-19,339.5000
1992-05-20,336.9500
1992-05-21,337.2500
1992-05-22,337.7000
1992-05-26,337.8500
1992-05-27,338.6000
1992-05-28,336.9000
1992-05-29,337.5000
1992-06-01,336.8500
1992-06-02,339.0000
1992-06-03,339.9000
1992-06-04,338.4000
1992-06-05,338.8000
1992-06-08,338.7000
1992-06-09,337.8000
1992-06-10,337.6500
1992-06-11,338.2500
1992-06-12,339.6000
1992-06-15,342.7000
1992-06-16,342.3500
1992-06-17,342.0000
1992-06-18,341.2500
1992-06-19,343.5500
1992-06-22,342.5000
1992-06-23,343.8000
1992-06-24,342.3000
1992-06-25,343.4000
1992-06-26,343.5000
1992-06-29,342.0000
1992-06-30,343.4000
1992-07-01,343.5500
1992-07-02,347.1000
1992-07-03,345.7000
1992-07-06,346.6000
1992-07-07,345.6000
1992-07-08,347.5000
1992-07-09,347.2500
1992-07-10,348.7000
1992-07-13,348.6000
1992-07-14,349.3000
1992-07-15,350.9000
1992-07-16,353.0000
1992-07-17,356.7000
1992-07-20,359.3000
1992-07-21,358.1000
1992-07-22,358.7500
1992-07-23,359.5000
1992-07-24,357.6000
1992-07-27,358.4000
1992-07-28,359.6000
1992-07-29,356.2000
1992-07-30,356.7500
1992-07-31,357.8500
1992-08-03,354.0500
1992-08-04,352.7000
1992-08-05,350.7500
1992-08-06,348.6000
1992-08-07,349.9000
1992-08-10,350.3500
1992-08-11,348.1500
1992-08-12,346.8000
1992-08-13,337.3000
1992-08-14,335.7000
1992-08-17,337.4000
1992-08-18,336.1000
1992-08-19,338.0000
1992-08-20,337.2500
1992-08-21,336.9000
1992-08-24,342.3000
1992-08-25,341.4000
1992-08-26,338.5000
1992-08-27,339.0000
1992-08-28,340.0000
1992-09-01,341.7000
1992-09-02,340.4500
1992-09-03,338.8500
1992-09-04,342.0500
1992-09-07,343.0000
1992-09-08,342.1500
1992-09-09,343.3000
1992-09-10,342.2500
1992-09-11,340.0000
1992-09-14,346.2500
1992-09-15,345.9000
1992-09-16,349.0000
1992-09-17,348.4000
1992-09-18,347.2000
1992-09-21,349.1000
1992-09-22,349.1500
1992-09-23,348.2500
1992-09-24,348.2500
1992-09-25,349.7000
1992-09-28,348.0000
1992-09-29,347.5000
1992-09-30,349.0000
1992-10-01,348.5500
1992-10-02,348.0000
1992-10-05,349.5000
1992-10-06,350.3000
1992-10-07,350.1500
1992-10-08,350.5000
1992-10-09,350.1000
1992-10-12,346.5000
1992-10-13,343.7500
1992-10-14,343.7500
1992-10-15,341.8500
1992-10-16,341.7500
1992-10-19,342.6000
1992-10-20,343.5000
1992-10-21,343.7500
1992-10-22,342.6500
1992-10-23,342.5000
1992-10-26,341.4500
1992-10-27,338.2500
1992-10-28,338.2000
1992-10-29,339.5000
1992-10-30,339.2500
1992-11-02,339.5000
1992-11-03,338.6000
1992-11-04,337.8000
1992-11-05,338.0500
1992-11-06,337.1000
1992-11-09,334.5000
1992-11-10,330.3500
1992-11-11,331.1500
1992-11-12,333.1000
1992-11-13,334.4000
1992-11-16,335.4000
1992-11-17,334.3000
1992-11-18,335.1000
1992-11-19,334.2500
1992-11-20,336.1000
1992-11-23,334.0500
1992-11-24,334.3000
1992-11-25,334.3500
1992-11-26,334.7000
1992-11-27,334.0500
1992-11-30,334.2000
1992-12-01,334.6500
1992-12-02,335.6500
1992-12-03,335.2500
1992-12-04,335.6000
1992-12-07,334.6000
1992-12-08,335.2500
1992-12-09,333.5000
1992-12-10,333.7000
1992-12-11,335.1000
1992-12-14,335.2000
1992-12-15,334.9000
1992-12-16,337.3000
1992-12-17,338.6500
1992-12-18,337.0000
1992-12-21,333.9000
1992-12-22,332.6000
1992-12-23,333.0000
1992-12-29,332.5000
1992-12-30,332.9000
1993-01-04,328.2500
1993-01-05,328.6000
1993-01-06,329.6000
1993-01-07,329.1500
1993-01-08,329.1000
1993-01-11,328.4000
1993-01-12,329.2000
1993-01-13,327.5500
1993-01-14,327.6500
1993-01-15,327.7000
1993-01-18,328.1500
1993-01-19,329.0000
1993-01-20,329.0000
1993-01-21,329.7500
1993-01-22,328.7500
1993-01-25,328.4500
1993-01-26,330.9000
1993-01-27,330.6000
1993-01-28,329.9500
1993-01-29,330.4500
1993-02-01,329.7500
1993-02-02,329.6500
1993-02-03,328.2000
1993-02-04,328.0000
1993-02-05,327.7500
1993-02-08,327.9500
1993-02-09,328.0500
1993-02-10,329.8500
1993-02-11,332.0000
1993-02-12,329.2000
1993-02-15,328.6000
1993-02-16,329.4500
1993-02-17,330.6000
1993-02-18,329.9500
1993-02-19,330.8000
1993-02-22,329.7000
1993-02-23,329.6000
1993-02-24,329.9000
1993-02-25,329.6000
1993-02-26,327.6000
1993-03-01,328.5000
1993-03-02,329.1500
1993-03-03,329.5500
1993-03-04,328.0500
1993-03-05,329.7500
1993-03-08,327.5000
1993-03-09,326.9500
1993-03-10,326.1000
1993-03-11,326.9000
1993-03-12,327.0000
1993-03-15,328.0000
1993-03-16,329.0000
1993-03-17,328.7500
1993-03-18,330.2500
1993-03-19,331.6500
1993-03-22,332.6000
1993-03-23,331.9000
1993-03-24,331.0000
1993-03-25,332.6000
1993-03-26,332.7000
1993-03-29,331.7000
1993-03-30,334.4000
1993-03-31,337.8000
1993-04-01,336.3500
1993-04-02,340.1000
1993-04-05,339.2500
1993-04-06,338.4000
1993-04-07,336.7500
1993-04-08,337.5000
1993-04-13,336.7000
1993-04-14,338.2500
1993-04-15,338.9000
1993-04-16,337.8500
1993-04-19,339.6000
1993-04-20,339.9000
1993-04-21,339.0000
1993-04-22,339.3000
1993-04-23,344.9000
1993-04-26,349.2500
1993-04-27,351.4000
1993-04-28,349.7000
1993-04-29,355.6000
1993-04-30,354.3000
1993-05-04,356.1500
1993-05-05,354.2500
1993-05-06,355.5000
1993-05-07,357.5000
1993-05-10,356.8000
1993-05-11,355.3500
1993-05-12,356.2000
1993-05-13,367.0000
1993-05-14,368.2000
1993-05-17,369.2500
1993-05-18,367.8000
1993-05-19,381.9000
1993-05-20,373.8000
1993-05-21,373.2500
1993-05-24,379.2500
1993-05-25,377.5000
1993-05-26,374.5000
1993-05-27,374.7500
1993-05-28,377.4500
1993-06-01,377.3500
1993-06-02,369.0000
1993-06-03,374.7000
1993-06-04,377.6000
1993-06-07,372.8000
1993-06-08,375.2500
1993-06-09,371.4500
1993-06-10,370.8000
1993-06-11,370.3500
1993-06-14,363.0000
1993-06-15,365.3500
1993-06-16,368.0000
1993-06-17,369.4500
1993-06-18,370.9000
1993-06-21,370.5500
1993-06-22,368.8000
1993-06-23,367.1000
1993-06-24,373.9000
1993-06-25,376.1000
1993-06-28,375.3500
1993-06-29,375.3500
1993-06-30,378.4500
1993-07-01,379.0000
1993-07-02,388.1000
1993-07-05,387.6000
1993-07-06,391.6500
1993-07-07,395.8000
1993-07-08,395.2000
1993-07-09,393.1000
1993-07-12,393.4000
1993-07-13,392.4500
1993-07-14,394.4000
1993-07-15,392.7000
1993-07-16,392.0000
1993-07-19,394.8000
1993-07-20,392.1000
1993-07-21,392.4000
1993-07-22,389.1500
1993-07-23,391.3000
1993-07-26,391.7500
1993-07-27,392.3500
1993-07-28,393.1500
1993-07-29,394.0000
1993-07-30,401.7500
1993-08-02,405.6000
1993-08-03,403.7500
1993-08-04,402.6500
1993-08-05,387.7500
1993-08-06,379.4000
1993-08-09,381.7000
1993-08-10,380.3500
1993-08-11,376.0000
1993-08-12,376.3000
1993-08-13,367.6000
1993-08-16,372.6000
1993-08-17,371.6000
1993-08-18,373.7000
1993-08-19,373.4000
1993-08-20,373.2500
1993-08-23,373.1000
1993-08-24,373.6500
1993-08-25,371.1500
1993-08-26,371.2500
1993-08-27,369.2500
1993-08-31,371.5500
1993-09-01,369.0500
1993-09-02,369.2500
1993-09-03,362.8000
1993-09-06,364.2500
1993-09-07,354.8000
1993-09-08,351.7500
1993-09-09,353.3000
1993-09-10,351.5000
1993-09-13,344.2000
1993-09-14,343.7000
1993-09-15,348.0000
1993-09-16,352.7500
1993-09-17,351.8500
1993-09-20,354.0000
1993-09-21,354.7500
1993-09-22,354.4000
1993-09-23,357.0000
1993-09-24,357.6000
1993-09-27,356.6500
1993-09-28,355.7500
1993-09-29,353.2000
1993-09-30,355.5000
1993-10-01,354.0000
1993-10-04,351.7500
1993-10-05,353.8000
1993-10-06,356.2500
1993-10-07,357.3000
1993-10-08,358.5000
1993-10-11,361.4000
1993-10-12,360.6000
1993-10-13,366.4000
1993-10-14,367.2500
1993-10-15,364.6000
1993-10-18,365.2000
1993-10-19,366.4000
1993-10-20,372.5000
1993-10-21,374.5000
1993-10-22,367.9000
1993-10-25,371.5000
1993-10-26,368.2500
1993-10-27,371.5000
1993-10-28,368.5500
1993-10-29,369.6000
1993-11-01,363.2500
1993-11-02,363.0000
1993-11-03,363.5500
1993-11-04,372.0000
1993-11-05,377.7500
1993-11-08,375.6500
1993-11-09,376.0000
1993-11-10,374.9000
1993-11-11,376.7500
1993-11-12,376.7500
1993-11-15,374.7000
1993-11-16,375.0000
1993-11-17,371.8000
1993-11-18,376.7500
1993-11-19,377.5000
1993-11-22,378.4000
1993-11-23,377.6000
1993-11-24,376.3500
1993-11-25,377.6000
1993-11-26,376.8500
1993-11-29,371.1500
1993-11-30,370.9000
1993-12-01,373.1000
1993-12-02,374.6500
1993-12-03,376.7500
1993-12-06,377.0000
1993-12-07,376.9000
1993-12-08,382.3000
1993-12-09,382.5000
1993-12-10,382.3000
1993-12-13,386.2500
1993-12-14,387.0000
1993-12-15,385.6000
1993-12-16,386.1000
1993-12-17,386.5000
1993-12-20,389.7500
1993-12-21,387.5000
1993-12-22,385.6500
1993-12-23,384.9500
1993-12-29,386.1000
1993-12-30,391.7500
1994-01-04,394.1000
1994-01-05,395.2500
1994-01-06,385.6500
1994-01-07,390.5000
1994-01-10,383.7000
1994-01-11,385.4500
1994-01-12,386.1000
1994-01-13,388.7500
1994-01-14,390.1000
1994-01-17,392.3000
1994-01-18,392.5500
1994-01-19,391.7000
1994-01-20,391.8000
1994-01-21,386.0000
1994-01-24,378.8000
1994-01-25,382.0000
1994-01-26,383.0000
1994-01-27,383.6000
1994-01-28,378.2500
1994-01-31,377.9000
1994-02-01,381.6500
1994-02-02,384.7000
1994-02-03,385.6500
1994-02-04,388.5000
1994-02-07,383.5000
1994-02-08,380.5500
1994-02-09,380.7500
1994-02-10,382.5000
1994-02-11,381.8500
1994-02-14,383.2500
1994-02-15,385.0000
1994-02-16,383.5000
1994-02-17,384.5000
1994-02-18,379.9500
1994-02-21,380.0000
1994-02-22,379.4000
1994-02-23,375.7500
1994-02-24,376.7000
1994-02-25,378.9500
1994-02-28,381.5500
1994-03-01,381.3000
1994-03-02,376.9500
1994-03-03,377.7000
1994-03-04,375.9500
1994-03-07,377.5000
1994-03-08,376.1000
1994-03-09,375.3000
1994-03-10,380.5000
1994-03-11,386.6500
1994-03-14,386.5000
1994-03-15,387.1000
1994-03-16,385.5000
1994-03-17,383.4000
1994-03-18,386.5500
1994-03-21,386.4500
1994-03-22,389.1500
1994-03-23,388.2500
1994-03-24,390.4000
1994-03-25,391.3000
1994-03-28,389.2500
1994-03-29,386.8000
1994-03-30,387.1500
1994-03-31,389.2000
1994-04-05,384.7500
1994-04-06,383.9000
1994-04-07,384.3000
1994-04-08,385.4500
1994-04-11,381.7500
1994-04-12,378.0000
1994-04-13,378.5000
1994-04-14,377.6500
1994-04-15,377.0000
1994-04-18,378.1000
1994-04-19,373.1000
1994-04-20,371.3500
1994-04-21,373.3000
1994-04-22,369.6500
1994-04-25,373.0000
1994-04-26,374.3000
1994-04-27,374.2500
1994-04-28,373.3500
1994-04-29,376.4500
1994-05-03,375.1000
1994-05-04,375.1500
1994-05-05,374.5000
1994-05-06,373.4000
1994-05-09,381.0000
1994-05-10,380.1500
1994-05-11,380.5000
1994-05-12,379.2500
1994-05-13,381.6500
1994-05-16,379.3000
1994-05-17,382.5500
1994-05-18,379.6000
1994-05-19,383.3000
1994-05-20,383.1500
1994-05-23,386.4500
1994-05-24,388.0000
1994-05-25,387.3000
1994-05-26,384.9000
1994-05-27,385.4000
1994-05-31,387.6000
1994-06-01,386.3000
1994-06-02,383.2500
1994-06-03,382.9500
1994-06-06,378.4000
1994-06-07,380.5000
1994-06-08,381.4500
1994-06-09,382.5500
1994-06-10,383.0500
1994-06-13,382.6000
1994-06-14,383.8000
1994-06-15,384.1000
1994-06-16,386.8500
1994-06-17,387.8500
1994-06-20,389.3000
1994-06-21,390.3000
1994-06-22,392.4500
1994-06-23,389.0000
1994-06-24,389.9000
1994-06-27,389.2500
1994-06-28,386.5500
1994-06-29,385.5000
1994-06-30,388.2500
1994-07-01,384.6000
1994-07-04,386.6000
1994-07-05,387.3000
1994-07-06,385.5000
1994-07-07,383.0000
1994-07-08,383.1500
1994-07-11,385.7500
1994-07-12,386.3000
1994-07-13,384.6500
1994-07-14,384.2000
1994-07-15,384.9000
1994-07-18,386.5000
1994-07-19,384.6500
1994-07-20,387.4500
1994-07-21,385.9000
1994-07-22,384.0000
1994-07-25,385.0000
1994-07-26,386.2000
1994-07-27,388.5500
1994-07-28,387.1000
1994-07-29,384.0000
1994-08-01,383.8500
1994-08-02,380.0000
1994-08-03,378.4500
1994-08-04,377.5000
1994-08-05,378.3000
1994-08-08,377.6000
1994-08-09,378.6500
1994-08-10,378.3000
1994-08-11,377.6000
1994-08-12,378.2000
1994-08-15,376.6000
1994-08-16,376.3000
1994-08-17,377.2000
1994-08-18,380.6500
1994-08-19,381.8000
1994-08-22,382.6000
1994-08-23,381.3500
1994-08-24,383.9000
1994-08-25,383.3000
1994-08-26,383.3000
1994-08-30,386.6000
1994-08-31,385.7500
1994-09-01,386.0000
1994-09-02,386.7000
1994-09-05,386.9000
1994-09-06,387.6000
1994-09-07,389.7000
1994-09-08,391.5000
1994-09-09,390.7500
1994-09-12,391.1000
1994-09-13,389.6000
1994-09-14,390.3000
1994-09-15,388.0000
1994-09-16,390.0000
1994-09-19,389.9000
1994-09-20,393.9000
1994-09-21,394.9000
1994-09-22,393.7000
1994-09-23,395.7000
1994-09-26,395.8000
1994-09-27,395.8000
1994-09-28,396.2500
1994-09-29,395.7000
1994-09-30,394.8500
1994-10-03,393.1500
1994-10-04,392.4500
1994-10-05,393.7000
1994-10-06,392.0000
1994-10-07,392.0000
1994-10-10,391.2000
1994-10-11,387.6500
1994-10-12,387.9000
1994-10-13,387.2500
1994-10-14,387.4500
1994-10-17,389.0000
1994-10-18,389.7500
1994-10-19,391.1000
1994-10-20,391.5500
1994-10-21,390.9500
1994-10-24,389.3000
1994-10-25,389.2000
1994-10-26,388.9000
1994-10-27,389.1500
1994-10-28,387.7000
1994-10-31,383.8500
1994-11-01,384.5000
1994-11-02,383.8500
1994-11-03,383.8000
1994-11-04,383.8000
1994-11-07,382.7000
1994-11-08,384.6500
1994-11-09,383.6000
1994-11-10,384.2000
1994-11-11,385.3000
1994-11-14,385.1000
1994-11-15,386.7000
1994-11-16,386.2500
1994-11-17,386.7500
1994-11-18,384.0000
1994-11-21,383.4000
1994-11-22,383.8000
1994-11-23,384.7000
1994-11-24,384.3000
1994-11-25,384.8500
1994-11-28,384.0000
1994-11-29,383.2000
1994-11-30,383.1000
1994-12-01,380.1000
1994-12-02,379.0000
1994-12-05,376.6000
1994-12-06,375.7500
1994-12-07,377.0000
1994-12-08,376.2000
1994-12-09,376.5000
1994-12-12,377.1500
1994-12-13,379.1000
1994-12-14,380.5000
1994-12-15,379.2000
1994-12-16,380.3500
1994-12-19,379.2000
1994-12-20,381.9000
1994-12-21,382.0500
1994-12-22,381.5500
1994-12-28,381.7500
1994-12-29,383.2500
1995-01-03,380.9000
1995-01-04,375.6000
1995-01-05,375.3000
1995-01-06,375.2000
1995-01-09,372.4000
1995-01-10,374.1000
1995-01-11,375.6000
1995-01-12,380.5000
1995-01-13,378.6000
1995-01-16,377.5500
1995-01-17,379.8000
1995-01-18,382.6000
1995-01-19,381.9000
1995-01-20,383.8500
1995-01-23,382.3500
1995-01-24,381.3000
1995-01-25,381.4500
1995-01-26,381.3500
1995-01-27,378.4000
1995-01-30,375.9000
1995-01-31,374.9000
1995-02-01,376.2500
1995-02-02,375.9000
1995-02-03,375.6500
1995-02-06,374.5000
1995-02-07,374.5000
1995-02-08,374.6000
1995-02-09,376.6000
1995-02-10,376.4000
1995-02-13,374.5000
1995-02-14,376.0000
1995-02-15,376.6000
1995-02-16,376.7500
1995-02-17,378.2500
1995-02-20,379.2000
1995-02-21,378.6500
1995-02-22,379.2000
1995-02-23,379.5000
1995-02-24,377.7500
1995-02-27,375.6000
1995-02-28,376.4000
1995-03-01,375.7000
1995-03-02,374.7500
1995-03-03,377.2500
1995-03-06,378.8500
1995-03-07,382.0000
1995-03-08,380.0000
1995-03-09,380.9000
1995-03-10,381.4000
1995-03-13,385.5000
1995-03-14,384.7000
1995-03-15,386.1500
1995-03-16,383.7000
1995-03-17,382.6500
1995-03-20,382.2000
1995-03-21,382.9000
1995-03-22,382.2500
1995-03-23,383.4500
1995-03-24,382.1000
1995-03-27,382.2000
1995-03-28,381.7000
1995-03-29,383.0000
1995-03-30,383.4000
1995-03-31,392.0000
1995-04-03,392.3000
1995-04-04,391.7000
1995-04-05,392.0500
1995-04-06,393.4000
1995-04-07,393.1000
1995-04-10,389.3000
1995-04-11,390.0000
1995-04-12,390.0500
1995-04-13,389.2000
1995-04-18,392.8500
1995-04-19,395.5500
1995-04-20,393.3000
1995-04-21,390.3500
1995-04-24,390.6500
1995-04-25,389.7500
1995-04-26,388.9000
1995-04-27,386.3500
1995-04-28,389.7500
1995-05-01,387.2000
1995-05-02,388.5500
1995-05-03,388.7000
1995-05-04,390.1000
1995-05-05,391.0000
1995-05-09,388.1000
1995-05-10,383.2000
1995-05-11,383.6500
1995-05-12,384.6000
1995-05-15,383.7500
1995-05-16,383.8500
1995-05-17,382.9000
1995-05-18,383.0000
1995-05-19,383.0000
1995-05-22,381.5500
1995-05-23,382.0000
1995-05-24,383.1000
1995-05-25,385.8000
1995-05-26,385.5000
1995-05-30,385.7500
1995-05-31,384.3000
1995-06-01,383.5000
1995-06-02,384.1500
1995-06-05,383.2500
1995-06-06,384.2000
1995-06-07,385.9000
1995-06-08,385.0500
1995-06-09,386.4000
1995-06-12,387.5000
1995-06-13,387.0000
1995-06-14,387.7500
1995-06-15,388.5000
1995-06-16,391.3000
1995-06-19,390.5000
1995-06-20,390.7500
1995-06-21,390.7000
1995-06-22,389.6500
1995-06-23,389.2000
1995-06-26,389.0000
1995-06-27,389.4000
1995-06-28,388.2500
1995-06-29,387.3000
1995-06-30,387.0500
1995-07-03,384.5000
1995-07-04,384.7500
1995-07-05,384.2500
1995-07-06,384.1500
1995-07-07,385.7500
1995-07-10,385.8000
1995-07-11,384.7500
1995-07-12,386.7000
1995-07-13,389.2000
1995-07-14,388.4000
1995-07-17,388.4000
1995-07-18,389.6000
1995-07-19,390.4500
1995-07-20,386.8500
1995-07-21,385.9500
1995-07-24,386.6500
1995-07-25,386.7000
1995-07-26,386.0000
1995-07-27,385.7000
1995-07-28,383.0000
1995-07-31,383.3500
1995-08-01,382.8500
1995-08-02,382.6500
1995-08-03,384.0000
1995-08-04,384.0000
1995-08-07,384.1000
1995-08-08,384.5000
1995-08-09,384.4000
1995-08-10,384.0500
1995-08-11,383.5500
1995-08-14,383.5000
1995-08-15,386.3500
1995-08-16,382.0000
1995-08-17,384.3500
1995-08-18,384.5000
1995-08-21,384.7000
1995-08-22,384.0500
1995-08-23,382.7500
1995-08-24,384.0000
1995-08-25,383.1000
1995-08-29,383.0000
1995-08-30,381.6500
1995-08-31,382.3500
1995-09-01,381.5000
1995-09-04,379.7000
1995-09-05,379.4000
1995-09-06,380.0500
1995-09-07,381.4500
1995-09-08,382.4000
1995-09-11,382.1000
1995-09-12,383.1000
1995-09-13,384.9000
1995-09-14,385.1000
1995-09-15,385.0000
1995-09-18,385.4000
1995-09-19,384.8500
1995-09-20,384.5000
1995-09-21,383.4000
1995-09-22,383.5000
1995-09-25,382.7500
1995-09-26,383.8000
1995-09-27,383.7500
1995-09-28,383.5000
1995-09-29,384.0000
1995-10-02,383.2500
1995-10-03,382.2000
1995-10-04,382.5000
1995-10-05,383.2500
1995-10-06,383.0500
1995-10-09,384.5000
1995-10-10,385.1000
1995-10-11,384.5000
1995-10-12,384.4500
1995-10-13,383.8000
1995-10-16,383.8500
1995-10-17,383.4000
1995-10-18,383.6500
1995-10-19,381.7500
1995-10-20,381.7500
1995-10-23,382.5500
1995-10-24,382.5000
1995-10-25,382.6500
1995-10-26,382.9000
1995-10-27,382.6000
1995-10-30,382.1500
1995-10-31,382.6500
1995-11-01,381.9500
1995-11-02,382.0500
1995-11-03,382.5500
1995-11-06,382.2000
1995-11-07,384.8000
1995-11-08,384.8000
1995-11-09,385.0000
1995-11-10,389.4000
1995-11-13,388.3000
1995-11-14,385.8500
1995-11-15,385.3000
1995-11-16,385.2000
1995-11-17,386.3500
1995-11-20,386.3000
1995-11-21,386.3000
1995-11-22,384.3500
1995-11-23,382.8000
1995-11-24,383.4500
1995-11-27,384.6000
1995-11-28,388.9000
1995-11-29,388.5000
1995-11-30,387.8000
1995-12-01,386.2000
1995-12-04,385.9000
1995-12-05,386.5500
1995-12-06,388.4000
1995-12-07,387.8000
1995-12-08,388.8000
1995-12-11,389.6000
1995-12-12,388.8000
1995-12-13,387.6000
1995-12-14,385.7000
1995-12-15,386.2000
1995-12-18,387.2000
1995-12-19,388.1000
1995-12-20,387.6000
1995-12-21,388.0500
1995-12-27,387.0500
1995-12-28,387.0000
1996-01-02,389.1500
1996-01-03,393.4000
1996-01-04,394.2500
1996-01-05,395.9000
1996-01-08,396.6000
1996-01-09,394.5500
1996-01-10,400.0000
1996-01-11,399.0000
1996-01-12,399.6000
1996-01-15,395.5500
1996-01-16,397.6000
1996-01-17,397.7000
1996-01-18,397.5000
1996-01-19,399.1000
1996-01-22,402.2000
1996-01-23,403.6500
1996-01-24,402.5000
1996-01-25,406.6000
1996-01-26,406.5000
1996-01-29,404.5000
1996-01-30,406.5500
1996-01-31,405.5500
1996-02-01,409.1000
1996-02-02,414.5000
1996-02-05,414.8000
1996-02-06,412.3000
1996-02-07,414.2000
1996-02-08,407.9000
1996-02-09,408.0000
1996-02-12,404.5000
1996-02-13,403.2000
1996-02-14,403.1000
1996-02-15,404.6000
1996-02-16,404.8500
1996-02-19,405.3500
1996-02-20,402.2000
1996-02-21,396.8000
1996-02-22,399.6500
1996-02-23,398.2500
1996-02-26,399.0000
1996-02-27,399.5000
1996-02-28,397.5500
1996-02-29,400.6500
1996-03-01,398.3500
1996-03-04,393.7000
1996-03-05,393.6000
1996-03-06,393.6000
1996-03-07,393.9000
1996-03-08,396.8000
1996-03-11,395.7500
1996-03-12,396.2500
1996-03-13,396.5000
1996-03-14,395.5000
1996-03-15,395.7000
1996-03-18,394.0000
1996-03-19,395.1000
1996-03-20,394.9000
1996-03-21,395.8000
1996-03-22,397.7000
1996-03-25,397.9000
1996-03-26,399.9000
1996-03-27,400.3500
1996-03-28,398.7000
1996-03-29,396.3500
1996-04-01,394.2000
1996-04-02,394.3500
1996-04-03,394.6500
1996-04-04,393.7500
1996-04-09,396.3000
1996-04-10,394.5500
1996-04-11,394.3000
1996-04-12,394.7500
1996-04-15,393.2000
1996-04-16,393.5000
1996-04-17,391.1000
1996-04-18,390.5000
1996-04-19,390.9000
1996-04-22,391.0000
1996-04-23,391.7500
1996-04-24,390.8000
1996-04-25,393.3000
1996-04-26,391.9000
1996-04-29,390.8500
1996-04-30,391.3000
1996-05-01,392.3000
1996-05-02,392.4000
1996-05-03,394.0000
1996-05-07,393.7000
1996-05-08,394.8000
1996-05-09,392.7000
1996-05-10,393.2000
1996-05-13,391.0000
1996-05-14,390.7000
1996-05-15,392.2000
1996-05-16,391.9000
1996-05-17,391.9500
1996-05-20,390.8500
1996-05-21,391.0000
1996-05-22,390.8000
1996-05-23,391.4000
1996-05-24,390.8500
1996-05-28,392.0000
1996-05-29,391.0000
1996-05-30,391.3000
1996-05-31,390.5500
1996-06-03,390.7000
1996-06-04,389.7000
1996-06-05,387.6500
1996-06-06,384.8500
1996-06-07,386.6000
1996-06-10,385.6500
1996-06-11,384.9000
1996-06-12,384.8000
1996-06-13,384.7000
1996-06-14,384.1000
1996-06-17,385.0000
1996-06-18,384.8500
1996-06-19,386.3000
1996-06-20,384.4000
1996-06-21,383.2000
1996-06-24,384.2000
1996-06-25,385.1000
1996-06-26,383.8000
1996-06-27,382.9500
1996-06-28,382.0000
1996-07-01,381.5500
1996-07-02,381.9500
1996-07-03,381.9500
1996-07-04,381.0000
1996-07-05,381.5000
1996-07-08,381.9000
1996-07-09,382.9000
1996-07-10,383.0000
1996-07-11,382.7000
1996-07-12,383.6000
1996-07-15,382.7500
1996-07-16,384.2500
1996-07-17,383.4000
1996-07-18,384.0000
1996-07-19,384.5000
1996-07-22,384.8500
1996-07-23,385.1000
1996-07-24,384.4000
1996-07-25,384.8000
1996-07-26,385.2000
1996-07-29,384.5000
1996-07-30,384.8000
1996-07-31,385.3000
1996-08-01,386.2500
1996-08-02,386.3500
1996-08-05,389.7500
1996-08-06,388.5000
1996-08-07,388.0000
1996-08-08,387.6000
1996-08-09,387.5000
1996-08-12,387.1500
1996-08-13,387.6000
1996-08-14,386.7000
1996-08-15,386.2000
1996-08-16,386.2000
1996-08-19,386.4000
1996-08-20,387.1000
1996-08-21,386.8000
1996-08-22,387.0000
1996-08-23,387.5000
1996-08-27,388.8000
1996-08-28,388.5000
1996-08-29,388.0000
1996-08-30,386.4500
1996-09-02,386.5500
1996-09-03,386.6000
1996-09-04,385.6000
1996-09-05,386.0000
1996-09-06,385.4000
1996-09-09,384.6000
1996-09-10,383.1000
1996-09-11,383.5000
1996-09-12,382.1000
1996-09-13,382.8000
1996-09-16,382.8000
1996-09-17,383.4500
1996-09-18,383.0000
1996-09-19,382.7500
1996-09-20,381.7500
1996-09-23,381.0000
1996-09-24,382.3000
1996-09-25,382.4000
1996-09-26,380.4500
1996-09-27,380.7000
1996-09-30,379.0000
1996-10-01,378.6500
1996-10-02,380.3000
1996-10-03,378.8500
1996-10-04,380.7000
1996-10-07,380.1000
1996-10-08,380.8500
1996-10-09,381.3500
1996-10-10,381.7500
1996-10-11,380.7500
1996-10-14,380.9000
1996-10-15,381.0000
1996-10-16,381.5000
1996-10-17,380.6000
1996-10-18,380.0000
1996-10-21,381.0000
1996-10-22,383.3500
1996-10-23,383.5000
1996-10-24,383.0000
1996-10-25,382.5500
1996-10-28,382.9000
1996-10-29,381.7000
1996-10-30,379.7000
1996-10-31,379.5000
1996-11-01,377.6000
1996-11-04,378.7000
1996-11-05,379.3000
1996-11-06,378.0000
1996-11-07,378.6000
1996-11-08,378.1500
1996-11-11,380.5000
1996-11-12,381.9000
1996-11-13,383.6000
1996-11-14,383.0000
1996-11-15,379.2500
1996-11-18,379.1000
1996-11-19,378.2000
1996-11-20,379.1000
1996-11-21,377.0000
1996-11-22,377.0000
1996-11-25,375.4000
1996-11-26,373.5000
1996-11-27,373.0000
1996-11-28,372.6500
1996-11-29,371.3000
1996-12-02,370.7500
1996-12-03,367.4000
1996-12-04,370.9000
1996-12-05,369.0000
1996-12-06,370.2500
1996-12-09,369.0000
1996-12-10,368.2500
1996-12-11,368.2500
1996-12-12,368.6000
1996-12-13,369.0000
1996-12-16,368.2500
1996-12-17,368.2000
1996-12-18,368.7000
1996-12-19,369.0000
1996-12-20,369.0000
1996-12-23,368.7500
1996-12-27,369.4000
1996-12-30,369.2500
1997-01-02,366.5500
1997-01-03,364.0000
1997-01-06,358.5000
1997-01-07,359.0000
1997-01-08,356.6000
1997-01-09,356.5000
1997-01-10,358.2500
1997-01-13,359.6000
1997-01-14,357.4000
1997-01-15,354.4500
1997-01-16,353.0500
1997-01-17,355.7500
1997-01-20,353.1000
1997-01-21,354.7000
1997-01-22,351.2000
1997-01-23,348.0000
1997-01-24,352.5000
1997-01-27,353.6000
1997-01-28,353.7000
1997-01-29,351.1000
1997-01-30,349.2500
1997-01-31,345.5000
1997-02-03,344.3000
1997-02-04,345.7000
1997-02-05,343.4000
1997-02-06,342.8000
1997-02-07,339.7500
1997-02-10,340.4000
1997-02-11,339.4000
1997-02-12,337.7000
1997-02-13,342.6500
1997-02-14,342.4000
1997-02-17,344.1000
1997-02-18,345.0000
1997-02-19,346.2500
1997-02-20,345.0000
1997-02-21,353.3000
1997-02-24,353.0500
1997-02-25,353.1000
1997-02-26,354.7500
1997-02-27,360.0000
1997-02-28,358.6000
1997-03-03,362.1500
1997-03-04,359.4000
1997-03-05,354.5000
1997-03-06,353.1000
1997-03-07,350.3000
1997-03-10,350.2500
1997-03-11,351.9500
1997-03-12,351.4000
1997-03-13,352.9000
1997-03-14,352.8000
1997-03-17,351.4000
1997-03-18,346.3000
1997-03-19,349.1000
1997-03-20,352.0000
1997-03-21,352.8000
1997-03-24,350.2000
1997-03-25,349.6000
1997-03-26,346.0500
1997-03-27,348.1500
1997-04-01,350.0000
1997-04-02,351.0500
1997-04-03,348.7500
1997-04-04,347.4000
1997-04-07,349.0000
1997-04-08,349.1000
1997-04-09,347.8000
1997-04-10,347.6000
1997-04-11,347.9500
1997-04-14,346.7500
1997-04-15,343.0000
1997-04-16,339.9000
1997-04-17,340.4000
1997-04-18,342.1000
1997-04-21,342.2500
1997-04-22,341.6000
1997-04-23,341.0000
1997-04-24,340.9000
1997-04-25,342.2500
1997-04-28,340.2000
1997-04-29,339.2500
1997-04-30,340.1500
1997-05-01,339.2500
1997-05-02,339.6500
1997-05-06,342.4500
1997-05-07,341.1000
1997-05-08,343.7500
1997-05-09,345.8500
1997-05-12,348.2000
1997-05-13,348.9000
1997-05-14,349.1000
1997-05-15,346.4000
1997-05-16,344.5000
1997-05-19,340.7000
1997-05-20,343.0000
1997-05-21,342.7000
1997-05-22,342.7500
1997-05-23,342.5500
1997-05-27,343.6500
1997-05-28,342.8000
1997-05-29,343.9000
1997-05-30,345.6000
1997-06-02,343.9000
1997-06-03,343.5500
1997-06-04,341.7500
1997-06-05,340.8000
1997-06-06,344.0000
1997-06-09,344.2500
1997-06-10,343.7500
1997-06-11,343.8000
1997-06-12,342.2000
1997-06-13,341.4000
1997-06-16,341.5000
1997-06-17,342.1500
1997-06-18,341.6000
1997-06-19,340.2000
1997-06-20,338.2000
1997-06-23,338.0000
1997-06-24,338.3500
1997-06-25,338.4500
1997-06-26,336.9500
1997-06-27,336.5500
1997-06-30,334.5500
1997-07-01,333.7000
1997-07-02,332.1500
1997-07-03,332.5500
1997-07-04,324.4500
1997-07-07,318.0000
1997-07-08,320.8000
1997-07-09,317.3000
1997-07-10,319.8000
1997-07-11,319.5000
1997-07-14,321.7000
1997-07-15,319.7500
1997-07-16,319.5000
1997-07-17,319.4000
1997-07-18,324.2000
1997-07-21,326.2000
1997-07-22,328.2500
1997-07-23,324.9000
1997-07-24,321.9500
1997-07-25,324.1000
1997-07-28,325.7500
1997-07-29,326.5500
1997-07-30,327.5500
1997-07-31,326.3500
1997-08-01,324.1000
1997-08-04,323.5500
1997-08-05,321.1000
1997-08-06,319.3500
1997-08-07,321.0000
1997-08-08,323.7000
1997-08-11,327.7000
1997-08-12,326.1500
1997-08-13,326.2000
1997-08-14,326.1500
1997-08-15,324.6500
1997-08-18,322.6000
1997-08-19,323.4500
1997-08-20,322.0500
1997-08-21,323.0000
1997-08-22,324.0000
1997-08-26,325.5000
1997-08-27,324.7500
1997-08-28,325.8500
1997-08-29,325.3500
1997-09-01,324.5000
1997-09-02,322.4000
1997-09-03,321.7000
1997-09-04,321.7000
1997-09-05,321.2500
1997-09-08,321.5000
1997-09-09,321.7000
1997-09-10,320.8000
1997-09-11,321.6500
1997-09-12,323.3500
1997-09-15,322.3000
1997-09-16,321.0000
1997-09-17,320.4500
1997-09-18,320.8500
1997-09-19,322.0500
1997-09-22,320.8500
1997-09-23,320.9000
1997-09-24,322.7000
1997-09-25,324.6000
1997-09-26,326.6500
1997-09-29,327.1000
1997-09-30,332.1000
1997-10-01,337.1500
1997-10-02,333.3500
1997-10-03,331.7000
1997-10-06,332.5000
1997-10-07,331.9500
1997-10-08,332.6000
1997-10-09,333.4000
1997-10-10,328.9000
1997-10-13,328.2000
1997-10-14,327.7500
1997-10-15,326.5000
1997-10-16,327.3500
1997-10-17,324.3000
1997-10-20,323.9000
1997-10-21,323.3000
1997-10-22,322.4500
1997-10-23,324.3000
1997-10-24,316.6500
1997-10-27,311.8000
1997-10-28,312.3500
1997-10-29,313.5000
1997-10-30,316.7500
1997-10-31,311.4000
1997-11-03,313.8000
1997-11-04,315.3500
1997-11-05,313.5000
1997-11-06,312.0500
1997-11-07,308.7000
1997-11-10,310.7500
1997-11-11,312.6500
1997-11-12,308.1500
1997-11-13,308.1500
1997-11-14,301.7500
1997-11-17,303.7500
1997-11-18,304.1000
1997-11-19,305.9500
1997-11-20,302.7000
1997-11-21,303.9000
1997-11-24,305.0000
1997-11-25,300.7000
1997-11-26,297.0000
1997-11-27,296.0000
1997-11-28,296.8000
1997-12-01,294.3500
1997-12-02,295.1000
1997-12-03,293.0000
1997-12-04,289.3500
1997-12-05,287.4000
1997-12-08,287.5000
1997-12-09,283.2500
1997-12-10,286.3000
1997-12-11,284.8000
1997-12-12,283.0000
1997-12-15,283.6000
1997-12-16,285.5000
1997-12-17,287.8500
1997-12-18,290.0000
1997-12-19,288.9000
1997-12-22,290.4500
1997-12-23,292.5000
1997-12-29,293.0500
1997-12-30,290.2000
1998-01-02,288.0000
1998-01-05,284.4000
1998-01-06,282.8000
1998-01-07,281.6000
1998-01-08,281.6500
1998-01-09,278.7000
1998-01-12,278.9000
1998-01-13,279.5000
1998-01-14,282.5000
1998-01-15,282.5000
1998-01-16,290.0000
1998-01-19,287.2500
1998-01-20,288.4000
1998-01-21,291.0000
1998-01-22,293.8000
1998-01-23,291.0000
1998-01-26,302.7500
1998-01-27,298.9000
1998-01-28,300.0000
1998-01-29,302.5000
1998-01-30,304.8500
1998-02-02,301.5000
1998-02-03,298.3500
1998-02-04,298.1500
1998-02-05,298.5000
1998-02-06,299.1000
1998-02-09,300.6000
1998-02-10,299.5000
1998-02-11,298.4500
1998-02-12,299.4500
1998-02-13,299.1500
1998-02-16,298.2000
1998-02-17,299.3000
1998-02-18,298.1500
1998-02-19,298.0000
1998-02-20,296.7000
1998-02-23,292.7000
1998-02-24,291.4000
1998-02-25,292.2500
1998-02-26,293.0000
1998-02-27,297.4000
1998-03-02,298.3500
1998-03-03,297.0000
1998-03-04,296.7500
1998-03-05,293.7000
1998-03-06,294.9000
1998-03-09,293.8500
1998-03-10,294.4000
1998-03-11,294.1000
1998-03-12,293.8500
1998-03-13,294.5500
1998-03-16,294.2000
1998-03-17,293.8000
1998-03-18,290.4000
1998-03-19,291.5000
1998-03-20,292.4000
1998-03-23,293.0000
1998-03-24,300.3000
1998-03-25,299.2500
1998-03-26,299.6000
1998-03-27,301.9500
1998-03-30,301.8500
1998-03-31,301.0000
1998-04-01,301.0000
1998-04-02,300.3000
1998-04-03,306.0000
1998-04-06,310.6000
1998-04-07,309.2000
1998-04-08,308.8000
1998-04-09,307.6500
1998-04-14,309.5000
1998-04-15,307.2000
1998-04-16,306.3000
1998-04-17,308.4500
1998-04-20,307.4500
1998-04-21,307.5000
1998-04-22,312.8000
1998-04-23,312.7500
1998-04-24,313.1500
1998-04-27,309.6500
1998-04-28,308.4500
1998-04-29,308.2500
1998-04-30,310.7000
1998-05-01,306.9000
1998-05-05,303.8000
1998-05-06,301.0000
1998-05-07,298.1000
1998-05-08,300.4000
1998-05-11,298.9000
1998-05-12,299.3500
1998-05-13,299.1000
1998-05-14,296.1500
1998-05-15,300.9000
1998-05-18,300.3000
1998-05-19,299.7000
1998-05-20,299.6000
1998-05-21,300.6000
1998-05-22,299.8000
1998-05-26,297.9500
1998-05-27,292.7500
1998-05-28,294.0000
1998-05-29,293.6000
1998-06-01,288.7500
1998-06-02,291.4500
1998-06-03,292.4000
1998-06-04,292.8000
1998-06-05,290.7000
1998-06-08,291.7000
1998-06-09,297.6000
1998-06-10,293.0000
1998-06-11,290.3000
1998-06-12,288.1500
1998-06-15,285.8500
1998-06-16,287.0000
1998-06-17,290.9000
1998-06-18,292.4500
1998-06-19,297.7500
1998-06-22,295.1500
1998-06-23,294.4500
1998-06-24,293.8500
1998-06-25,293.1500
1998-06-26,293.6500
1998-06-29,293.6500
1998-06-30,296.3000
1998-07-01,296.8000
1998-07-02,294.0500
1998-07-03,294.6000
1998-07-06,293.2500
1998-07-07,293.7500
1998-07-08,292.0000
1998-07-09,291.8000
1998-07-10,290.6000
1998-07-13,291.5000
1998-07-14,293.3500
1998-07-15,293.1500
1998-07-16,294.9500
1998-07-17,293.8000
1998-07-20,294.8500
1998-07-21,294.9000
1998-07-22,293.9500
1998-07-23,293.3000
1998-07-24,294.6000
1998-07-27,290.6500
1998-07-28,290.6000
1998-07-29,290.7500
1998-07-30,290.0000
1998-07-31,288.8500
1998-08-03,286.1500
1998-08-04,286.1000
1998-08-05,287.9000
1998-08-06,287.8000
1998-08-07,285.7000
1998-08-10,285.6000
1998-08-11,284.8000
1998-08-12,285.0500
1998-08-13,283.4000
1998-08-14,284.4000
1998-08-17,284.1500
1998-08-18,284.2500
1998-08-19,285.5000
1998-08-20,285.3000
1998-08-21,283.5000
1998-08-24,284.5000
1998-08-25,283.0500
1998-08-26,283.1500
1998-08-27,278.5000
1998-08-28,273.4000
1998-09-01,279.0000
1998-09-02,280.1500
1998-09-03,279.1500
1998-09-04,285.0000
1998-09-07,288.2500
1998-09-08,285.4000
1998-09-09,283.4500
1998-09-10,290.5000
1998-09-11,293.3500
1998-09-14,290.2000
1998-09-15,290.6500
1998-09-16,288.2500
1998-09-17,290.5000
1998-09-18,290.1000
1998-09-21,292.9500
1998-09-22,288.9000
1998-09-23,288.9000
1998-09-24,292.7000
1998-09-25,298.1000
1998-09-28,292.2500
1998-09-29,296.0000
1998-09-30,293.8500
1998-10-01,297.6000
1998-10-02,300.8000
1998-10-05,298.7500
1998-10-06,294.6500
1998-10-07,298.0000
1998-10-08,300.2500
1998-10-09,298.7000
1998-10-12,296.4500
1998-10-13,295.5500
1998-10-14,295.3000
1998-10-15,298.1500
1998-10-16,297.9500
1998-10-19,298.5500
1998-10-20,295.4000
1998-10-21,295.2500
1998-10-22,292.9000
1998-10-23,292.2500
1998-10-26,291.4500
1998-10-27,293.0000
1998-10-28,293.1500
1998-10-29,294.0000
1998-10-30,292.3000
1998-11-02,292.7000
1998-11-03,288.6000
1998-11-04,289.4000
1998-11-05,290.6000
1998-11-06,293.3000
1998-11-09,292.0500
1998-11-10,292.2500
1998-11-11,293.5000
1998-11-12,294.4500
1998-11-13,297.1000
1998-11-16,294.8500
1998-11-17,293.8000
1998-11-18,296.5000
1998-11-19,296.3500
1998-11-20,295.6000
1998-11-23,295.5000
1998-11-24,296.4500
1998-11-25,296.3000
1998-11-26,296.4000
1998-11-27,296.1500
1998-11-30,294.7000
1998-12-01,293.3000
1998-12-02,294.1500
1998-12-03,292.8500
1998-12-04,292.3000
1998-12-07,295.5500
1998-12-08,294.4000
1998-12-09,294.2000
1998-12-10,293.9500
1998-12-11,290.8000
1998-12-14,291.4000
1998-12-15,292.5500
1998-12-16,294.1000
1998-12-17,293.3000
1998-12-18,291.6000
1998-12-21,289.6500
1998-12-22,287.2500
1998-12-23,285.8000
1998-12-29,286.9500
1998-12-30,287.8000
1999-01-04,287.1500
1999-01-05,287.1500
1999-01-06,287.6500
1999-01-07,289.9500
1999-01-08,290.9000
1999-01-11,291.1500
1999-01-12,289.8000
1999-01-13,285.4500
1999-01-14,285.6500
1999-01-15,285.9500
1999-01-18,286.7500
1999-01-19,286.5000
1999-01-20,286.0000
1999-01-21,287.7500
1999-01-22,287.0000
1999-01-25,287.7000
1999-01-26,287.1000
1999-01-27,283.8000
1999-01-28,283.5500
1999-01-29,285.4000
1999-02-01,286.9000
1999-02-02,288.5500
1999-02-03,286.8500
1999-02-04,287.2500
1999-02-05,289.4000
1999-02-08,288.8500
1999-02-09,287.0000
1999-02-10,288.2000
1999-02-11,287.3000
1999-02-12,289.1500
1999-02-15,289.2000
1999-02-16,285.3000
1999-02-17,285.7500
1999-02-18,285.7000
1999-02-19,286.3500
1999-02-22,287.2000
1999-02-23,286.7000
1999-02-24,287.4000
1999-02-25,286.4500
1999-02-26,287.0500
1999-03-01,286.7000
1999-03-02,288.2500
1999-03-03,285.9500
1999-03-04,287.7000
1999-03-05,287.9000
1999-03-08,289.5000
1999-03-09,292.9500
1999-03-10,291.8000
1999-03-11,294.0000
1999-03-12,292.5000
1999-03-15,289.7000
1999-03-16,283.0000
1999-03-17,284.7000
1999-03-18,283.7000
1999-03-19,283.7000
1999-03-22,284.3000
1999-03-23,284.1000
1999-03-24,284.2500
1999-03-25,283.4000
1999-03-26,279.8000
1999-03-29,280.1500
1999-03-30,279.6000
1999-03-31,279.4500
1999-04-01,280.5500
1999-04-06,278.5000
1999-04-07,280.1500
1999-04-08,281.0000
1999-04-09,280.6000
1999-04-12,283.2000
1999-04-13,283.4500
1999-04-14,283.4000
1999-04-15,283.6500
1999-04-16,284.2000
1999-04-19,284.2000
1999-04-20,284.3500
1999-04-21,283.2500
1999-04-22,283.4000
1999-04-23,283.3000
1999-04-26,281.5000
1999-04-27,281.0500
1999-04-28,283.0000
1999-04-29,283.0000
1999-04-30,286.6000
1999-05-04,285.3000
1999-05-05,286.0000
1999-05-06,287.9500
1999-05-07,282.4000
1999-05-10,278.0000
1999-05-11,279.4500
1999-05-12,277.5500
1999-05-13,277.8500
1999-05-14,276.0000
1999-05-17,276.1000
1999-05-18,275.0500
1999-05-19,272.5000
1999-05-20,274.0000
1999-05-21,273.3000
1999-05-24,272.2000
1999-05-25,271.7000
1999-05-26,269.5000
1999-05-27,268.9500
1999-05-28,268.6000
1999-06-01,266.8500
1999-06-02,267.1500
1999-06-03,264.7500
1999-06-04,265.3000
1999-06-07,265.6000
1999-06-08,262.3500
1999-06-09,261.3000
1999-06-10,258.6000
1999-06-11,259.7000
1999-06-14,260.3500
1999-06-15,260.0000
1999-06-16,258.7000
1999-06-17,258.1500
1999-06-18,258.9500
1999-06-21,259.3000
1999-06-22,258.5500
1999-06-23,259.1500
1999-06-24,260.1500
1999-06-25,260.7000
1999-06-28,260.3000
1999-06-29,262.0000
1999-06-30,261.0000
1999-07-01,262.6000
1999-07-02,263.1000
1999-07-05,261.8000
1999-07-06,257.6000
1999-07-07,257.1000
1999-07-08,257.2000
1999-07-09,257.3000
1999-07-12,256.0000
1999-07-13,254.6500
1999-07-14,255.2500
1999-07-15,253.3000
1999-07-16,255.6500
1999-07-19,253.9500
1999-07-20,252.8000
1999-07-21,254.5000
1999-07-22,253.9500
1999-07-23,255.3000
1999-07-26,253.5000
1999-07-27,254.6000
1999-07-28,254.1000
1999-07-29,253.9000
1999-07-30,255.6000
1999-08-02,255.3500
1999-08-03,256.0000
1999-08-04,255.8500
1999-08-05,256.0000
1999-08-06,255.7500
1999-08-09,256.5000
1999-08-10,256.5000
1999-08-11,257.7500
1999-08-12,260.3000
1999-08-13,260.4500
1999-08-16,259.0000
1999-08-17,259.6500
1999-08-18,261.3000
1999-08-19,258.0000
1999-08-20,258.2500
1999-08-23,255.9000
1999-08-24,253.4000
1999-08-25,252.8500
1999-08-26,253.1500
1999-08-27,253.8000
1999-08-31,254.8000
1999-09-01,254.7000
1999-09-02,254.2000
1999-09-03,254.4000
1999-09-06,254.6000
1999-09-07,255.6000
1999-09-08,256.1500
1999-09-09,256.9000
1999-09-10,256.0000
1999-09-13,256.3000
1999-09-14,256.7500
1999-09-15,257.1500
1999-09-16,255.9000
1999-09-17,255.1000
1999-09-20,255.4000
1999-09-21,258.8500
1999-09-22,263.4000
1999-09-23,264.3500
1999-09-24,270.0000
1999-09-27,281.1000
1999-09-28,301.5000
1999-09-29,307.0000
1999-09-30,299.0000
1999-10-01,307.5000
1999-10-04,312.7500
1999-10-05,325.5000
1999-10-06,318.2500
1999-10-07,323.5000
1999-10-08,323.2500
1999-10-11,317.7500
1999-10-12,320.2500
1999-10-13,321.7500
1999-10-14,321.0000
1999-10-15,315.7500
1999-10-18,311.7500
1999-10-19,309.5000
1999-10-20,307.0000
1999-10-21,302.8500
1999-10-22,302.4000
1999-10-25,302.0000
1999-10-26,296.4000
1999-10-27,290.6000
1999-10-28,296.2500
1999-10-29,299.1000
1999-11-01,291.3500
1999-11-02,290.7500
1999-11-03,291.0000
1999-11-04,290.6000
1999-11-05,289.7000
1999-11-08,288.2500
1999-11-09,290.7500
1999-11-10,295.7500
1999-11-11,296.0000
1999-11-12,291.2500
1999-11-15,290.9000
1999-11-16,294.2500
1999-11-17,293.6500
1999-11-18,293.6000
1999-11-19,293.7500
1999-11-22,294.9000
1999-11-23,297.2500
1999-11-24,297.5000
1999-11-25,298.4000
1999-11-26,296.8500
1999-11-29,292.2500
1999-11-30,291.3500
1999-12-01,289.1500
1999-12-02,286.0000
1999-12-03,282.7500
1999-12-06,276.1000
1999-12-07,279.2500
1999-12-08,280.9500
1999-12-09,279.0000
1999-12-10,280.6500
1999-12-13,279.5000
1999-12-14,279.2500
1999-12-15,280.0500
1999-12-16,280.3000
1999-12-17,284.1500
1999-12-20,284.2500
1999-12-21,282.7500
1999-12-22,285.7500
1999-12-23,287.3000
1999-12-29,290.9000
1999-12-30,290.2500
2000-01-04,281.5000
2000-01-05,280.4500
2000-01-06,279.4000
2000-01-07,282.1000
2000-01-10,281.6000
2000-01-11,282.2500
2000-01-12,282.2500
2000-01-13,282.1000
2000-01-14,283.3000
2000-01-17,285.3500
2000-01-18,285.8000
2000-01-19,287.6500
2000-01-20,288.1000
2000-01-21,287.7500
2000-01-24,287.2000
2000-01-25,288.0000
2000-01-26,285.9000
2000-01-27,285.5500
2000-01-28,286.7500
2000-01-31,283.3000
2000-02-01,283.0000
2000-02-02,285.6000
2000-02-03,285.0500
2000-02-04,293.6500
2000-02-07,312.7000
2000-02-08,296.2500
2000-02-09,308.6000
2000-02-10,309.0000
2000-02-11,311.5000
2000-02-14,308.3500
2000-02-15,304.2500
2000-02-16,302.5000
2000-02-17,304.7500
2000-02-18,303.5500
2000-02-21,305.2500
2000-02-22,302.2500
2000-02-23,302.0000
2000-02-24,298.7500
2000-02-25,294.0000
2000-02-28,292.5000
2000-02-29,293.6500
2000-03-01,292.9000
2000-03-02,289.9000
2000-03-03,288.5000
2000-03-06,288.8000
2000-03-07,289.7500
2000-03-08,291.2000
2000-03-09,290.5000
2000-03-10,290.2500
2000-03-13,290.6500
2000-03-14,288.7500
2000-03-15,289.1500
2000-03-16,287.3500
2000-03-17,283.9000
2000-03-20,285.7500
2000-03-21,285.1500
2000-03-22,287.8000
2000-03-23,284.7500
2000-03-24,284.8500
2000-03-27,284.1500
2000-03-28,280.6500
2000-03-29,279.7500
2000-03-30,275.7500
2000-03-31,276.7500
2000-04-03,277.5000
2000-04-04,276.8500
2000-04-05,281.3000
2000-04-06,279.3500
2000-04-07,280.1500
2000-04-10,282.2500
2000-04-11,282.5000
2000-04-12,280.4000
2000-04-13,281.4000
2000-04-14,282.0000
2000-04-17,281.7500
2000-04-18,281.1000
2000-04-19,281.3500
2000-04-20,279.8500
2000-04-25,279.5000
2000-04-26,276.2000
2000-04-27,276.0000
2000-04-28,275.0500
2000-05-02,275.4500
2000-05-03,275.6000
2000-05-04,280.0000
2000-05-05,280.7500
2000-05-08,277.9000
2000-05-09,276.3000
2000-05-10,277.6000
2000-05-11,276.7500
2000-05-12,276.6500
2000-05-15,275.0500
2000-05-16,276.0000
2000-05-17,273.1000
2000-05-18,272.8000
2000-05-19,273.1500
2000-05-22,274.0000
2000-05-23,274.0500
2000-05-24,273.7000
2000-05-25,273.3500
2000-05-26,271.3000
2000-05-30,273.1500
2000-05-31,272.2500
2000-06-01,272.5000
2000-06-02,281.6000
2000-06-05,283.2500
2000-06-06,288.4000
2000-06-07,284.1000
2000-06-08,285.7500
2000-06-09,284.4000
2000-06-12,284.6000
2000-06-13,291.5000
2000-06-14,287.1500
2000-06-15,287.4000
2000-06-16,290.1000
2000-06-19,285.9000
2000-06-20,286.2000
2000-06-21,286.0500
2000-06-22,287.6500
2000-06-23,285.8000
2000-06-26,284.0500
2000-06-27,283.8000
2000-06-28,288.0000
2000-06-29,289.7500
2000-06-30,288.1500
2000-07-03,287.6500
2000-07-04,286.5000
2000-07-05,286.8500
2000-07-06,284.9000
2000-07-07,282.8500
2000-07-10,284.1000
2000-07-11,282.8500
2000-07-12,279.9500
2000-07-13,280.8000
2000-07-14,280.2500
2000-07-17,282.4500
2000-07-18,282.7500
2000-07-19,279.2000
2000-07-20,279.3500
2000-07-21,279.3000
2000-07-24,279.7500
2000-07-25,279.7000
2000-07-26,279.4000
2000-07-27,279.8500
2000-07-28,278.1000
2000-07-31,276.7500
2000-08-01,277.6000
2000-08-02,277.6000
2000-08-03,275.5000
2000-08-04,273.9500
2000-08-07,273.2000
2000-08-08,273.1000
2000-08-09,272.0000
2000-08-10,272.2000
2000-08-11,272.7000
2000-08-14,275.4500
2000-08-15,274.1500
2000-08-16,276.3500
2000-08-17,277.2000
2000-08-18,275.6000
2000-08-21,274.6000
2000-08-22,273.4000
2000-08-23,273.1500
2000-08-24,272.6000
2000-08-25,273.6500
2000-08-29,274.0000
2000-08-30,273.3000
2000-08-31,277.0000
2000-09-01,277.0000
2000-09-04,276.6500
2000-09-05,275.0000
2000-09-06,274.1500
2000-09-07,272.7000
2000-09-08,272.7500
2000-09-11,272.5500
2000-09-12,274.6500
2000-09-13,272.5000
2000-09-14,273.1000
2000-09-15,272.6000
2000-09-18,273.0000
2000-09-19,271.8500
2000-09-20,271.4000
2000-09-21,269.5000
2000-09-22,273.9500
2000-09-25,272.8500
2000-09-26,274.8500
2000-09-27,276.1500
2000-09-28,276.4000
2000-09-29,273.6500
2000-10-02,273.1000
2000-10-03,272.1000
2000-10-04,271.3500
2000-10-05,270.4000
2000-10-06,270.0000
2000-10-09,270.0000
2000-10-10,270.5000
2000-10-11,272.7500
2000-10-12,274.0000
2000-10-13,273.2500
2000-10-16,271.6000
2000-10-17,270.2500
2000-10-18,272.0000
2000-10-19,270.3000
2000-10-20,270.4500
2000-10-23,271.4500
2000-10-24,270.2000
2000-10-25,266.8000
2000-10-26,266.4000
2000-10-27,263.8000
2000-10-30,264.7500
2000-10-31,264.5000
2000-11-01,265.5000
2000-11-02,264.8500
2000-11-03,264.6500
2000-11-06,265.7000
2000-11-07,265.5000
2000-11-08,264.1000
2000-11-09,264.6500
2000-11-10,264.8500
2000-11-13,264.8500
2000-11-14,264.9500
2000-11-15,264.6000
2000-11-16,266.7000
2000-11-17,265.2500
2000-11-20,266.1500
2000-11-21,266.1500
2000-11-22,266.1500
2000-11-23,265.7000
2000-11-24,265.5500
2000-11-27,268.1500
2000-11-28,269.9500
2000-11-29,269.1000
2000-11-30,269.1000
2000-12-01,269.2000
2000-12-04,270.7000
2000-12-05,270.8000
2000-12-06,271.6000
2000-12-07,273.9000
2000-12-08,272.9500
2000-12-11,270.7000
2000-12-12,270.7500
2000-12-13,269.6000
2000-12-14,269.3000
2000-12-15,270.3500
2000-12-18,270.2000
2000-12-19,269.5500
2000-12-20,272.4500
2000-12-21,273.1000
2000-12-27,275.0500
2000-12-28,274.4500
2001-01-02,271.1000
2001-01-03,267.1500
2001-01-04,267.1000
2001-01-05,267.4000
2001-01-08,268.3000
2001-01-09,267.0000
2001-01-10,266.3000
2001-01-11,264.1500
2001-01-12,263.7000
2001-01-15,263.5000
2001-01-16,264.4500
2001-01-17,263.5000
2001-01-18,264.9000
2001-01-19,264.9000
2001-01-22,266.1500
2001-01-23,266.1000
2001-01-24,264.2500
2001-01-25,264.9000
2001-01-26,263.5500
2001-01-29,262.8500
2001-01-30,264.9500
2001-01-31,264.5000
2001-02-01,267.6500
2001-02-02,266.7000
2001-02-05,265.4500
2001-02-06,262.7000
2001-02-07,263.1500
2001-02-08,262.9500
2001-02-09,259.9000
2001-02-12,261.1000
2001-02-13,260.7500
2001-02-14,260.2500
2001-02-15,258.5500
2001-02-16,257.4500
2001-02-19,259.4500
2001-02-20,256.2500
2001-02-21,257.5000
2001-02-22,258.8500
2001-02-23,260.4500
2001-02-26,263.2000
2001-02-27,268.3000
2001-02-28,266.7000
2001-03-01,266.3500
2001-03-02,263.1000
2001-03-05,262.5000
2001-03-06,261.8500
2001-03-07,260.6500
2001-03-08,263.6500
2001-03-09,269.8000
2001-03-12,272.5000
2001-03-13,269.3000
2001-03-14,263.8500
2001-03-15,262.0500
2001-03-16,260.7000
2001-03-19,260.5500
2001-03-20,261.5500
2001-03-21,262.0000
2001-03-22,261.1500
2001-03-23,262.8500
2001-03-26,262.2000
2001-03-27,262.0000
2001-03-28,260.1500
2001-03-29,260.1500
2001-03-30,257.7000
2001-04-02,255.9500
2001-04-03,257.1000
2001-04-04,259.4500
2001-04-05,258.1000
2001-04-06,258.8000
2001-04-09,259.0000
2001-04-10,256.6500
2001-04-11,257.7000
2001-04-12,259.2500
2001-04-17,260.5500
2001-04-18,258.8500
2001-04-19,263.1000
2001-04-20,263.8500
2001-04-23,262.6000
2001-04-24,263.4000
2001-04-25,263.5000
2001-04-26,263.5000
2001-04-27,264.6000
2001-04-30,263.1500
2001-05-01,264.0000
2001-05-02,263.9500
2001-05-03,266.4000
2001-05-04,266.6000
2001-05-08,265.2000
2001-05-09,267.8500
2001-05-10,268.4500
2001-05-11,269.0500
2001-05-14,268.3500
2001-05-15,266.6000
2001-05-16,270.9000
2001-05-17,274.0000
2001-05-18,273.0000
2001-05-21,291.2500
2001-05-22,284.1500
2001-05-23,283.1500
2001-05-24,286.0500
2001-05-25,276.2500
2001-05-29,275.7500
2001-05-30,271.0000
2001-05-31,267.5000
2001-06-01,265.4000
2001-06-04,266.5000
2001-06-05,265.7000
2001-06-06,265.5000
2001-06-07,266.1000
2001-06-08,267.0000
2001-06-11,268.5000
2001-06-12,269.9000
2001-06-13,271.9500
2001-06-14,272.4000
2001-06-15,272.2000
2001-06-18,272.0000
2001-06-19,273.4000
2001-06-20,271.5000
2001-06-21,271.7000
2001-06-22,273.3000
2001-06-25,272.9000
2001-06-26,274.0000
2001-06-27,274.8000
2001-06-28,269.5000
2001-06-29,270.6000
2001-07-02,268.3500
2001-07-03,268.5000
2001-07-04,267.6000
2001-07-05,266.3000
2001-07-06,265.1000
2001-07-09,266.1000
2001-07-10,267.4500
2001-07-11,267.5500
2001-07-12,266.3000
2001-07-13,266.3500
2001-07-16,268.2500
2001-07-17,267.6000
2001-07-18,268.5500
2001-07-19,270.3000
2001-07-20,269.7000
2001-07-23,268.7000
2001-07-24,268.7500
2001-07-25,268.4000
2001-07-26,267.5000
2001-07-27,266.1500
2001-07-30,266.3000
2001-07-31,265.9000
2001-08-01,267.3500
2001-08-02,267.0000
2001-08-03,267.8500
2001-08-06,267.2000
2001-08-07,266.4500
2001-08-08,266.4000
2001-08-09,270.0000
2001-08-10,275.8000
2001-08-13,275.6000
2001-08-14,274.5000
2001-08-15,275.3500
2001-08-16,275.9000
2001-08-17,277.4500
2001-08-20,276.6500
2001-08-21,276.3000
2001-08-22,275.8500
2001-08-23,274.8500
2001-08-24,272.8000
2001-08-28,271.0500
2001-08-29,272.8500
2001-08-30,272.3000
2001-08-31,273.0000
2001-09-03,273.3500
2001-09-04,272.3000
2001-09-05,271.3000
2001-09-06,272.0500
2001-09-07,273.6000
2001-09-10,271.5000
2001-09-11,287.0000
2001-09-12,279.0000
2001-09-13,280.2500
2001-09-14,285.7500
2001-09-17,293.2500
2001-09-18,289.4000
2001-09-19,288.1000
2001-09-20,288.5000
2001-09-21,292.5000
2001-09-24,288.2000
2001-09-25,288.0000
2001-09-26,291.4500
2001-09-27,289.8000
2001-09-28,293.1000
2001-10-01,290.6000
2001-10-02,291.6500
2001-10-03,290.1000
2001-10-04,290.3500
2001-10-05,291.2000
2001-10-08,291.8500
2001-10-09,290.0000
2001-10-10,287.1500
2001-10-11,281.8500
2001-10-12,281.8000
2001-10-15,281.8500
2001-10-16,281.1000
2001-10-17,281.6000
2001-10-18,281.0000
2001-10-19,279.1500
2001-10-22,275.9000
2001-10-23,276.0500
2001-10-24,275.5000
2001-10-25,276.7000
2001-10-26,277.2500
2001-10-29,278.6000
2001-10-30,280.4000
2001-10-31,278.7500
2001-11-01,280.6000
2001-11-02,279.9000
2001-11-05,278.2500
2001-11-06,278.9500
2001-11-07,280.3000
2001-11-08,279.9500
2001-11-09,277.1500
2001-11-12,280.0000
2001-11-13,276.5000
2001-11-14,278.2500
2001-11-15,275.4500
2001-11-16,274.5000
2001-11-19,273.6000
2001-11-20,272.9500
2001-11-21,272.8000
2001-11-22,272.7500
2001-11-23,273.1000
2001-11-26,272.6000
2001-11-27,273.3000
2001-11-28,274.4000
2001-11-29,274.8000
2001-11-30,275.5000
2001-12-03,276.3500
2001-12-04,276.6000
2001-12-05,275.0000
2001-12-06,274.5500
2001-12-07,274.1000
2001-12-10,272.6500
2001-12-11,272.2000
2001-12-12,273.5000
2001-12-13,274.3500
2001-12-14,277.0500
2001-12-17,277.7500
2001-12-18,278.8500
2001-12-19,278.6500
2001-12-20,276.1000
2001-12-21,277.5000
2001-12-27,277.7000
2001-12-28,276.5000
2002-01-02,278.3500
2002-01-03,278.8000
2002-01-04,277.7500
2002-01-07,278.6000
2002-01-08,278.6000
2002-01-09,281.1000
2002-01-10,286.8500
2002-01-11,285.7500
2002-01-14,286.3500
2002-01-15,284.2000
2002-01-16,284.6000
2002-01-17,285.0000
2002-01-18,283.2000
2002-01-21,282.3000
2002-01-22,282.0500
2002-01-23,280.7500
2002-01-24,279.2000
2002-01-25,279.0000
2002-01-28,279.1000
2002-01-29,277.9000
2002-01-30,281.5000
2002-01-31,282.3000
2002-02-01,283.9000
2002-02-04,287.4000
2002-02-05,291.9500
2002-02-06,299.5000
2002-02-07,299.5000
2002-02-08,304.3000
2002-02-11,297.7500
2002-02-12,298.9000
2002-02-13,297.4000
2002-02-14,299.0000
2002-02-15,299.8500
2002-02-18,297.3500
2002-02-19,296.5000
2002-02-20,291.3000
2002-02-21,292.1500
2002-02-22,292.7500
2002-02-25,291.9500
2002-02-26,294.2000
2002-02-27,297.4000
2002-02-28,296.8500
2002-03-01,295.4000
2002-03-04,297.4000
2002-03-05,297.8000
2002-03-06,292.7000
2002-03-07,291.0000
2002-03-08,289.1500
2002-03-11,291.2000
2002-03-12,293.6000
2002-03-13,293.1500
2002-03-14,291.2000
2002-03-15,290.3000
2002-03-18,292.0500
2002-03-19,293.1000
2002-03-20,291.8500
2002-03-21,292.7500
2002-03-22,294.2500
2002-03-25,297.7000
2002-03-26,296.1000
2002-03-27,299.0000
2002-03-28,301.4000
2002-04-02,304.0000
2002-04-03,303.7500
2002-04-04,301.7000
2002-04-05,301.0000
2002-04-08,300.4500
2002-04-09,298.7000
2002-04-10,298.0000
2002-04-11,301.3000
2002-04-12,300.3500
2002-04-15,300.1000
2002-04-16,297.7500
2002-04-17,300.8500
2002-04-18,304.2500
2002-04-19,301.8000
2002-04-22,303.7000
2002-04-23,302.7000
2002-04-24,304.2000
2002-04-25,307.2500
2002-04-26,306.6000
2002-04-29,309.7000
2002-04-30,308.2000
2002-05-01,308.3500
2002-05-02,307.6000
2002-05-03,310.4500
2002-05-07,312.0000
2002-05-08,310.5000
2002-05-09,308.8500
2002-05-10,311.1500
2002-05-13,310.7500
2002-05-14,308.4000
2002-05-15,308.3000
2002-05-16,310.1000
2002-05-17,310.6000
2002-05-20,311.5000
2002-05-21,315.2000
2002-05-22,317.1000
2002-05-23,317.1500
2002-05-24,320.9500
2002-05-27,320.0500
2002-05-28,320.2000
2002-05-29,327.0500
2002-05-30,326.0000
2002-05-31,326.6000
2002-06-05,322.0000
2002-06-06,324.1000
2002-06-07,326.4000
2002-06-10,322.5000
2002-06-11,316.8000
2002-06-12,319.7500
2002-06-13,318.7500
2002-06-14,322.1000
2002-06-17,317.8000
2002-06-18,318.3500
2002-06-19,320.6500
2002-06-20,322.3500
2002-06-21,322.7000
2002-06-24,326.4000
2002-06-25,321.7000
2002-06-26,321.5500
2002-06-27,318.8000
2002-06-28,318.5000
2002-07-01,312.1000
2002-07-02,314.4500
2002-07-03,310.8500
2002-07-04,310.6000
2002-07-05,311.3000
2002-07-08,311.7000
2002-07-09,313.8000
2002-07-10,314.8000
2002-07-11,314.1500
2002-07-12,316.7000
2002-07-15,319.0000
2002-07-16,318.2500
2002-07-17,316.1500
2002-07-18,317.6500
2002-07-19,322.9000
2002-07-22,322.9000
2002-07-23,319.7000
2002-07-24,311.2500
2002-07-25,309.4500
2002-07-26,304.9500
2002-07-29,303.0000
2002-07-30,305.4000
2002-07-31,304.6500
2002-08-01,302.2500
2002-08-02,305.0500
2002-08-05,309.5000
2002-08-06,305.7500
2002-08-07,312.2000
2002-08-08,312.1500
2002-08-09,312.9500
2002-08-12,316.7000
2002-08-13,313.8000
2002-08-14,315.6500
2002-08-15,312.6500
2002-08-16,314.2000
2002-08-19,310.1000
2002-08-20,308.0000
2002-08-21,306.5500
2002-08-22,305.4000
2002-08-23,305.9500
2002-08-27,310.5000
2002-08-28,311.1000
2002-08-29,312.1000
2002-08-30,312.8000
2002-09-02,312.0000
2002-09-03,313.5000
2002-09-04,313.0000
2002-09-05,317.5500
2002-09-06,319.2500
2002-09-09,322.5000
2002-09-10,319.1000
2002-09-11,315.5000
2002-09-12,318.8500
2002-09-13,318.8000
2002-09-16,315.3500
2002-09-17,315.9000
2002-09-18,318.7000
2002-09-19,322.2500
2002-09-20,322.3000
2002-09-23,322.5000
2002-09-24,326.3000
2002-09-25,325.1500
2002-09-26,319.6000
2002-09-27,320.0500
2002-09-30,323.7000
2002-10-01,321.7500
2002-10-02,322.2000
2002-10-03,322.1000
2002-10-04,320.3000
2002-10-07,321.7500
2002-10-08,319.0000
2002-10-09,319.3500
2002-10-10,318.9500
2002-10-11,316.8500
2002-10-14,317.7500
2002-10-15,316.2000
2002-10-16,314.0500
2002-10-17,310.7500
2002-10-18,312.7500
2002-10-21,312.6000
2002-10-22,312.5500
2002-10-23,312.1000
2002-10-24,311.7500
2002-10-25,313.0000
2002-10-28,314.4500
2002-10-29,317.1500
2002-10-30,316.5500
2002-10-31,316.9000
2002-11-01,319.8500
2002-11-04,317.5500
2002-11-05,318.5000
2002-11-06,317.3000
2002-11-07,319.2500
2002-11-08,321.7000
2002-11-11,320.7000
2002-11-12,321.7500
2002-11-13,324.0000
2002-11-14,318.6000
2002-11-15,319.1000
2002-11-18,318.7500
2002-11-19,319.7000
2002-11-20,318.8500
2002-11-21,317.6500
2002-11-22,317.7000
2002-11-25,317.4500
2002-11-26,317.5000
2002-11-27,317.8500
2002-11-28,317.6000
2002-11-29,319.0500
2002-12-02,316.4500
2002-12-03,319.7000
2002-12-04,322.1000
2002-12-05,322.4500
2002-12-06,325.7500
2002-12-09,325.1000
2002-12-10,323.1000
2002-12-11,324.2500
2002-12-12,326.4000
2002-12-13,332.2000
2002-12-16,333.0000
2002-12-17,339.0000
2002-12-18,338.0000
2002-12-19,345.0000
2002-12-20,341.6000
2002-12-23,343.9500
2002-12-27,349.3000
2002-12-30,347.2000
2003-01-02,343.8000
2003-01-03,344.5000
2003-01-06,351.7500
2003-01-07,349.0000
2003-01-08,349.7500
2003-01-09,352.4000
2003-01-10,353.0000
2003-01-13,352.5500
2003-01-14,353.1000
2003-01-15,351.0000
2003-01-16,352.3000
2003-01-17,357.0000
2003-01-20,355.8500
2003-01-21,353.8000
2003-01-22,358.5000
2003-01-23,364.7000
2003-01-24,366.0000
2003-01-27,368.5000
2003-01-28,368.4000
2003-01-29,369.9000
2003-01-30,367.6000
2003-01-31,367.5000
2003-02-03,369.5000
2003-02-04,376.5500
2003-02-05,382.1000
2003-02-06,375.8000
2003-02-07,373.2500
2003-02-10,370.5000
2003-02-11,364.0000
2003-02-12,356.3000
2003-02-13,352.8000
2003-02-14,354.2500
2003-02-17,347.0000
2003-02-18,344.1000
2003-02-19,346.0000
2003-02-20,351.5500
2003-02-21,352.3000
2003-02-24,355.2000
2003-02-25,357.6000
2003-02-26,351.9000
2003-02-27,351.2500
2003-02-28,347.4500
2003-03-03,345.5000
2003-03-04,353.4000
2003-03-05,353.9500
2003-03-06,354.7000
2003-03-07,350.7500
2003-03-10,354.4500
2003-03-11,348.7000
2003-03-12,346.1000
2003-03-13,334.5000
2003-03-14,335.2000
2003-03-17,340.7500
2003-03-18,338.8000
2003-03-19,335.8000
2003-03-20,335.8000
2003-03-21,333.5000
2003-03-24,329.4500
2003-03-25,331.9000
2003-03-26,329.9500
2003-03-27,332.7500
2003-03-28,330.7500
2003-03-31,334.8500
2003-04-01,334.3500
2003-04-02,329.3000
2003-04-03,323.7000
2003-04-04,323.8000
2003-04-07,319.9000
2003-04-08,323.4000
2003-04-09,321.3500
2003-04-10,324.6000
2003-04-11,324.8000
2003-04-14,325.9500
2003-04-15,325.4500
2003-04-16,324.1000
2003-04-17,327.0000
2003-04-22,334.9000
2003-04-23,333.3000
2003-04-24,333.7000
2003-04-25,333.2500
2003-04-28,332.6000
2003-04-29,331.4000
2003-04-30,336.7500
2003-05-01,341.2000
2003-05-02,340.5000
2003-05-06,342.8500
2003-05-07,341.8500
2003-05-08,346.4500
2003-05-09,347.9000
2003-05-12,351.1000
2003-05-13,350.4000
2003-05-14,353.5500
2003-05-15,354.2500
2003-05-16,355.0000
2003-05-19,359.0000
2003-05-20,366.3000
2003-05-21,367.8000
2003-05-22,369.6000
2003-05-23,370.5000
2003-05-27,371.4000
2003-05-28,359.5000
2003-05-29,363.1000
2003-05-30,361.4000
2003-06-02,364.7500
2003-06-03,365.0000
2003-06-04,364.2000
2003-06-05,366.7500
2003-06-06,363.0000
2003-06-09,362.7500
2003-06-10,354.2500
2003-06-11,354.2500
2003-06-12,352.2500
2003-06-13,353.0500
2003-06-16,358.3000
2003-06-17,362.7500
2003-06-18,359.7500
2003-06-19,357.6500
2003-06-20,358.0000
2003-06-23,355.0000
2003-06-24,348.2500
2003-06-25,348.1000
2003-06-26,343.8500
2003-06-27,345.5000
2003-06-30,346.0000
2003-07-01,350.2000
2003-07-02,351.5000
2003-07-03,349.4000
2003-07-04,351.3000
2003-07-07,348.1500
2003-07-08,347.2000
2003-07-09,344.1500
2003-07-10,343.4000
2003-07-11,343.7000
2003-07-14,347.5000
2003-07-15,348.2500
2003-07-16,343.2000
2003-07-17,342.5000
2003-07-18,344.3500
2003-07-21,350.0000
2003-07-22,352.0000
2003-07-23,354.7500
2003-07-24,357.3000
2003-07-25,363.0000
2003-07-28,365.6000
2003-07-29,363.5000
2003-07-30,357.7500
2003-07-31,354.7500
2003-08-01,352.3500
2003-08-04,347.5000
2003-08-05,348.4000
2003-08-06,352.0000
2003-08-07,351.6000
2003-08-08,353.9500
2003-08-11,359.1500
2003-08-12,360.1000
2003-08-13,358.6500
2003-08-14,363.6000
2003-08-15,364.5000
2003-08-18,360.2500
2003-08-19,360.4000
2003-08-20,363.7000
2003-08-21,363.3000
2003-08-22,358.7500
2003-08-26,360.5000
2003-08-27,371.2500
2003-08-28,369.8000
2003-08-29,375.6000
2003-09-01,376.2500
2003-09-02,373.7000
2003-09-03,370.0000
2003-09-04,370.7500
2003-09-05,375.8000
2003-09-08,374.6500
2003-09-09,382.2500
2003-09-10,380.0000
2003-09-11,376.3000
2003-09-12,378.2500
2003-09-15,373.5000
2003-09-16,374.6000
2003-09-17,374.2500
2003-09-18,378.3000
2003-09-19,379.7500
2003-09-22,385.5000
2003-09-23,384.6000
2003-09-24,385.0000
2003-09-25,390.7000
2003-09-26,382.7000
2003-09-29,381.9500
2003-09-30,388.0000
2003-10-01,383.5000
2003-10-02,382.2000
2003-10-03,384.2500
2003-10-06,371.3000
2003-10-07,376.1000
2003-10-08,375.2500
2003-10-09,370.6000
2003-10-10,372.3000
2003-10-13,370.2500
2003-10-14,373.9500
2003-10-15,373.5000
2003-10-16,373.4000
2003-10-17,370.5000
2003-10-20,373.8000
2003-10-21,378.2000
2003-10-22,384.7500
2003-10-23,384.5000
2003-10-24,388.2500
2003-10-27,386.0000
2003-10-28,384.4000
2003-10-29,385.4000
2003-10-30,386.5000
2003-10-31,386.2500
2003-11-03,383.2500
2003-11-04,377.9000
2003-11-05,378.7500
2003-11-06,380.2500
2003-11-07,378.9500
2003-11-10,383.5000
2003-11-11,387.8000
2003-11-12,389.7000
2003-11-13,395.4000
2003-11-14,396.7000
2003-11-17,393.7000
2003-11-18,393.9000
2003-11-19,395.1500
2003-11-20,394.3000
2003-11-21,395.5000
2003-11-24,391.9000
2003-11-25,391.7500
2003-11-26,396.0000
2003-11-27,395.4500
2003-11-28,398.3500
2003-12-01,400.2500
2003-12-02,401.3500
2003-12-03,401.8000
2003-12-04,402.2500
2003-12-05,402.4000
2003-12-08,406.1500
2003-12-09,407.7500
2003-12-10,410.0000
2003-12-11,404.1000
2003-12-12,407.1000
2003-12-15,407.5000
2003-12-16,408.0000
2003-12-17,408.2500
2003-12-18,407.5000
2003-12-19,409.7500
2003-12-22,410.4500
2003-12-23,409.2500
2003-12-29,412.0000
2003-12-30,416.2500
2004-01-02,415.2500
2004-01-05,420.6000
2004-01-06,424.4000
2004-01-07,421.7500
2004-01-08,421.0000
2004-01-09,423.3500
2004-01-12,425.2500
2004-01-13,425.5000
2004-01-14,419.5000
2004-01-15,412.5000
2004-01-16,408.4000
2004-01-19,406.6000
2004-01-20,409.2500
2004-01-21,407.6000
2004-01-22,409.2500
2004-01-23,409.0000
2004-01-26,408.2000
2004-01-27,405.7000
2004-01-28,411.0000
2004-01-29,405.7000
2004-01-30,399.7500
2004-02-02,398.3500
2004-02-03,401.4500
2004-02-04,399.2500
2004-02-05,399.5500
2004-02-06,404.2500
2004-02-09,405.9500
2004-02-10,408.5500
2004-02-11,405.7500
2004-02-12,411.6000
2004-02-13,416.0000
2004-02-16,411.7000
2004-02-17,414.5000
2004-02-18,414.5000
2004-02-19,409.8000
2004-02-20,405.2500
2004-02-23,399.5000
2004-02-24,402.2500
2004-02-25,400.2500
2004-02-26,393.2500
2004-02-27,395.8500
2004-03-01,400.0000
2004-03-02,395.7500
2004-03-03,390.5000
2004-03-04,392.0000
2004-03-05,399.2500
2004-03-08,399.8500
2004-03-09,401.5000
2004-03-10,400.2500
2004-03-11,398.4500
2004-03-12,398.0000
2004-03-15,398.1000
2004-03-16,402.5000
2004-03-17,402.7500
2004-03-18,410.7500
2004-03-19,412.0000
2004-03-22,417.6500
2004-03-23,416.2500
2004-03-24,415.2500
2004-03-25,416.1000
2004-03-26,421.5000
2004-03-29,421.2500
2004-03-30,420.0000
2004-03-31,423.7000
2004-04-01,427.2500
2004-04-02,419.0000
2004-04-05,417.7000
2004-04-06,418.5000
2004-04-07,419.0000
2004-04-08,419.5000
2004-04-13,407.9000
2004-04-14,397.7500
2004-04-15,398.2500
2004-04-16,400.8500
2004-04-19,403.1000
2004-04-20,396.8500
2004-04-21,392.7500
2004-04-22,392.3000
2004-04-23,394.5000
2004-04-26,397.0000
2004-04-27,396.2500
2004-04-28,392.2500
2004-04-29,386.0000
2004-04-30,388.5000
2004-05-04,391.2500
2004-05-05,392.5500
2004-05-06,387.5000
2004-05-07,380.8000
2004-05-10,375.0000
2004-05-11,375.2500
2004-05-12,382.2000
2004-05-13,375.1500
2004-05-14,376.5000
2004-05-17,382.9500
2004-05-18,377.7000
2004-05-19,380.7500
2004-05-20,379.5000
2004-05-21,385.3000
2004-05-24,384.0000
2004-05-25,388.9000
2004-05-26,389.6500
2004-05-27,393.6000
2004-05-28,393.2500
2004-06-01,397.2000
2004-06-02,394.8500
2004-06-03,390.3500
2004-06-04,388.3000
2004-06-07,393.6000
2004-06-08,392.3500
2004-06-09,386.8500
2004-06-10,384.9500
2004-06-11,384.8500
2004-06-14,385.1000
2004-06-15,386.5000
2004-06-16,385.2500
2004-06-17,386.1000
2004-06-18,395.1000
2004-06-21,395.2500
2004-06-22,395.7500
2004-06-23,393.9000
2004-06-24,400.0000
2004-06-25,401.5000
2004-06-28,404.2500
2004-06-29,394.4000
2004-06-30,395.8000
2004-07-01,394.8000
2004-07-02,397.7500
2004-07-05,398.2500
2004-07-06,394.5000
2004-07-07,399.6500
2004-07-08,405.3500
2004-07-09,406.5000
2004-07-12,406.3500
2004-07-13,400.9000
2004-07-14,403.8000
2004-07-15,403.1500
2004-07-16,406.3000
2004-07-19,406.3500
2004-07-20,400.0000
2004-07-21,398.5000
2004-07-22,397.7500
2004-07-23,391.5000
2004-07-26,390.7500
2004-07-27,389.8500
2004-07-28,387.3000
2004-07-29,387.3000
2004-07-30,391.4000
2004-08-02,391.5000
2004-08-03,390.9500
2004-08-04,391.5000
2004-08-05,390.8500
2004-08-06,399.0000
2004-08-09,399.0000
2004-08-10,399.5000
2004-08-11,393.8500
2004-08-12,394.1500
2004-08-13,396.7500
2004-08-16,401.6500
2004-08-17,401.3000
2004-08-18,402.4500
2004-08-19,406.5000
2004-08-20,410.5500
2004-08-23,410.6000
2004-08-24,406.2000
2004-08-25,406.0000
2004-08-26,406.0500
2004-08-27,405.1000
2004-08-31,407.2500
2004-09-01,407.6500
2004-09-02,406.1000
2004-09-03,401.1500
2004-09-06,401.6000
2004-09-07,398.1000
2004-09-08,396.3000
2004-09-09,398.7000
2004-09-10,401.3500
2004-09-13,399.3000
2004-09-14,405.2500
2004-09-15,404.4500
2004-09-16,403.4000
2004-09-17,405.7000
2004-09-20,404.3000
2004-09-21,408.5000
2004-09-22,405.3500
2004-09-23,411.5000
2004-09-24,407.8500
2004-09-27,409.2000
2004-09-28,411.7000
2004-09-29,412.9500
2004-09-30,415.6500
2004-10-01,418.1000
2004-10-04,412.5500
2004-10-05,415.4000
2004-10-06,418.4500
2004-10-07,418.1000
2004-10-08,421.7500
2004-10-11,421.7000
2004-10-12,414.7000
2004-10-13,411.2500
2004-10-14,415.3500
2004-10-15,420.4000
2004-10-18,419.1000
2004-10-19,419.3500
2004-10-20,423.6000
2004-10-21,422.5000
2004-10-22,422.8000
2004-10-25,429.1500
2004-10-26,427.5000
2004-10-27,428.2500
2004-10-28,424.2000
2004-10-29,425.5500
2004-11-01,428.8500
2004-11-02,424.2000
2004-11-03,423.5000
2004-11-04,430.5000
2004-11-05,431.0000
2004-11-08,431.9000
2004-11-09,433.6500
2004-11-10,433.4000
2004-11-11,433.8000
2004-11-12,436.0500
2004-11-15,437.6000
2004-11-16,439.4000
2004-11-17,443.4500
2004-11-18,442.0000
2004-11-19,445.6000
2004-11-22,447.8000
2004-11-23,448.1500
2004-11-24,448.6000
2004-11-25,451.1500
2004-11-26,451.0000
2004-11-29,451.2500
2004-11-30,453.4000
2004-12-01,452.8500
2004-12-02,454.2000
2004-12-03,448.6500
2004-12-06,453.0500
2004-12-07,451.8000
2004-12-08,436.9000
2004-12-09,437.1000
2004-12-10,434.0000
2004-12-13,435.1000
2004-12-14,437.1000
2004-12-15,439.0000
2004-12-16,439.5000
2004-12-17,438.9000
2004-12-20,442.4500
2004-12-21,440.9500
2004-12-22,441.0000
2004-12-23,441.1000
2004-12-29,440.2500
2004-12-30,435.6000
2005-01-04,427.7500
2005-01-05,426.0000
2005-01-06,424.3500
2005-01-07,422.2000
2005-01-10,420.0000
2005-01-11,421.3500
2005-01-12,426.6000
2005-01-13,423.6000
2005-01-14,422.5000
2005-01-17,422.2500
2005-01-18,421.7500
2005-01-19,424.9500
2005-01-20,422.9000
2005-01-21,423.3000
2005-01-24,427.3500
2005-01-25,424.5000
2005-01-26,425.8000
2005-01-27,424.5000
2005-01-28,426.8000
2005-01-31,422.1500
2005-02-01,420.9000
2005-02-02,421.6000
2005-02-03,416.5000
2005-02-04,415.9000
2005-02-07,414.4000
2005-02-08,411.1000
2005-02-09,411.1500
2005-02-10,415.5000
2005-02-11,418.8500
2005-02-14,424.2000
2005-02-15,424.4000
2005-02-16,423.1000
2005-02-17,426.2500
2005-02-18,427.1000
2005-02-21,427.1500
2005-02-22,432.8500
2005-02-23,432.6000
2005-02-24,433.7500
2005-02-25,434.2500
2005-02-28,435.4500
2005-03-01,433.4500
2005-03-02,431.7500
2005-03-03,430.2000
2005-03-04,433.4500
2005-03-07,433.0000
2005-03-08,437.2500
2005-03-09,439.5000
2005-03-10,440.9000
2005-03-11,443.7000
2005-03-14,441.9500
2005-03-15,440.6500
2005-03-16,443.0000
2005-03-17,438.6000
2005-03-18,437.1500
2005-03-21,432.7000
2005-03-22,432.1500
2005-03-23,426.1500
2005-03-24,425.1500
2005-03-29,426.1000
2005-03-30,426.4500
2005-03-31,427.5000
2005-04-01,427.1500
2005-04-04,423.9000
2005-04-05,424.6000
2005-04-06,425.7500
2005-04-07,428.0000
2005-04-08,425.2000
2005-04-11,429.0000
2005-04-12,427.3000
2005-04-13,427.5000
2005-04-14,423.4500
2005-04-15,424.6000
2005-04-18,425.7500
2005-04-19,427.4500
2005-04-20,433.2000
2005-04-21,434.0000
2005-04-22,434.6000
2005-04-25,432.9000
2005-04-26,437.0000
2005-04-27,434.3500
2005-04-28,432.5000
2005-04-29,435.7000
2005-05-03,427.9000
2005-05-04,428.8000
2005-05-05,429.1500
2005-05-06,425.1500
2005-05-09,425.5000
2005-05-10,427.4000
2005-05-11,426.1000
2005-05-12,424.2500
2005-05-13,420.0000
2005-05-16,419.2500
2005-05-17,420.0000
2005-05-18,419.7500
2005-05-19,420.8000
2005-05-20,418.0000
2005-05-23,418.0000
2005-05-24,418.3000
2005-05-25,418.4000
2005-05-26,418.0000
2005-05-27,418.2500
2005-05-31,414.4500
2005-06-01,415.3500
2005-06-02,420.4000
2005-06-03,423.5500
2005-06-06,425.8500
2005-06-07,424.1000
2005-06-08,424.5500
2005-06-09,422.5000
2005-06-10,422.5500
2005-06-13,429.1000
2005-06-14,426.8500
2005-06-15,428.7000
2005-06-16,433.0000
2005-06-17,437.5000
2005-06-20,439.3500
2005-06-21,435.2000
2005-06-22,437.0000
2005-06-23,439.1500
2005-06-24,440.5500
2005-06-27,439.3000
2005-06-28,437.0000
2005-06-29,435.8000
2005-06-30,437.1000
2005-07-01,432.6000
2005-07-04,427.4000
2005-07-05,423.7500
2005-07-06,423.5000
2005-07-07,425.2000
2005-07-08,424.4000
2005-07-11,424.2000
2005-07-12,426.2500
2005-07-13,424.5000
2005-07-14,424.3000
2005-07-15,418.3500
2005-07-18,420.9000
2005-07-19,419.2500
2005-07-20,422.1500
2005-07-21,424.2500
2005-07-22,425.0000
2005-07-25,425.4000
2005-07-26,423.2500
2005-07-27,424.0000
2005-07-28,426.4000
2005-07-29,429.0000
2005-08-01,431.6500
2005-08-02,431.0000
2005-08-03,434.6000
2005-08-04,438.6000
2005-08-05,438.2500
2005-08-08,436.2000
2005-08-09,433.3000
2005-08-10,436.5500
2005-08-11,440.7500
2005-08-12,447.2500
2005-08-15,443.5000
2005-08-16,443.0000
2005-08-17,442.0000
2005-08-18,439.6500
2005-08-19,439.6500
2005-08-22,439.6500
2005-08-23,439.3500
2005-08-24,440.0000
2005-08-25,438.8500
2005-08-26,436.7500
2005-08-30,430.6500
2005-08-31,433.2500
2005-09-01,439.6000
2005-09-02,443.6000
2005-09-05,446.0500
2005-09-06,444.1500
2005-09-07,445.0500
2005-09-08,448.5500
2005-09-09,448.2500
2005-09-12,448.3500
2005-09-13,445.4000
2005-09-14,449.3000
2005-09-15,454.8000
2005-09-16,457.2000
2005-09-19,464.5000
2005-09-20,464.8000
2005-09-21,469.1000
2005-09-22,466.2500
2005-09-23,462.6500
2005-09-26,461.7000
2005-09-27,464.1000
2005-09-28,464.0000
2005-09-29,472.4000
2005-09-30,473.2500
2005-10-03,466.1000
2005-10-04,467.4500
2005-10-05,463.5000
2005-10-06,471.8000
2005-10-07,472.7000
2005-10-10,473.2000
2005-10-11,475.5000
2005-10-12,475.1000
2005-10-13,469.5000
2005-10-14,466.0000
2005-10-17,474.5000
2005-10-18,472.0000
2005-10-19,465.9000
2005-10-20,464.3000
2005-10-21,462.8500
2005-10-24,466.1000
2005-10-25,472.2500
2005-10-26,473.2000
2005-10-27,474.4000
2005-10-28,470.7500
2005-10-31,470.7500
2005-11-01,459.5000
2005-11-02,460.8000
2005-11-03,461.8500
2005-11-04,460.5000
2005-11-07,456.5000
2005-11-08,461.6000
2005-11-09,462.5500
2005-11-10,467.0000
2005-11-11,466.7500
2005-11-14,467.5000
2005-11-15,468.2500
2005-11-16,475.7500
2005-11-17,486.1500
2005-11-18,485.8500
2005-11-21,488.9500
2005-11-22,492.6000
2005-11-23,487.6000
2005-11-24,493.4000
2005-11-25,495.9000
2005-11-28,496.0000
2005-11-29,496.0000
2005-11-30,495.6500
2005-12-01,499.7500
2005-12-02,502.5000
2005-12-05,505.6500
2005-12-06,504.2500
2005-12-07,515.4000
2005-12-08,515.7000
2005-12-09,525.5000
2005-12-12,536.5000
2005-12-13,522.5000
2005-12-14,509.5000
2005-12-15,506.2500
2005-12-16,507.0000
2005-12-19,508.7500
2005-12-20,502.5000
2005-12-21,489.0000
2005-12-22,500.0000
2005-12-28,518.0000
2005-12-29,513.0000
2006-01-03,530.0000
2006-01-04,529.5000
2006-01-05,524.7500
2006-01-06,535.2500
2006-01-09,541.5000
2006-01-10,543.5000
2006-01-11,544.4000
2006-01-12,542.5000
2006-01-13,548.2500
2006-01-16,561.7500
2006-01-17,553.2500
2006-01-18,545.0000
2006-01-19,554.7500
2006-01-20,567.2500
2006-01-23,554.5000
2006-01-24,557.2500
2006-01-25,561.7500
2006-01-26,556.5000
2006-01-27,561.7500
2006-01-30,565.0000
2006-01-31,568.7500
2006-02-01,568.2500
2006-02-02,572.1500
2006-02-03,569.0000
2006-02-06,569.7500
2006-02-07,558.7000
2006-02-08,548.7500
2006-02-09,560.2500
2006-02-10,557.0000
2006-02-13,549.3000
2006-02-14,539.7000
2006-02-15,540.5000
2006-02-16,538.7500
2006-02-17,551.7000
2006-02-20,554.5000
2006-02-21,554.0000
2006-02-22,553.0000
2006-02-23,551.2000
2006-02-24,554.1500
2006-02-27,553.2500
2006-02-28,556.0000
2006-03-01,564.2500
2006-03-02,563.7500
2006-03-03,565.0000
2006-03-06,565.2500
2006-03-07,553.0000
2006-03-08,544.7500
2006-03-09,550.1000
2006-03-10,535.0000
2006-03-13,543.5000
2006-03-14,545.8000
2006-03-15,556.5000
2006-03-16,552.7500
2006-03-17,552.7500
2006-03-20,555.7500
2006-03-21,547.5000
2006-03-22,550.7500
2006-03-23,546.5000
2006-03-24,556.7500
2006-03-27,565.0000
2006-03-28,567.5000
2006-03-29,565.0000
2006-03-30,584.0000
2006-03-31,582.0000
2006-04-03,587.0000
2006-04-04,588.0000
2006-04-05,586.5000
2006-04-06,592.5000
2006-04-07,589.7500
2006-04-10,597.2500
2006-04-11,597.7500
2006-04-12,597.2500
2006-04-13,593.0000
2006-04-18,614.7500
2006-04-19,624.7500
2006-04-20,625.0000
2006-04-21,623.5000
2006-04-24,622.5000
2006-04-25,634.7500
2006-04-26,635.5000
2006-04-27,638.0000
2006-04-28,644.0000
2006-05-02,661.0000
2006-05-03,673.6000
2006-05-04,673.5000
2006-05-05,678.0000
2006-05-08,675.5000
2006-05-09,691.2500
2006-05-10,699.9000
2006-05-11,715.5000
2006-05-12,725.0000
2006-05-15,687.5000
2006-05-16,692.0000
2006-05-17,699.5000
2006-05-18,693.5000
2006-05-19,651.5000
2006-05-22,652.5000
2006-05-23,666.7500
2006-05-24,648.5000
2006-05-25,642.5000
2006-05-26,642.2500
2006-05-30,660.5000
2006-05-31,653.0000
2006-06-01,625.0000
2006-06-02,632.2500
2006-06-05,641.8000
2006-06-06,627.0000
2006-06-07,617.7500
2006-06-08,614.0000
2006-06-09,616.0000
2006-06-12,609.2000
2006-06-13,586.5000
2006-06-14,567.7500
2006-06-15,569.5000
2006-06-16,574.0000
2006-06-19,571.0000
2006-06-20,567.0000
2006-06-21,574.6000
2006-06-22,584.5000
2006-06-23,579.6000
2006-06-26,583.5000
2006-06-27,588.7500
2006-06-28,582.7500
2006-06-29,589.2500
2006-06-30,613.5000
2006-07-03,622.9500
2006-07-04,622.0000
2006-07-05,623.0000
2006-07-06,626.0000
2006-07-07,631.5000
2006-07-10,626.0000
2006-07-11,630.7500
2006-07-12,650.0000
2006-07-13,649.5000
2006-07-14,663.2500
2006-07-17,652.5000
2006-07-18,645.0000
2006-07-19,641.6000
2006-07-20,642.5000
2006-07-21,634.0000
2006-07-24,605.7000
2006-07-25,618.7500
2006-07-26,614.3000
2006-07-27,639.0000
2006-07-28,637.1000
2006-07-31,632.5000
2006-08-01,637.2500
2006-08-02,654.4000
2006-08-03,644.4000
2006-08-04,652.2500
2006-08-07,649.7500
2006-08-08,646.0000
2006-08-09,649.0000
2006-08-10,644.7500
2006-08-11,644.5000
2006-08-14,624.6000
2006-08-15,625.5000
2006-08-16,629.7500
2006-08-17,625.5000
2006-08-18,613.9000
2006-08-21,625.0000
2006-08-22,622.7500
2006-08-23,628.1000
2006-08-24,623.7500
2006-08-25,621.2500
2006-08-29,613.4000
2006-08-30,617.7500
2006-08-31,623.5000
2006-09-01,621.0500
2006-09-04,626.7500
2006-09-05,637.7500
2006-09-06,635.4000
2006-09-07,621.5000
2006-09-08,610.0000
2006-09-11,588.0000
2006-09-12,590.7000
2006-09-13,589.0000
2006-09-14,584.4000
2006-09-15,573.6000
2006-09-18,580.5000
2006-09-19,583.5000
2006-09-20,580.2500
2006-09-21,578.7500
2006-09-22,589.0000
2006-09-25,584.7500
2006-09-26,591.0000
2006-09-27,593.7500
2006-09-28,603.0000
2006-09-29,599.2500
2006-10-02,600.6000
2006-10-03,582.2500
2006-10-04,573.6000
2006-10-05,573.3000
2006-10-06,560.7500
2006-10-09,575.2500
2006-10-10,571.4000
2006-10-11,574.1000
2006-10-12,573.0000
2006-10-13,586.1000
2006-10-16,595.1000
2006-10-17,590.0000
2006-10-18,594.0000
2006-10-19,597.2500
2006-10-20,596.6000
2006-10-23,582.7500
2006-10-24,575.6000
2006-10-25,580.7500
2006-10-26,596.2500
2006-10-27,596.2500
2006-10-30,608.5000
2006-10-31,603.7500
2006-11-01,614.1000
2006-11-02,620.7500
2006-11-03,622.7500
2006-11-06,626.1000
2006-11-07,625.7500
2006-11-08,623.2000
2006-11-09,625.2500
2006-11-10,629.3000
2006-11-13,623.5000
2006-11-14,627.0000
2006-11-15,617.7500
2006-11-16,624.7500
2006-11-17,620.5000
2006-11-20,625.5000
2006-11-21,624.5000
2006-11-22,631.8000
2006-11-23,630.2500
2006-11-24,639.5000
2006-11-27,638.7500
2006-11-28,637.0000
2006-11-29,637.5000
2006-11-30,646.7000
2006-12-01,648.7500
2006-12-04,646.0000
2006-12-05,645.9000
2006-12-06,636.0000
2006-12-07,627.7500
2006-12-08,637.4000
2006-12-11,626.7500
2006-12-12,628.0000
2006-12-13,624.0000
2006-12-14,627.4000
2006-12-15,623.7500
2006-12-18,614.0000
2006-12-19,620.5000
2006-12-20,619.2500
2006-12-21,620.5000
2006-12-27,628.5000
2006-12-28,632.0000
2007-01-02,639.7500
2007-01-03,642.6000
2007-01-04,628.7000
2007-01-05,609.5000
2007-01-08,609.5000
2007-01-09,609.6000
2007-01-10,608.4000
2007-01-11,612.0000
2007-01-12,619.7500
2007-01-15,627.0000
2007-01-16,627.0500
2007-01-17,626.5000
2007-01-18,635.0000
2007-01-19,629.0000
2007-01-22,639.0000
2007-01-23,642.5000
2007-01-24,642.1000
2007-01-25,651.7500
2007-01-26,645.5000
2007-01-29,644.7500
2007-01-30,645.2000
2007-01-31,650.5000
2007-02-01,660.2000
2007-02-02,645.7000
2007-02-05,649.4000
2007-02-06,653.2500
2007-02-07,653.7500
2007-02-08,656.0000
2007-02-09,664.5000
2007-02-12,664.5500
2007-02-13,667.8000
2007-02-14,668.2500
2007-02-15,664.7500
2007-02-16,665.1000
2007-02-19,670.7500
2007-02-20,663.9000
2007-02-21,661.2500
2007-02-22,676.6000
2007-02-23,683.0000
2007-02-26,685.7500
2007-02-27,676.2000
2007-02-28,664.2000
2007-03-01,670.4000
2007-03-02,651.9000
2007-03-05,636.7500
2007-03-06,643.7500
2007-03-07,646.4000
2007-03-08,654.2500
2007-03-09,652.2500
2007-03-12,647.7500
2007-03-13,650.8000
2007-03-14,643.2500
2007-03-15,648.5000
2007-03-16,653.2000
2007-03-19,655.0000
2007-03-20,659.0000
2007-03-21,658.7500
2007-03-22,663.0000
2007-03-23,656.2500
2007-03-26,663.0000
2007-03-27,664.0000
2007-03-28,666.7500
2007-03-29,661.0000
2007-03-30,661.7500
2007-04-02,658.2500
2007-04-03,664.2500
2007-04-04,672.2500
2007-04-05,673.5000
2007-04-10,677.4000
2007-04-11,678.2000
2007-04-12,677.2500
2007-04-13,681.7500
2007-04-16,686.5000
2007-04-17,688.0000
2007-04-18,688.7500
2007-04-19,681.9000
2007-04-20,691.4000
2007-04-23,688.7000
2007-04-24,688.4000
2007-04-25,684.0000
2007-04-26,673.0000
2007-04-27,677.5000
2007-04-30,677.0000
2007-05-01,673.6000
2007-05-02,669.5000
2007-05-03,674.2000
2007-05-04,688.8000
2007-05-08,684.2500
2007-05-09,683.0000
2007-05-10,673.5000
2007-05-11,669.0000
2007-05-14,670.2000
2007-05-15,668.2500
2007-05-16,667.7500
2007-05-17,656.7500
2007-05-18,657.0000
2007-05-21,658.0000
2007-05-22,662.0000
2007-05-23,662.0500
2007-05-24,659.0000
2007-05-25,655.3000
2007-05-29,660.1500
2007-05-30,652.6500
2007-05-31,659.1000
2007-06-01,666.5000
2007-06-04,671.1000
2007-06-05,671.5000
2007-06-06,669.7000
2007-06-07,668.7500
2007-06-08,655.2500
2007-06-11,650.3000
2007-06-12,647.2500
2007-06-13,647.6500
2007-06-14,653.2500
2007-06-15,653.1000
2007-06-18,656.0000
2007-06-19,656.3000
2007-06-20,657.7000
2007-06-21,650.5000
2007-06-22,652.8500
2007-06-25,650.7500
2007-06-26,647.0000
2007-06-27,642.1000
2007-06-28,647.2500
2007-06-29,650.5000
2007-07-02,654.7500
2007-07-03,654.2500
2007-07-04,654.1500
2007-07-05,651.0000
2007-07-06,648.7500
2007-07-09,661.2500
2007-07-10,661.7000
2007-07-11,663.0000
2007-07-12,667.2500
2007-07-13,666.5000
2007-07-16,666.0000
2007-07-17,666.5000
2007-07-18,666.7500
2007-07-19,674.5000
2007-07-20,681.6000
2007-07-23,682.0000
2007-07-24,684.3000
2007-07-25,674.7500
2007-07-26,670.0000
2007-07-27,660.5000
2007-07-30,661.5000
2007-07-31,665.5000
2007-08-01,665.7500
2007-08-02,666.2500
2007-08-03,670.5000
2007-08-06,671.5000
2007-08-07,668.0000
2007-08-08,675.5000
2007-08-09,662.6000
2007-08-10,668.5000
2007-08-13,668.7500
2007-08-14,668.3500
2007-08-15,667.2500
2007-08-16,662.2500
2007-08-17,657.5000
2007-08-20,659.5000
2007-08-21,657.5000
2007-08-22,659.5000
2007-08-23,660.7500
2007-08-24,660.8500
2007-08-28,666.0000
2007-08-29,664.2500
2007-08-30,666.0000
2007-08-31,672.0000
2007-09-03,672.0000
2007-09-04,678.7500
2007-09-05,680.2500
2007-09-06,688.1500
2007-09-07,701.0000
2007-09-10,703.5000
2007-09-11,704.1500
2007-09-12,706.0000
2007-09-13,704.5000
2007-09-14,716.3500
2007-09-17,719.0000
2007-09-18,714.7500
2007-09-19,725.1500
2007-09-20,734.5000
2007-09-21,737.0000
2007-09-24,730.0000
2007-09-25,728.5000
2007-09-26,734.7500
2007-09-27,731.7500
2007-09-28,743.0000
2007-10-01,742.5000
2007-10-02,731.0000
2007-10-03,730.2500
2007-10-04,725.5000
2007-10-05,737.0000
2007-10-08,733.7500
2007-10-09,736.0000
2007-10-10,741.2500
2007-10-11,749.0000
2007-10-12,749.5000
2007-10-15,758.8500
2007-10-16,756.7500
2007-10-17,762.5000
2007-10-18,764.1500
2007-10-19,763.0000
2007-10-22,751.2500
2007-10-23,758.2500
2007-10-24,757.5000
2007-10-25,767.5000
2007-10-26,779.1500
2007-10-29,788.5000
2007-10-30,783.2500
2007-10-31,789.5000
2007-11-01,790.2500
2007-11-02,796.5000
2007-11-05,804.7500
2007-11-06,822.5000
2007-11-07,834.5000
2007-11-08,841.1000
2007-11-09,831.5000
2007-11-12,803.5000
2007-11-13,804.2500
2007-11-14,813.5000
2007-11-15,794.0000
2007-11-16,789.7500
2007-11-19,778.8500
2007-11-20,795.5000
2007-11-21,798.0000
2007-11-22,803.2500
2007-11-23,815.2500
2007-11-26,830.0000
2007-11-27,810.7500
2007-11-28,801.7500
2007-11-29,794.5000
2007-11-30,783.5000
2007-12-03,784.2500
2007-12-04,797.5000
2007-12-05,793.0000
2007-12-06,801.5000
2007-12-07,792.5000
2007-12-10,809.5000
2007-12-11,808.7500
2007-12-12,814.0000
2007-12-13,800.7000
2007-12-14,789.5000
2007-12-17,790.7500
2007-12-18,804.2500
2007-12-19,799.7500
2007-12-20,795.2500
2007-12-21,810.5000
2007-12-27,829.0000
2007-12-28,833.7500
2008-01-02,846.7500
2008-01-03,858.8500
2008-01-04,855.0000
2008-01-07,859.2500
2008-01-08,873.5000
2008-01-09,877.0000
2008-01-10,884.2500
2008-01-11,891.0000
2008-01-14,902.0000
2008-01-15,913.0000
2008-01-16,889.7500
2008-01-17,888.2500
2008-01-18,882.0000
2008-01-21,871.2500
2008-01-22,875.0000
2008-01-23,888.2500
2008-01-24,909.2500
2008-01-25,918.2500
2008-01-28,921.7500
2008-01-29,924.5000
2008-01-30,919.0000
2008-01-31,923.2500
2008-02-01,914.7500
2008-02-04,893.7500
2008-02-05,887.5000
2008-02-06,903.0000
2008-02-07,899.7500
2008-02-08,916.2500
2008-02-11,918.0000
2008-02-12,917.0000
2008-02-13,899.0000
2008-02-14,906.0000
2008-02-15,912.5000
2008-02-18,903.2500
2008-02-19,924.0000
2008-02-20,920.0000
2008-02-21,945.0000
2008-02-22,943.0000
2008-02-25,937.7500
2008-02-26,937.0000
2008-02-27,959.5000
2008-02-28,959.7500
2008-02-29,971.5000
2008-03-03,988.5000
2008-03-04,984.7500
2008-03-05,974.5000
2008-03-06,976.5000
2008-03-07,972.5000
2008-03-10,969.2500
2008-03-11,970.0000
2008-03-12,975.5000
2008-03-13,995.0000
2008-03-14,1003.5000
2008-03-17,1011.2500
2008-03-18,1006.7500
2008-03-19,958.5000
2008-03-20,925.7500
2008-03-25,926.7500
2008-03-26,946.7500
2008-03-27,946.7500
2008-03-28,934.2500
2008-03-31,933.5000
2008-04-01,887.7500
2008-04-02,890.0000
2008-04-03,896.5000
2008-04-04,905.5000
2008-04-07,926.5000
2008-04-08,915.0000
2008-04-09,917.0000
2008-04-10,928.0000
2008-04-11,927.7500
2008-04-14,926.5000
2008-04-15,929.7500
2008-04-16,945.0000
2008-04-17,946.0000
2008-04-18,908.7500
2008-04-21,918.5000
2008-04-22,918.0000
2008-04-23,898.5000
2008-04-24,895.5000
2008-04-25,891.5000
2008-04-28,890.5000
2008-04-29,880.0000
2008-04-30,871.0000
2008-05-01,853.0000
2008-05-02,853.5000
2008-05-06,880.0000
2008-05-07,868.2500
2008-05-08,877.0000
2008-05-09,876.0000
2008-05-12,883.5000
2008-05-13,865.0000
2008-05-14,866.5000
2008-05-15,881.2500
2008-05-16,897.0000
2008-05-19,906.5000
2008-05-20,914.5000
2008-05-21,923.0000
2008-05-22,922.7500
2008-05-23,927.5000
2008-05-27,906.7500
2008-05-28,902.5000
2008-05-29,883.0000
2008-05-30,885.7500
2008-06-02,888.2500
2008-06-03,879.2500
2008-06-04,883.5000
2008-06-05,878.7500
2008-06-06,890.5000
2008-06-09,896.2500
2008-06-10,878.0000
2008-06-11,876.2500
2008-06-12,862.2500
2008-06-13,866.0000
2008-06-16,888.2500
2008-06-17,881.5000
2008-06-18,887.5000
2008-06-19,903.0000
2008-06-20,907.5000
2008-06-23,881.0000
2008-06-24,889.5000
2008-06-25,882.7500
2008-06-26,909.5000
2008-06-27,919.5000
2008-06-30,930.2500
2008-07-01,937.5000
2008-07-02,935.2500
2008-07-03,934.0000
2008-07-04,931.2500
2008-07-07,916.7500
2008-07-08,921.0000
2008-07-09,927.2500
2008-07-10,939.5000
2008-07-11,962.7500
2008-07-14,968.0000
2008-07-15,986.0000
2008-07-16,977.5000
2008-07-17,965.5000
2008-07-18,959.7500
2008-07-21,960.5000
2008-07-22,961.5000
2008-07-23,926.5000
2008-07-24,928.0000
2008-07-25,920.5000
2008-07-28,923.5000
2008-07-29,916.7500
2008-07-30,897.5000
2008-07-31,918.0000
2008-08-01,912.5000
2008-08-04,905.7500
2008-08-05,882.0000
2008-08-06,879.5000
2008-08-07,871.5000
2008-08-08,852.5000
2008-08-11,852.5000
2008-08-12,817.7500
2008-08-13,818.5000
2008-08-14,818.0000
2008-08-15,786.5000
2008-08-18,796.2500
2008-08-19,788.7500
2008-08-20,815.7500
2008-08-21,833.5000
2008-08-22,824.0000
2008-08-26,827.0000
2008-08-27,827.0000
2008-08-28,838.2500
2008-08-29,833.0000
2008-09-01,822.2500
2008-09-02,798.5000
2008-09-03,803.5000
2008-09-04,805.7500
2008-09-05,808.5000
2008-09-08,808.0000
2008-09-09,781.7500
2008-09-10,775.7500
2008-09-11,740.7500
2008-09-12,750.2500
2008-09-15,775.0000
2008-09-16,779.5000
2008-09-17,813.0000
2008-09-18,863.0000
2008-09-19,869.0000
2008-09-22,889.0000
2008-09-23,899.0000
2008-09-24,896.0000
2008-09-25,888.5000
2008-09-26,902.0000
2008-09-29,905.0000
2008-09-30,884.5000
2008-10-01,880.0000
2008-10-02,852.0000
2008-10-03,828.0000
2008-10-06,875.5000
2008-10-07,876.7500
2008-10-08,903.5000
2008-10-09,883.5000
2008-10-10,900.5000
2008-10-13,831.5000
2008-10-14,832.5000
2008-10-15,847.0000
2008-10-16,802.5000
2008-10-17,784.5000
2008-10-20,795.0000
2008-10-21,772.0000
2008-10-22,744.0000
2008-10-23,720.0000
2008-10-24,712.5000
2008-10-27,730.5000
2008-10-28,730.5000
2008-10-29,764.0000
2008-10-30,755.2500
2008-10-31,730.7500
2008-11-03,729.5000
2008-11-04,741.2500
2008-11-05,753.7500
2008-11-06,754.5000
2008-11-07,735.2500
2008-11-10,753.0000
2008-11-11,733.7500
2008-11-12,724.7500
2008-11-13,713.5000
2008-11-14,747.5000
2008-11-17,734.0000
2008-11-18,738.0000
2008-11-19,762.0000
2008-11-20,738.0000
2008-11-21,774.5000
2008-11-24,822.5000
2008-11-25,820.5000
2008-11-26,812.5000
2008-11-27,814.0000
2008-11-28,814.5000
2008-12-01,778.0000
2008-12-02,780.0000
2008-12-03,766.2500
2008-12-04,773.2500
2008-12-05,749.0000
2008-12-08,767.2500
2008-12-09,767.7500
2008-12-10,802.2500
2008-12-11,827.7500
2008-12-12,826.5000
2008-12-15,826.0000
2008-12-16,838.2500
2008-12-17,870.0000
2008-12-18,855.2500
2008-12-19,835.7500
2008-12-22,849.0000
2008-12-23,843.5000
2008-12-29,880.2500
2008-12-30,869.7500
2009-01-02,874.5000
2009-01-05,853.5000
2009-01-06,848.2500
2009-01-07,848.5000
2009-01-08,855.7500
2009-01-09,847.2500
2009-01-12,827.0000
2009-01-13,826.5000
2009-01-14,821.5000
2009-01-15,810.0000
2009-01-16,833.7500
2009-01-19,833.0000
2009-01-20,853.2500
2009-01-21,849.2500
2009-01-22,860.0000
2009-01-23,875.7500
2009-01-26,910.2500
2009-01-27,897.5000
2009-01-28,895.2500
2009-01-29,892.2500
2009-01-30,919.5000
2009-02-02,918.2500
2009-02-03,904.5000
2009-02-04,905.0000
2009-02-05,920.0000
2009-02-06,913.0000
2009-02-09,895.0000
2009-02-10,909.7500
2009-02-11,938.0000
2009-02-12,943.2500
2009-02-13,935.5000
2009-02-16,942.5000
2009-02-17,968.0000
2009-02-18,964.0000
2009-02-19,980.5000
2009-02-20,989.0000
2009-02-23,985.7500
2009-02-24,984.2500
2009-02-25,978.5000
2009-02-26,936.5000
2009-02-27,952.0000
2009-03-02,937.2500
2009-03-03,913.7500
2009-03-04,908.5000
2009-03-05,913.0000
2009-03-06,936.0000
2009-03-09,923.7500
2009-03-10,901.5000
2009-03-11,899.5000
2009-03-12,925.2500
2009-03-13,928.0000
2009-03-16,919.5000
2009-03-17,915.5000
2009-03-18,893.2500
2009-03-19,956.5000
2009-03-20,954.0000
2009-03-23,949.2500
2009-03-24,923.7500
2009-03-25,929.0000
2009-03-26,938.2500
2009-03-27,924.0000
2009-03-30,928.0000
2009-03-31,916.5000
2009-04-01,924.5000
2009-04-02,897.7500
2009-04-03,905.0000
2009-04-06,870.2500
2009-04-07,879.7500
2009-04-08,880.0000
2009-04-09,880.5000
2009-04-14,887.5000
2009-04-15,891.0000
2009-04-16,880.5000
2009-04-17,870.5000
2009-04-20,877.0000
2009-04-21,888.7500
2009-04-22,886.0000
2009-04-23,897.5000
2009-04-24,907.5000
2009-04-27,907.5000
2009-04-28,891.0000
2009-04-29,898.2500
2009-04-30,883.2500
2009-05-01,884.5000
2009-05-05,910.0000
2009-05-06,910.0000
2009-05-07,912.2500
2009-05-08,907.0000
2009-05-11,913.0000
2009-05-12,917.0000
2009-05-13,924.0000
2009-05-14,925.2500
2009-05-15,929.5000
2009-05-18,921.0000
2009-05-19,924.7500
2009-05-20,939.5000
2009-05-21,937.5000
2009-05-22,959.7500
2009-05-26,945.0000
2009-05-27,951.0000
2009-05-28,957.7500
2009-05-29,975.5000
2009-06-01,981.7500
2009-06-02,980.0000
2009-06-03,976.7500
2009-06-04,970.7500
2009-06-05,962.0000
2009-06-08,943.7500
2009-06-09,956.0000
2009-06-10,953.7500
2009-06-11,947.5000
2009-06-12,937.2500
2009-06-15,932.2500
2009-06-16,934.0000
2009-06-17,930.5000
2009-06-18,940.5000
2009-06-19,935.2500
2009-06-22,919.2500
2009-06-23,920.7500
2009-06-24,933.5000
2009-06-25,937.2500
2009-06-26,942.0000
2009-06-29,935.5000
2009-06-30,934.5000
2009-07-01,938.2500
2009-07-02,929.5000
2009-07-03,932.5000
2009-07-06,924.5000
2009-07-07,924.0000
2009-07-08,918.0000
2009-07-09,911.7500
2009-07-10,913.0000
2009-07-13,908.5000
2009-07-14,924.7500
2009-07-15,938.0000
2009-07-16,935.0000
2009-07-17,937.5000
2009-07-20,952.7500
2009-07-21,947.7500
2009-07-22,948.2500
2009-07-23,950.0000
2009-07-24,951.5000
2009-07-27,955.0000
2009-07-28,944.2500
2009-07-29,931.0000
2009-07-30,932.5000
2009-07-31,939.0000
2009-08-03,959.7500
2009-08-04,960.5000
2009-08-05,960.5000
2009-08-06,964.0000
2009-08-07,956.0000
2009-08-10,945.0000
2009-08-11,942.7500
2009-08-12,947.2500
2009-08-13,953.5000
2009-08-14,953.5000
2009-08-17,932.7500
2009-08-18,935.0000
2009-08-19,943.0000
2009-08-20,940.5000
2009-08-21,952.5000
2009-08-24,951.5000
2009-08-25,950.5000
2009-08-26,940.5000
2009-08-27,943.0000
2009-08-28,955.5000
2009-09-01,955.0000
2009-09-02,964.7500
2009-09-03,983.0000
2009-09-04,989.0000
2009-09-07,993.0000
2009-09-08,1000.7500
2009-09-09,999.5000
2009-09-10,990.7500
2009-09-11,1008.2500
2009-09-14,999.2500
2009-09-15,996.0000
2009-09-16,1015.7500
2009-09-17,1018.5000
2009-09-18,1012.0000
2009-09-21,997.0000
2009-09-22,1014.0000
2009-09-23,1010.2500
2009-09-24,1009.7500
2009-09-25,991.5000
2009-09-28,991.7500
2009-09-29,989.5000
2009-09-30,995.7500
2009-10-01,1004.7500
2009-10-02,1003.5000
2009-10-05,1005.5000
2009-10-06,1038.7500
2009-10-07,1040.2500
2009-10-08,1045.0000
2009-10-09,1051.5000
2009-10-12,1058.7500
2009-10-13,1057.5000
2009-10-14,1059.5000
2009-10-15,1053.5000
2009-10-16,1047.5000
2009-10-19,1050.5000
2009-10-20,1061.7500
2009-10-21,1053.7500
2009-10-22,1053.0000
2009-10-23,1061.7500
2009-10-26,1054.0000
2009-10-27,1036.5000
2009-10-28,1031.7500
2009-10-29,1040.5000
2009-10-30,1040.0000
2009-11-02,1062.0000
2009-11-03,1061.0000
2009-11-04,1090.0000
2009-11-05,1089.0000
2009-11-06,1096.7500
2009-11-09,1106.7500
2009-11-10,1101.5000
2009-11-11,1115.2500
2009-11-12,1114.7500
2009-11-13,1104.0000
2009-11-16,1130.0000
2009-11-17,1134.7500
2009-11-18,1149.0000
2009-11-19,1135.5000
2009-11-20,1140.0000
2009-11-23,1169.5000
2009-11-24,1163.2500
2009-11-25,1179.7500
2009-11-26,1182.7500
2009-11-27,1166.5000
2009-11-30,1175.7500
2009-12-01,1192.5000
2009-12-02,1212.5000
2009-12-03,1208.7500
2009-12-04,1190.2500
2009-12-07,1142.5000
2009-12-08,1146.7500
2009-12-09,1141.0000
2009-12-10,1128.5000
2009-12-11,1124.0000
2009-12-14,1123.7500
2009-12-15,1122.0000
2009-12-16,1137.5000
2009-12-17,1117.0000
2009-12-18,1104.5000
2009-12-21,1105.5000
2009-12-22,1084.0000
2009-12-23,1085.2500
2009-12-29,1106.0000
2009-12-30,1087.5000
2010-01-04,1121.5000
2010-01-05,1123.2500
2010-01-06,1130.0000
2010-01-07,1130.2500
2010-01-08,1126.7500
2010-01-11,1153.0000
2010-01-12,1151.2500
2010-01-13,1127.2500
2010-01-14,1138.2500
2010-01-15,1128.0000
2010-01-18,1134.5000
2010-01-19,1133.0000
2010-01-20,1120.2500
2010-01-21,1108.2500
2010-01-22,1084.0000
2010-01-25,1095.2500
2010-01-26,1093.2500
2010-01-27,1094.7500
2010-01-28,1088.0000
2010-01-29,1078.5000
2010-02-01,1086.5000
2010-02-02,1111.0000
2010-02-03,1115.2500
2010-02-04,1083.2500
2010-02-05,1058.0000
2010-02-08,1064.0000
2010-02-09,1071.2500
2010-02-10,1069.5000
2010-02-11,1076.2500
2010-02-12,1082.0000
2010-02-15,1098.2500
2010-02-16,1115.2500
2010-02-17,1119.0000
2010-02-18,1118.0000
2010-02-19,1112.7500
2010-02-22,1115.2500
2010-02-23,1107.0000
2010-02-24,1103.0000
2010-02-25,1094.5000
2010-02-26,1108.2500
2010-03-01,1114.0000
2010-03-02,1126.5000
2010-03-03,1136.5000
2010-03-04,1134.5000
2010-03-05,1135.0000
2010-03-08,1125.7500
2010-03-09,1115.7500
2010-03-10,1120.5000
2010-03-11,1104.0000
2010-03-12,1106.2500
2010-03-15,1104.2500
2010-03-16,1124.7500
2010-03-17,1121.7500
2010-03-18,1122.7500
2010-03-19,1105.5000
2010-03-22,1097.2500
2010-03-23,1101.5000
2010-03-24,1090.7500
2010-03-25,1093.0000
2010-03-26,1096.5000
2010-03-29,1107.5000
2010-03-30,1107.0000
2010-03-31,1115.5000
2010-04-01,1123.5000
2010-04-06,1132.7500
2010-04-07,1142.0000
2010-04-08,1148.0000
2010-04-09,1152.5000
2010-04-12,1158.7500
2010-04-13,1148.2500
2010-04-14,1153.7500
2010-04-15,1154.5000
2010-04-16,1151.5000
2010-04-19,1136.2500
2010-04-20,1144.7500
2010-04-21,1143.0000
2010-04-22,1133.7500
2010-04-23,1139.5000
2010-04-26,1154.5000
2010-04-27,1149.5000
2010-04-28,1161.0000
2010-04-29,1166.7500
2010-04-30,1179.2500
2010-05-04,1185.0000
2010-05-05,1165.0000
2010-05-06,1185.2500
2010-05-07,1202.2500
2010-05-10,1196.5000
2010-05-11,1222.5000
2010-05-12,1237.5000
2010-05-13,1237.5000
2010-05-14,1236.5000
2010-05-17,1236.0000
2010-05-18,1216.7500
2010-05-19,1195.0000
2010-05-20,1192.0000
2010-05-21,1179.7500
2010-05-24,1187.0000
2010-05-25,1198.2500
2010-05-26,1212.0000
2010-05-27,1211.0000
2010-05-28,1207.5000
2010-06-01,1227.7500
2010-06-02,1215.0000
2010-06-03,1215.0000
2010-06-04,1203.5000
2010-06-07,1215.0000
2010-06-08,1246.0000
2010-06-09,1233.5000
2010-06-10,1217.5000
2010-06-11,1220.0000
2010-06-14,1223.7500
2010-06-15,1225.0000
2010-06-16,1234.5000
2010-06-17,1245.0000
2010-06-18,1256.0000
2010-06-21,1254.5000
2010-06-22,1236.0000
2010-06-23,1226.5000
2010-06-24,1236.2500
2010-06-25,1254.0000
2010-06-28,1261.0000
2010-06-29,1234.5000
2010-06-30,1244.0000
2010-07-01,1234.0000
2010-07-02,1201.5000
2010-07-05,1208.0000
2010-07-06,1195.0000
2010-07-07,1193.2500
2010-07-08,1193.5000
2010-07-09,1208.7500
2010-07-12,1205.5000
2010-07-13,1216.0000
2010-07-14,1207.0000
2010-07-15,1208.0000
2010-07-16,1189.2500
2010-07-19,1181.0000
2010-07-20,1183.0000
2010-07-21,1191.5000
2010-07-22,1199.5000
2010-07-23,1190.5000
2010-07-26,1183.5000
2010-07-27,1168.0000
2010-07-28,1157.0000
2010-07-29,1162.5000
2010-07-30,1169.0000
2010-08-02,1188.5000
2010-08-03,1187.5000
2010-08-04,1199.5000
2010-08-05,1192.5000
2010-08-06,1207.7500
2010-08-09,1203.0000
2010-08-10,1192.5000
2010-08-11,1205.5000
2010-08-12,1213.0000
2010-08-13,1214.2500
2010-08-16,1223.5000
2010-08-17,1226.0000
2010-08-18,1218.0000
2010-08-19,1233.5000
2010-08-20,1223.5000
2010-08-23,1226.0000
2010-08-24,1222.0000
2010-08-25,1237.5000
2010-08-26,1237.0000
2010-08-27,1235.0000
2010-08-31,1246.0000
2010-09-01,1246.5000
2010-09-02,1248.5000
2010-09-03,1240.5000
2010-09-06,1249.0000
2010-09-07,1256.7500
2010-09-08,1255.0000
2010-09-09,1255.0000
2010-09-10,1246.5000
2010-09-13,1243.7500
2010-09-14,1265.5000
2010-09-15,1267.0000
2010-09-16,1272.5000
2010-09-17,1274.0000
2010-09-20,1279.2500
2010-09-21,1275.0000
2010-09-22,1293.5000
2010-09-23,1290.7500
2010-09-24,1297.0000
2010-09-27,1297.0000
2010-09-28,1294.0000
2010-09-29,1307.5000
2010-09-30,1307.0000
2010-10-01,1316.2500
2010-10-04,1313.5000
2010-10-05,1330.5000
2010-10-06,1346.5000
2010-10-07,1345.0000
2010-10-08,1341.5000
2010-10-11,1351.5000
2010-10-12,1348.5000
2010-10-13,1365.5000
2010-10-14,1373.2500
2010-10-15,1367.5000
2010-10-18,1367.2500
2010-10-19,1339.0000
2010-10-20,1339.0000
2010-10-21,1343.5000
2010-10-22,1322.5000
2010-10-25,1337.5000
2010-10-26,1329.5000
2010-10-27,1324.5000
2010-10-28,1333.5000
2010-10-29,1346.7500
2010-11-01,1354.5000
2010-11-02,1351.0000
2010-11-03,1345.5000
2010-11-04,1381.0000
2010-11-05,1395.5000
2010-11-08,1388.5000
2010-11-09,1421.0000
2010-11-10,1390.5000
2010-11-11,1398.5000
2010-11-12,1388.5000
2010-11-15,1368.5000
2010-11-16,1349.0000
2010-11-17,1337.5000
2010-11-18,1350.2500
2010-11-19,1342.5000
2010-11-22,1356.5000
2010-11-23,1377.5000
2010-11-24,1372.5000
2010-11-25,1373.2500
2010-11-26,1355.0000
2010-11-29,1357.0000
2010-11-30,1383.5000
2010-12-01,1385.5000
2010-12-02,1389.0000
2010-12-03,1403.5000
2010-12-06,1415.2500
2010-12-07,1420.0000
2010-12-08,1385.5000
2010-12-09,1391.2500
2010-12-10,1375.2500
2010-12-13,1399.0000
2010-12-14,1394.5000
2010-12-15,1388.7500
2010-12-16,1363.0000
2010-12-17,1368.5000
2010-12-20,1380.0000
2010-12-21,1383.0000
2010-12-22,1387.0000
2010-12-23,1373.5000
2010-12-29,1412.5000
2010-12-30,1405.5000
2011-01-04,1388.5000
2011-01-05,1368.0000
2011-01-06,1368.5000
2011-01-07,1367.0000
2011-01-10,1368.2500
2011-01-11,1374.0000
2011-01-12,1378.7500
2011-01-13,1381.5000
2011-01-14,1367.0000
2011-01-17,1360.5000
2011-01-18,1369.5000
2011-01-19,1372.0000
2011-01-20,1345.5000
2011-01-21,1343.5000
2011-01-24,1343.0000
2011-01-25,1324.0000
2011-01-26,1328.0000
2011-01-27,1334.5000
2011-01-28,1319.0000
2011-01-31,1327.0000
2011-02-01,1331.5000
2011-02-02,1337.0000
2011-02-03,1328.0000
2011-02-04,1355.0000
2011-02-07,1347.5000
2011-02-08,1363.5000
2011-02-09,1365.0000
2011-02-10,1353.2500
2011-02-11,1364.0000
2011-02-14,1365.0000
2011-02-15,1372.7500
2011-02-16,1371.2500
2011-02-17,1379.0000
2011-02-18,1383.5000
2011-02-21,1403.0000
2011-02-22,1401.0000
2011-02-23,1409.2500
2011-02-24,1411.5000
2011-02-25,1402.5000
2011-02-28,1411.0000
2011-03-01,1420.7500
2011-03-02,1435.5000
2011-03-03,1421.5000
2011-03-04,1427.0000
2011-03-07,1437.5000
2011-03-08,1426.2500
2011-03-09,1431.0000
2011-03-10,1413.2500
2011-03-11,1411.5000
2011-03-14,1422.2500
2011-03-15,1400.5000
2011-03-16,1402.0000
2011-03-17,1403.7500
2011-03-18,1420.0000
2011-03-21,1432.0000
2011-03-22,1426.0000
2011-03-23,1439.5000
2011-03-24,1447.0000
2011-03-25,1436.0000
2011-03-28,1417.0000
2011-03-29,1417.5000
2011-03-30,1425.5000
2011-03-31,1439.0000
2011-04-01,1418.0000
2011-04-04,1435.5000
2011-04-05,1433.5000
2011-04-06,1461.5000
2011-04-07,1459.5000
2011-04-08,1469.5000
2011-04-11,1468.0000
2011-04-12,1450.5000
2011-04-13,1457.5000
2011-04-14,1465.7500
2011-04-15,1476.7500
2011-04-18,1493.0000
2011-04-19,1490.5000
2011-04-20,1501.0000
2011-04-21,1504.0000
2011-04-26,1497.5000
2011-04-27,1511.0000
2011-04-28,1535.5000
2011-05-03,1540.2500
2011-05-04,1541.0000
2011-05-05,1511.0000
2011-05-06,1486.5000
2011-05-09,1502.0000
2011-05-10,1513.5000
2011-05-11,1508.0000
2011-05-12,1489.5000
2011-05-13,1505.7500
2011-05-16,1500.7500
2011-05-17,1478.5000
2011-05-18,1496.5000
2011-05-19,1493.0000
2011-05-20,1490.7500
2011-05-23,1510.5000
2011-05-24,1527.0000
2011-05-25,1526.2500
2011-05-26,1518.5000
2011-05-27,1533.0000
2011-05-31,1536.5000
2011-06-01,1533.7500
2011-06-02,1539.5000
2011-06-03,1540.0000
2011-06-06,1549.0000
2011-06-07,1545.0000
2011-06-08,1537.7500
2011-06-09,1537.7500
2011-06-10,1529.2500
2011-06-13,1526.2500
2011-06-14,1516.0000
2011-06-15,1529.7500
2011-06-16,1523.2500
2011-06-17,1537.5000
2011-06-20,1544.0000
2011-06-21,1544.7500
2011-06-22,1552.5000
2011-06-23,1523.0000
2011-06-24,1514.7500
2011-06-27,1498.0000
2011-06-28,1499.0000
2011-06-29,1504.2500
2011-06-30,1505.5000
2011-07-01,1483.0000
2011-07-04,1495.0000
2011-07-05,1510.0000
2011-07-06,1527.2500
2011-07-07,1527.5000
2011-07-08,1541.5000
2011-07-11,1555.5000
2011-07-12,1550.5000
2011-07-13,1579.0000
2011-07-14,1590.5000
2011-07-15,1587.0000
2011-07-18,1599.0000
2011-07-19,1601.0000
2011-07-20,1586.0000
2011-07-21,1601.0000
2011-07-22,1602.0000
2011-07-25,1613.5000
2011-07-26,1612.7500
2011-07-27,1625.0000
2011-07-28,1613.5000
2011-07-29,1628.5000
2011-08-01,1623.0000
2011-08-02,1637.7500
2011-08-03,1669.2500
2011-08-04,1679.5000
2011-08-05,1658.7500
2011-08-08,1693.0000
2011-08-09,1736.0000
2011-08-10,1772.0000
2011-08-11,1760.0000
2011-08-12,1736.0000
2011-08-15,1739.0000
2011-08-16,1782.5000
2011-08-17,1790.0000
2011-08-18,1824.0000
2011-08-19,1848.0000
2011-08-22,1877.5000
2011-08-23,1876.0000
2011-08-24,1770.0000
2011-08-25,1729.0000
2011-08-26,1788.0000
2011-08-30,1825.0000
2011-08-31,1813.5000
2011-09-01,1821.0000
2011-09-02,1875.2500
2011-09-05,1895.0000
2011-09-06,1895.0000
2011-09-07,1810.0000
2011-09-08,1855.0000
2011-09-09,1851.0000
2011-09-12,1834.0000
2011-09-13,1820.0000
2011-09-14,1818.5000
2011-09-15,1782.0000
2011-09-16,1794.0000
2011-09-19,1794.0000
2011-09-20,1799.0000
2011-09-21,1793.0000
2011-09-22,1722.0000
2011-09-23,1689.0000
2011-09-26,1598.0000
2011-09-27,1659.0000
2011-09-28,1643.0000
2011-09-29,1613.0000
2011-09-30,1620.0000
2011-10-03,1655.5000
2011-10-04,1638.0000
2011-10-05,1617.0000
2011-10-06,1635.0000
2011-10-07,1652.0000
2011-10-10,1661.0000
2011-10-11,1663.0000
2011-10-12,1682.0000
2011-10-13,1656.0000
2011-10-14,1678.0000
2011-10-17,1682.0000
2011-10-18,1631.0000
2011-10-19,1652.5000
2011-10-20,1620.0000
2011-10-21,1642.5000
2011-10-24,1652.0000
2011-10-25,1656.0000
2011-10-26,1715.0000
2011-10-27,1718.0000
2011-10-28,1741.0000
2011-10-31,1722.0000
2011-11-01,1699.0000
2011-11-02,1743.0000
2011-11-03,1758.0000
2011-11-04,1749.0000
2011-11-07,1782.0000
2011-11-08,1795.0000
2011-11-09,1784.0000
2011-11-10,1756.0000
2011-11-11,1773.0000
2011-11-14,1776.0000
2011-11-15,1785.0000
2011-11-16,1756.0000
2011-11-17,1742.5000
2011-11-18,1719.0000
2011-11-21,1702.0000
2011-11-22,1699.0000
2011-11-23,1681.0000
2011-11-24,1692.5000
2011-11-25,1688.5000
2011-11-28,1714.0000
2011-11-29,1717.0000
2011-11-30,1746.0000
2011-12-01,1752.0000
2011-12-02,1747.0000
2011-12-05,1744.0000
2011-12-06,1708.0000
2011-12-07,1735.5000
2011-12-08,1715.0000
2011-12-09,1709.0000
2011-12-12,1659.5000
2011-12-13,1672.5000
2011-12-14,1603.0000
2011-12-15,1574.0000
2011-12-16,1594.0000
2011-12-19,1598.0000
2011-12-20,1613.5000
2011-12-21,1608.0000
2011-12-22,1606.5000
2011-12-28,1571.0000
2011-12-29,1531.0000
2012-01-03,1598.0000
2012-01-04,1613.0000
2012-01-05,1599.0000
2012-01-06,1616.5000
2012-01-09,1615.0000
2012-01-10,1637.0000
2012-01-11,1634.5000
2012-01-12,1661.0000
2012-01-13,1635.5000
2012-01-16,1641.0000
2012-01-17,1656.0000
2012-01-18,1647.0000
2012-01-19,1655.0000
2012-01-20,1653.0000
2012-01-23,1675.5000
2012-01-24,1665.5000
2012-01-25,1650.0000
2012-01-26,1727.0000
2012-01-27,1726.0000
2012-01-30,1729.0000
2012-01-31,1744.0000
2012-02-01,1740.0000
2012-02-02,1751.0000
2012-02-03,1734.0000
2012-02-06,1719.0000
2012-02-07,1724.0000
2012-02-08,1746.0000
2012-02-09,1748.0000
2012-02-10,1711.5000
2012-02-13,1720.0000
2012-02-14,1722.0000
2012-02-15,1733.0000
2012-02-16,1713.0000
2012-02-17,1723.0000
2012-02-20,1733.0000
2012-02-21,1748.0000
2012-02-22,1752.0000
2012-02-23,1777.0000
2012-02-24,1777.5000
2012-02-27,1772.0000
2012-02-28,1781.0000
2012-02-29,1770.0000
2012-03-01,1714.0000
2012-03-02,1707.0000
2012-03-05,1705.0000
2012-03-06,1669.0000
2012-03-07,1677.5000
2012-03-08,1690.0000
2012-03-09,1687.5000
2012-03-12,1697.5000
2012-03-13,1690.0000
2012-03-14,1644.2500
2012-03-15,1648.0000
2012-03-16,1658.0000
2012-03-19,1661.5000
2012-03-20,1656.7500
2012-03-21,1649.2500
2012-03-22,1635.5000
2012-03-23,1664.0000
2012-03-26,1680.2500
2012-03-27,1692.0000
2012-03-28,1676.0000
2012-03-29,1657.5000
2012-03-30,1662.5000
2012-04-02,1677.5000
2012-04-03,1676.2500
2012-04-04,1621.0000
2012-04-05,1631.0000
2012-04-10,1644.0000
2012-04-11,1658.0000
2012-04-12,1668.5000
2012-04-13,1666.5000
2012-04-16,1653.0000
2012-04-17,1635.5000
2012-04-18,1644.0000
2012-04-19,1650.0000
2012-04-20,1641.5000
2012-04-23,1629.0000
2012-04-24,1649.5000
2012-04-25,1637.7500
2012-04-26,1653.5000
2012-04-27,1663.5000
2012-04-30,1651.2500
2012-05-01,1664.0000
2012-05-02,1648.0000
2012-05-03,1637.7500
2012-05-04,1643.7500
2012-05-08,1602.5000
2012-05-09,1582.5000
2012-05-10,1598.5000
2012-05-11,1583.0000
2012-05-14,1558.5000
2012-05-15,1556.5000
2012-05-16,1548.5000
2012-05-17,1554.0000
2012-05-18,1589.5000
2012-05-21,1592.5000
2012-05-22,1582.5000
2012-05-23,1549.0000
2012-05-24,1568.5000
2012-05-25,1569.5000
2012-05-28,1574.6000
2012-05-29,1579.5000
2012-05-30,1540.0000
2012-05-31,1558.0000
2012-06-01,1606.0000
2012-06-06,1635.0000
2012-06-07,1606.0000
2012-06-08,1576.5000
2012-06-11,1584.0000
2012-06-12,1603.5000
2012-06-13,1619.5000
2012-06-14,1613.5000
2012-06-15,1627.2500
2012-06-18,1615.5000
2012-06-19,1625.5000
2012-06-20,1601.0000
2012-06-21,1582.0000
2012-06-22,1565.5000
2012-06-25,1570.0000
2012-06-26,1576.0000
2012-06-27,1573.5000
2012-06-28,1558.5000
2012-06-29,1598.5000
2012-07-02,1592.0000
2012-07-03,1617.5000
2012-07-04,1613.5000
2012-07-05,1604.0000
2012-07-06,1587.0000
2012-07-09,1585.0000
2012-07-10,1595.2500
2012-07-11,1577.0000
2012-07-12,1556.2500
2012-07-13,1595.5000
2012-07-16,1589.7500
2012-07-17,1585.2500
2012-07-18,1575.2500
2012-07-19,1584.0000
2012-07-20,1576.2500
2012-07-23,1572.2500
2012-07-24,1583.2500
2012-07-25,1601.0000
2012-07-26,1618.0000
2012-07-27,1618.2500
2012-07-30,1617.7500
2012-07-31,1622.0000
2012-08-01,1599.0000
2012-08-02,1597.0000
2012-08-03,1602.0000
2012-08-06,1610.0000
2012-08-07,1611.0000
2012-08-08,1613.2500
2012-08-09,1615.0000
2012-08-10,1618.5000
2012-08-13,1622.5000
2012-08-14,1597.7500
2012-08-15,1601.7500
2012-08-16,1604.5000
2012-08-17,1614.7500
2012-08-20,1615.0000
2012-08-21,1639.5000
2012-08-22,1642.0000
2012-08-23,1665.2500
2012-08-24,1667.0000
2012-08-28,1668.0000
2012-08-29,1660.0000
2012-08-30,1660.5000
2012-08-31,1648.5000
2012-09-03,1691.5000
2012-09-04,1697.0000
2012-09-05,1690.0000
2012-09-06,1701.0000
2012-09-07,1728.0000
2012-09-10,1732.0000
2012-09-11,1736.7500
2012-09-12,1737.0000
2012-09-13,1733.2500
2012-09-14,1775.5000
2012-09-17,1770.0000
2012-09-18,1769.5000
2012-09-19,1766.7500
2012-09-20,1758.5000
2012-09-21,1784.5000
2012-09-24,1762.5000
2012-09-25,1771.5000
2012-09-26,1744.7500
2012-09-27,1763.0000
2012-09-28,1776.0000
2012-10-01,1787.0000
2012-10-02,1775.5000
2012-10-03,1775.2500
2012-10-04,1791.7500
2012-10-05,1784.0000
2012-10-08,1773.5000
2012-10-09,1774.0000
2012-10-10,1761.2500
2012-10-11,1769.0000
2012-10-12,1766.7500
2012-10-15,1736.0000
2012-10-16,1746.5000
2012-10-17,1749.0000
2012-10-18,1743.0000
2012-10-19,1737.0000
2012-10-22,1726.7500
2012-10-23,1711.0000
2012-10-24,1706.5000
2012-10-25,1715.5000
2012-10-26,1716.0000
2012-10-29,1707.0000
2012-10-30,1710.0000
2012-10-31,1719.0000
2012-11-01,1716.2500
2012-11-02,1685.0000
2012-11-05,1683.5000
2012-11-06,1691.0000
2012-11-07,1715.2500
2012-11-08,1717.0000
2012-11-09,1738.2500
2012-11-12,1735.2500
2012-11-13,1726.2500
2012-11-14,1725.7500
2012-11-15,1710.0000
2012-11-16,1713.5000
2012-11-19,1730.5000
2012-11-20,1732.2500
2012-11-21,1724.0000
2012-11-22,1731.0000
2012-11-23,1734.5000
2012-11-26,1750.5000
2012-11-27,1746.2500
2012-11-28,1708.0000
2012-11-29,1725.0000
2012-11-30,1726.0000
2012-12-03,1720.0000
2012-12-04,1697.7500
2012-12-05,1694.0000
2012-12-06,1694.2500
2012-12-07,1701.5000
2012-12-10,1712.5000
2012-12-11,1710.0000
2012-12-12,1716.2500
2012-12-13,1692.7500
2012-12-14,1696.2500
2012-12-17,1695.7500
2012-12-18,1694.0000
2012-12-19,1665.0000
2012-12-20,1650.5000
2012-12-21,1651.5000
2012-12-27,1655.5000
2012-12-28,1657.5000
2013-01-02,1693.7500
2013-01-03,1679.5000
2013-01-04,1648.0000
2013-01-07,1645.2500
2013-01-08,1656.0000
2013-01-09,1657.7500
2013-01-10,1675.0000
2013-01-11,1657.5000
2013-01-14,1666.5000
2013-01-15,1680.5000
2013-01-16,1676.2500
2013-01-17,1675.0000
2013-01-18,1688.5000
2013-01-21,1687.5000
2013-01-22,1690.5000
2013-01-23,1690.2500
2013-01-24,1671.0000
2013-01-25,1660.0000
2013-01-28,1656.5000
2013-01-29,1663.5000
2013-01-30,1677.5000
2013-01-31,1664.7500
2013-02-01,1669.0000
2013-02-04,1666.0000
2013-02-05,1673.5000
2013-02-06,1674.2500
2013-02-07,1668.0000
2013-02-08,1668.2500
2013-02-11,1652.0000
2013-02-12,1647.5000
2013-02-13,1645.0000
2013-02-14,1646.0000
2013-02-15,1612.2500
2013-02-18,1610.7500
2013-02-19,1607.7500
2013-02-20,1588.5000
2013-02-21,1577.0000
2013-02-22,1576.5000
2013-02-25,1586.2500
2013-02-26,1590.5000
2013-02-27,1604.2500
2013-02-28,1588.5000
2013-03-01,1582.2500
2013-03-04,1574.2500
2013-03-05,1579.7500
2013-03-06,1574.0000
2013-03-07,1579.5000
2013-03-08,1581.7500
2013-03-11,1579.0000
2013-03-12,1594.0000
2013-03-13,1589.2500
2013-03-14,1586.0000
2013-03-15,1595.5000
2013-03-18,1603.7500
2013-03-19,1610.7500
2013-03-20,1607.5000
2013-03-21,1613.7500
2013-03-22,1607.7500
2013-03-25,1599.2500
2013-03-26,1598.0000
2013-03-27,1603.0000
2013-03-28,1598.2500
2013-04-02,1583.5000
2013-04-03,1574.7500
2013-04-04,1546.5000
2013-04-05,1568.0000
2013-04-08,1575.0000
2013-04-09,1577.2500
2013-04-10,1575.0000
2013-04-11,1565.0000
2013-04-12,1535.5000
2013-04-15,1395.0000
2013-04-16,1380.0000
2013-04-17,1392.0000
2013-04-18,1393.7500
2013-04-19,1405.5000
2013-04-22,1424.5000
2013-04-23,1408.0000
2013-04-24,1428.5000
2013-04-25,1451.0000
2013-04-26,1471.5000
2013-04-29,1467.5000
2013-04-30,1469.0000
2013-05-01,1454.7500
2013-05-02,1469.2500
2013-05-03,1469.2500
2013-05-07,1444.2500
2013-05-08,1468.0000
2013-05-09,1465.5000
2013-05-10,1426.5000
2013-05-13,1430.7500
2013-05-14,1433.7500
2013-05-15,1410.0000
2013-05-16,1381.0000
2013-05-17,1368.7500
2013-05-20,1354.7500
2013-05-21,1360.7500
2013-05-22,1408.5000
2013-05-23,1380.5000
2013-05-24,1390.2500
2013-05-28,1376.5000
2013-05-29,1382.5000
2013-05-30,1413.5000
2013-05-31,1394.5000
2013-06-03,1402.5000
2013-06-04,1399.5000
2013-06-05,1404.0000
2013-06-06,1400.0000
2013-06-07,1386.0000
2013-06-10,1383.2500
2013-06-11,1374.2500
2013-06-12,1382.7500
2013-06-13,1385.0000
2013-06-14,1391.2500
2013-06-17,1384.7500
2013-06-18,1366.7500
2013-06-19,1372.7500
2013-06-20,1292.5000
2013-06-21,1295.2500
2013-06-24,1286.7500
2013-06-25,1279.0000
2013-06-26,1236.2500
2013-06-27,1232.7500
2013-06-28,1192.0000
2013-07-01,1242.7500
2013-07-02,1252.5000
2013-07-03,1250.0000
2013-07-04,1251.7500
2013-07-05,1212.7500
2013-07-08,1235.2500
2013-07-09,1255.5000
2013-07-10,1256.0000
2013-07-11,1285.0000
2013-07-12,1279.7500
2013-07-15,1284.7500
2013-07-16,1291.5000
2013-07-17,1297.2500
2013-07-18,1283.2500
2013-07-19,1295.7500
2013-07-22,1327.0000
2013-07-23,1333.5000
2013-07-24,1335.0000
2013-07-25,1326.0000
2013-07-26,1331.0000
2013-07-29,1329.7500
2013-07-30,1324.1500
2013-07-31,1314.5000
2013-08-01,1315.0000
2013-08-02,1309.2500
2013-08-05,1304.7500
2013-08-06,1280.5000
2013-08-07,1282.5000
2013-08-08,1298.2500
2013-08-09,1309.0000
2013-08-12,1341.0000
2013-08-13,1328.5000
2013-08-14,1326.5000
2013-08-15,1329.7500
2013-08-16,1369.2500
2013-08-19,1365.0000
2013-08-20,1372.5000
2013-08-21,1363.0000
2013-08-22,1375.5000
2013-08-23,1377.5000
2013-08-27,1419.2500
2013-08-28,1419.5000
2013-08-29,1407.7500
2013-08-30,1394.7500
2013-09-02,1392.2500
2013-09-03,1399.5000
2013-09-04,1390.0000
2013-09-05,1385.0000
2013-09-06,1387.0000
2013-09-09,1390.0000
2013-09-10,1358.2500
2013-09-11,1363.7500
2013-09-12,1328.0000
2013-09-13,1318.5000
2013-09-16,1324.0000
2013-09-17,1312.2500
2013-09-18,1301.0000
2013-09-19,1365.5000
2013-09-20,1349.2500
2013-09-23,1323.0000
2013-09-24,1314.2500
2013-09-25,1322.7500
2013-09-26,1333.0000
2013-09-27,1341.0000
2013-09-30,1326.5000
2013-10-01,1290.7500
2013-10-02,1306.2500
2013-10-03,1316.0000
2013-10-04,1309.7500
2013-10-07,1323.5000
2013-10-08,1329.5000
2013-10-09,1304.0000
2013-10-10,1298.5000
2013-10-11,1265.5000
2013-10-14,1285.5000
2013-10-15,1270.5000
2013-10-16,1273.5000
2013-10-17,1319.2500
2013-10-18,1316.5000
2013-10-21,1317.5000
2013-10-22,1333.0000
2013-10-23,1331.2500
2013-10-24,1344.7500
2013-10-25,1347.7500
2013-10-28,1361.0000
2013-10-29,1349.2500
2013-10-30,1354.7500
2013-10-31,1324.0000
2013-11-01,1306.7500
2013-11-04,1320.5000
2013-11-05,1307.2500
2013-11-06,1319.0000
2013-11-07,1307.2500
2013-11-08,1285.5000
2013-11-11,1282.5000
2013-11-12,1281.2500
2013-11-13,1272.5000
2013-11-14,1286.0000
2013-11-15,1287.2500
2013-11-18,1283.5000
2013-11-19,1275.7500
2013-11-20,1257.0000
2013-11-21,1240.0000
2013-11-22,1246.2500
2013-11-25,1243.0000
2013-11-26,1247.5000
2013-11-27,1245.0000
2013-11-28,1245.5000
2013-11-29,1253.0000
2013-12-02,1229.5000
2013-12-03,1217.2500
2013-12-04,1227.5000
2013-12-05,1222.5000
2013-12-06,1233.0000
2013-12-09,1237.0000
2013-12-10,1266.2500
2013-12-11,1260.7500
2013-12-12,1225.2500
2013-12-13,1232.0000
2013-12-16,1234.7500
2013-12-17,1231.7500
2013-12-18,1230.5000
2013-12-19,1196.0000
2013-12-20,1195.2500
2013-12-23,1199.0000
2013-12-27,1214.5000
2013-12-30,1204.5000
2014-01-02,1225.0000
2014-01-03,1234.5000
2014-01-06,1246.2500
2014-01-07,1227.5000
2014-01-08,1221.0000
2014-01-09,1226.0000
2014-01-10,1244.2500
2014-01-13,1248.0000
2014-01-14,1251.5000
2014-01-15,1236.0000
2014-01-16,1241.5000
2014-01-17,1250.0000
2014-01-20,1255.7500
2014-01-21,1238.0000
2014-01-22,1241.0000
2014-01-23,1263.0000
2014-01-24,1267.0000
2014-01-27,1260.5000
2014-01-28,1251.2500
2014-01-29,1264.0000
2014-01-30,1242.5000
2014-01-31,1251.0000
2014-02-03,1262.0000
2014-02-04,1250.2500
2014-02-05,1254.5000
2014-02-06,1256.5000
2014-02-07,1259.2500
2014-02-10,1277.0000
2014-02-11,1282.0000
2014-02-12,1289.5000
2014-02-13,1296.0000
2014-02-14,1320.0000
2014-02-17,1327.5000
2014-02-18,1320.7500
2014-02-19,1320.5000
2014-02-20,1316.2500
2014-02-21,1323.2500
2014-02-24,1334.7500
2014-02-25,1339.0000
2014-02-26,1331.7500
2014-02-27,1332.2500
2014-02-28,1326.5000
2014-03-03,1349.5000
2014-03-04,1334.7500
2014-03-05,1337.0000
2014-03-06,1345.2500
2014-03-07,1335.2500
2014-03-10,1344.0000
2014-03-11,1346.2500
2014-03-12,1366.0000
2014-03-13,1368.7500
2014-03-14,1385.0000
2014-03-17,1378.5000
2014-03-18,1355.7500
2014-03-19,1338.0000
2014-03-20,1327.0000
2014-03-21,1336.0000
2014-03-24,1310.7500
2014-03-25,1313.5000
2014-03-26,1304.0000
2014-03-27,1296.0000
2014-03-28,1294.7500
2014-03-31,1291.7500
2014-04-01,1283.7500
2014-04-02,1292.0000
2014-04-03,1284.0000
2014-04-04,1297.2500
2014-04-07,1299.0000
2014-04-08,1309.5000
2014-04-09,1301.7500
2014-04-10,1320.5000
2014-04-11,1318.0000
2014-04-14,1325.7500
2014-04-15,1298.0000
2014-04-16,1301.5000
2014-04-17,1299.0000
2014-04-22,1286.7500
2014-04-23,1285.2500
2014-04-24,1291.5000
2014-04-25,1301.2500
2014-04-28,1299.0000
2014-04-29,1297.7500
2014-04-30,1288.5000
2014-05-01,1278.5000
2014-05-02,1281.2500
2014-05-06,1306.2500
2014-05-07,1296.0000
2014-05-08,1287.0000
2014-05-09,1291.2500
2014-05-12,1298.7500
2014-05-13,1296.5000
2014-05-14,1305.2500
2014-05-15,1299.0000
2014-05-16,1291.5000
2014-05-19,1302.0000
2014-05-20,1295.5000
2014-05-21,1287.2500
2014-05-22,1298.5000
2014-05-23,1291.5000
2014-05-27,1275.5000
2014-05-28,1263.5000
2014-05-29,1255.0000
2014-05-30,1250.5000
2014-06-02,1247.2500
2014-06-03,1242.7500
2014-06-04,1245.2500
2014-06-05,1252.5000
2014-06-06,1247.5000
2014-06-09,1253.5000
2014-06-10,1259.5000
2014-06-11,1262.0000
2014-06-12,1265.7500
2014-06-13,1273.0000
2014-06-16,1276.2500
2014-06-17,1267.5000
2014-06-18,1269.7500
2014-06-19,1293.0000
2014-06-20,1312.5000
2014-06-23,1313.5000
2014-06-24,1318.5000
2014-06-25,1316.7500
2014-06-26,1311.7500
2014-06-27,1317.5000
2014-06-30,1315.0000
2014-07-01,1327.5000
2014-07-02,1326.5000
2014-07-03,1317.5000
2014-07-04,1319.2500
2014-07-07,1313.0000
2014-07-08,1323.0000
2014-07-09,1322.7500
2014-07-10,1340.2500
2014-07-11,1335.0000
2014-07-14,1306.0000
2014-07-15,1310.0000
2014-07-16,1301.0000
2014-07-17,1302.5000
2014-07-18,1307.2500
2014-07-21,1311.5000
2014-07-22,1310.2500
2014-07-23,1308.0000
2014-07-24,1292.7500
2014-07-25,1294.7500
2014-07-28,1304.5000
2014-07-29,1299.2500
2014-07-30,1294.5000
2014-07-31,1285.2500
2014-08-01,1291.2500
2014-08-04,1290.5000
2014-08-05,1284.7500
2014-08-06,1306.5000
2014-08-07,1305.2500
2014-08-08,1309.7500
2014-08-11,1307.2500
2014-08-12,1315.7500
2014-08-13,1312.0000
2014-08-14,1313.5000
2014-08-15,1296.0000
2014-08-18,1296.7500
2014-08-19,1296.5000
2014-08-20,1295.0000
2014-08-21,1275.2500
2014-08-22,1277.2500
2014-08-26,1286.0000
2014-08-27,1282.7500
2014-08-28,1292.0000
2014-08-29,1285.7500
2014-09-01,1286.5000
2014-09-02,1267.0000
2014-09-03,1265.5000
2014-09-04,1271.5000
2014-09-05,1266.0000
2014-09-08,1259.0000
2014-09-09,1255.7500
2014-09-10,1251.0000
2014-09-11,1241.2500
2014-09-12,1231.5000
2014-09-15,1234.2500
2014-09-16,1232.2500
2014-09-17,1236.0000
2014-09-18,1220.5000
2014-09-19,1219.7500
2014-09-22,1213.5000
2014-09-23,1222.0000
2014-09-24,1217.2500
2014-09-25,1213.7500
2014-09-26,1213.7500
2014-09-29,1219.5000
2014-09-30,1216.5000
2014-10-01,1216.5000
2014-10-02,1211.7500
2014-10-03,1195.0000
2014-10-06,1195.7500
2014-10-07,1210.5000
2014-10-08,1217.0000
2014-10-09,1226.7500
2014-10-10,1219.0000
2014-10-13,1229.0000
2014-10-14,1234.7500
2014-10-15,1237.5000
2014-10-16,1237.7500
2014-10-17,1234.2500
2014-10-20,1244.5000
2014-10-21,1250.2500
2014-10-22,1243.7500
2014-10-23,1232.7500
2014-10-24,1232.7500
2014-10-27,1228.7500
2014-10-28,1229.2500
2014-10-29,1223.5000
2014-10-30,1202.0000
2014-10-31,1164.2500
2014-11-03,1167.7500
2014-11-04,1166.5000
2014-11-05,1142.0000
2014-11-06,1145.0000
2014-11-07,1154.5000
2014-11-10,1162.0000
2014-11-11,1156.5000
2014-11-12,1164.5000
2014-11-13,1161.7500
2014-11-14,1169.0000
2014-11-17,1182.5000
2014-11-18,1192.7500
2014-11-19,1196.0000
2014-11-20,1190.0000
2014-11-21,1203.7500
2014-11-24,1197.5000
2014-11-25,1199.0000
2014-11-26,1197.5000
2014-11-27,1194.7500
2014-11-28,1182.7500
2014-12-01,1194.0000
2014-12-02,1195.0000
2014-12-03,1204.7500
2014-12-04,1209.0000
2014-12-05,1194.0000
2014-12-08,1193.0000
2014-12-09,1227.0000
2014-12-10,1229.0000
2014-12-11,1216.2500
2014-12-12,1217.0000
2014-12-15,1209.2500
2014-12-16,1202.5000
2014-12-17,1195.7500
2014-12-18,1199.0000
2014-12-19,1195.5000
2014-12-22,1195.2500
2014-12-23,1175.7500
2014-12-29,1185.5000
2014-12-30,1206.0000
2015-01-02,1172.0000
2015-01-05,1200.0000
2015-01-06,1210.2500
2015-01-07,1210.5000
2015-01-08,1215.5000
2015-01-09,1217.7500
2015-01-12,1226.5000
2015-01-13,1231.5000
2015-01-14,1235.0000
2015-01-15,1259.0000
2015-01-16,1277.5000
2015-01-19,1273.7500
2015-01-20,1288.7500
2015-01-21,1293.5000
2015-01-22,1295.7500
2015-01-23,1294.7500
2015-01-26,1281.2500
2015-01-27,1288.5000
2015-01-28,1288.0000
2015-01-29,1268.7500
2015-01-30,1260.2500
2015-02-02,1272.5000
2015-02-03,1264.2500
2015-02-04,1268.5000
2015-02-05,1259.2500
2015-02-06,1241.0000
2015-02-09,1238.5000
2015-02-10,1234.5000
2015-02-11,1223.7500
2015-02-12,1222.5000
2015-02-13,1232.5000
2015-02-16,1229.2500
2015-02-17,1209.5000
2015-02-18,1206.0000
2015-02-19,1209.5000
2015-02-20,1208.2500
2015-02-23,1204.5000
2015-02-24,1192.5000
2015-02-25,1204.7500
2015-02-26,1208.2500
2015-02-27,1214.0000
2015-03-02,1212.5000
2015-03-03,1212.7500
2015-03-04,1199.5000
2015-03-05,1202.0000
2015-03-06,1175.7500
2015-03-09,1168.5000
2015-03-10,1162.0000
2015-03-11,1150.0000
2015-03-12,1152.2500
2015-03-13,1152.0000
2015-03-16,1150.7500
2015-03-17,1150.7500
2015-03-18,1147.2500
2015-03-19,1166.0000
2015-03-20,1183.1000
2015-03-23,1186.2500
2015-03-24,1191.5000
2015-03-25,1195.6000
2015-03-26,1203.1500
2015-03-27,1195.7500
2015-03-30,1185.5000
2015-03-31,1187.0000
2015-04-01,1197.0000
2015-04-02,1198.5000
2015-04-07,1211.0000
2015-04-08,1207.2500
2015-04-09,1194.8000
2015-04-10,1207.3500
2015-04-13,1198.9000
2015-04-14,1194.7500
2015-04-15,1192.9000
2015-04-16,1204.3500
2015-04-17,1203.3500
2015-04-20,1196.5000
2015-04-21,1195.3000
2015-04-22,1189.2500
2015-04-23,1185.7500
2015-04-24,1183.0000
2015-04-27,1200.0000
2015-04-28,1209.0000
2015-04-29,1209.0000
2015-04-30,1180.2500
2015-05-01,1175.9500
2015-05-05,1197.0000
2015-05-06,1194.2500
2015-05-07,1187.0000
2015-05-08,1186.0000
2015-05-11,1189.2500
2015-05-12,1191.5000
2015-05-13,1210.5000
2015-05-14,1225.0000
2015-05-15,1220.5000
2015-05-18,1223.5000
2015-05-19,1214.3000
2015-05-20,1210.5000
2015-05-21,1205.0000
2015-05-22,1204.1000
2015-05-26,1185.4000
2015-05-27,1185.8500
2015-05-28,1185.0000
2015-05-29,1191.4000
2015-06-01,1199.9000
2015-06-02,1192.8000
2015-06-03,1190.0000
2015-06-04,1176.0000
2015-06-05,1164.6000
2015-06-08,1172.8000
2015-06-09,1177.4000
2015-06-10,1188.5000
2015-06-11,1178.5000
2015-06-12,1182.8000
2015-06-15,1181.4000
2015-06-16,1177.7500
2015-06-17,1178.0000
2015-06-18,1201.8500
2015-06-19,1203.4000
2015-06-22,1185.5000
2015-06-23,1178.0000
2015-06-24,1173.7500
2015-06-25,1172.6500
2015-06-26,1170.5000
2015-06-29,1176.0000
2015-06-30,1171.0000
2015-07-01,1168.0000
2015-07-02,1165.2500
2015-07-03,1167.9500
2015-07-06,1166.0000
2015-07-07,1156.2500
2015-07-08,1158.5000
2015-07-09,1164.2500
2015-07-10,1159.3000
2015-07-13,1154.0000
2015-07-14,1157.4000
2015-07-15,1147.4000
2015-07-16,1144.4000
2015-07-17,1132.8000
2015-07-20,1104.6000
2015-07-21,1105.6000
2015-07-22,1088.6000
2015-07-23,1097.4000
2015-07-24,1080.8000
2015-07-27,1100.0000
2015-07-28,1096.2000
2015-07-29,1090.2500
2015-07-30,1087.5000
2015-07-31,1098.4000
2015-08-03,1091.9000
2015-08-04,1090.6500
2015-08-05,1085.1000
2015-08-06,1089.7500
2015-08-07,1093.5000
2015-08-10,1097.0000
2015-08-11,1108.2500
2015-08-12,1119.0000
2015-08-13,1116.7500
2015-08-14,1118.2500
2015-08-17,1118.8000
2015-08-18,1111.4500
2015-08-19,1126.1500
2015-08-20,1147.7000
2015-08-21,1156.5000
2015-08-24,1166.5000
2015-08-25,1137.5000
2015-08-26,1120.7500
2015-08-27,1119.0000
2015-08-28,1135.0000
2015-09-01,1142.3000
2015-09-02,1137.7500
2015-09-03,1128.0000
2015-09-04,1118.2500
2015-09-07,1119.5000
2015-09-08,1121.1500
2015-09-09,1109.8500
2015-09-10,1109.5000
2015-09-11,1100.2500
2015-09-14,1104.8000
2015-09-15,1105.9500
2015-09-16,1117.6000
2015-09-17,1117.5000
2015-09-18,1141.5000
2015-09-21,1133.2500
2015-09-22,1122.9000
2015-09-23,1131.3500
2015-09-24,1154.5000
2015-09-25,1146.6500
2015-09-28,1131.0500
2015-09-29,1132.1000
2015-09-30,1114.0000
2015-10-01,1119.0000
2015-10-02,1140.7500
2015-10-05,1139.7500
2015-10-06,1147.5000
2015-10-07,1144.6000
2015-10-08,1140.0000
2015-10-09,1151.5500
2015-10-12,1164.9000
2015-10-13,1165.2000
2015-10-14,1173.9000
2015-10-15,1184.2500
2015-10-16,1180.8500
2015-10-19,1175.4000
2015-10-20,1177.7500
2015-10-21,1167.1000
2015-10-22,1167.0000
2015-10-23,1161.2500
2015-10-26,1166.4000
2015-10-27,1165.7000
2015-10-28,1179.6000
2015-10-29,1148.6000
2015-10-30,1142.3500
2015-11-02,1134.0000
2015-11-03,1123.1000
2015-11-04,1114.7000
2015-11-05,1106.3000
2015-11-06,1088.9000
2015-11-09,1089.6000
2015-11-10,1087.1000
2015-11-11,1085.9000
2015-11-12,1087.4000
2015-11-13,1081.5000
2015-11-16,1084.7500
2015-11-17,1079.2000
2015-11-18,1067.7500
2015-11-19,1082.6000
2015-11-20,1081.7500
2015-11-23,1070.5000
2015-11-24,1076.4000
2015-11-25,1068.0000
2015-11-26,1071.0000
2015-11-27,1057.4000
2015-11-30,1061.9000
2015-12-01,1065.4000
2015-12-02,1055.4000
2015-12-03,1055.4500
2015-12-04,1079.2500
2015-12-07,1075.8000
2015-12-08,1072.1000
2015-12-09,1081.0000
2015-12-10,1071.0000
2015-12-11,1072.5000
2015-12-14,1068.2500
2015-12-15,1061.5000
2015-12-16,1075.2500
2015-12-17,1049.4000
2015-12-18,1062.5000
2015-12-21,1078.7500
2015-12-22,1074.9000
2015-12-23,1068.2500
2015-12-29,1070.1000
2015-12-30,1060.0000
2016-01-04,1082.2500
2016-01-05,1077.0000
2016-01-06,1091.4000
2016-01-07,1106.3500
2016-01-08,1101.8500
2016-01-11,1100.7500
2016-01-12,1085.4000
2016-01-13,1088.1500
2016-01-14,1088.4000
2016-01-15,1093.7500
2016-01-18,1089.2000
2016-01-19,1086.2500
2016-01-20,1101.7500
2016-01-21,1096.5000
2016-01-22,1096.2500
2016-01-25,1106.6000
2016-01-26,1113.6000
2016-01-27,1116.2500
2016-01-28,1114.0000
2016-01-29,1111.8000
2016-02-01,1126.5000
2016-02-02,1128.5000
2016-02-03,1132.0000
2016-02-04,1156.3500
2016-02-05,1150.3500
2016-02-08,1193.2500
2016-02-09,1191.0000
2016-02-10,1190.0000
2016-02-11,1241.0000
2016-02-12,1239.7500
2016-02-15,1208.2000
2016-02-16,1209.5000
2016-02-17,1210.0000
2016-02-18,1210.1000
2016-02-19,1231.1500
2016-02-22,1211.0000
2016-02-23,1221.3500
2016-02-24,1250.7500
2016-02-25,1236.0000
2016-02-26,1226.5000
2016-02-29,1234.9000
2016-03-01,1236.5000
2016-03-02,1239.2000
2016-03-03,1250.2500
2016-03-04,1277.5000
2016-03-07,1267.9000
2016-03-08,1267.0000
2016-03-09,1246.4000
2016-03-10,1266.5000
2016-03-11,1264.7500
2016-03-14,1242.7500
2016-03-15,1232.0000
2016-03-16,1228.5000
2016-03-17,1266.5000
2016-03-18,1252.1000
2016-03-21,1244.9000
2016-03-22,1252.5000
2016-03-23,1217.6000
2016-03-24,1221.0000
2016-03-29,1226.0000
2016-03-30,1236.2500
2016-03-31,1237.0000
2016-04-01,1213.6000
2016-04-04,1219.7500
2016-04-05,1231.2500
2016-04-06,1221.4000
2016-04-07,1242.1000
2016-04-08,1239.5000
2016-04-11,1254.7500
2016-04-12,1254.6000
2016-04-13,1245.7500
2016-04-14,1233.8500
2016-04-15,1227.1000
2016-04-18,1234.3000
2016-04-19,1255.4000
2016-04-20,1252.0000
2016-04-21,1249.2500
2016-04-22,1243.2500
2016-04-25,1238.9000
2016-04-26,1241.7000
2016-04-27,1247.4000
2016-04-28,1256.0000
2016-04-29,1285.6500
2016-05-03,1294.0000
2016-05-04,1283.0000
2016-05-05,1280.2500
2016-05-06,1289.0000
2016-05-09,1265.2500
2016-05-10,1262.8000
2016-05-11,1276.8500
2016-05-12,1279.2500
2016-05-13,1265.9000
2016-05-16,1285.7500
2016-05-17,1277.0000
2016-05-18,1272.9000
2016-05-19,1246.2500
2016-05-20,1254.2000
2016-05-23,1245.9000
2016-05-24,1236.8500
2016-05-25,1220.6000
2016-05-26,1223.8500
2016-05-27,1216.2500
2016-05-31,1212.1000
2016-06-01,1214.5000
2016-06-02,1212.4000
2016-06-03,1240.5000
2016-06-06,1244.0000
2016-06-07,1241.0000
2016-06-08,1263.0000
2016-06-09,1263.9000
2016-06-10,1275.5000
2016-06-13,1280.8000
2016-06-14,1287.1500
2016-06-15,1283.3000
2016-06-16,1310.7500
2016-06-17,1290.7000
2016-06-20,1281.8000
2016-06-21,1272.6000
2016-06-22,1264.8500
2016-06-23,1262.1500
2016-06-24,1315.5000
2016-06-27,1324.5500
2016-06-28,1309.7000
2016-06-29,1321.5000
2016-06-30,1320.7500
2016-07-01,1340.0000
2016-07-04,1350.7500
2016-07-05,1350.7500
2016-07-06,1366.2500
2016-07-07,1356.7000
2016-07-08,1354.2500
2016-07-11,1357.1000
2016-07-12,1342.4000
2016-07-13,1342.7500
2016-07-14,1323.6000
2016-07-15,1327.0000
2016-07-18,1334.7000
2016-07-19,1330.9000
2016-07-20,1315.9000
2016-07-21,1321.1500
2016-07-22,1320.7500
2016-07-25,1313.1500
2016-07-26,1323.0000
2016-07-27,1329.0000
2016-07-28,1341.7500
2016-07-29,1342.0000
2016-08-01,1349.6500
2016-08-02,1363.7500
2016-08-03,1358.9000
2016-08-04,1362.7500
2016-08-05,1340.4000
2016-08-08,1336.8000
2016-08-09,1341.0000
2016-08-10,1347.7000
2016-08-11,1355.0000
2016-08-12,1352.2000
2016-08-15,1339.4000
2016-08-16,1344.0000
2016-08-17,1343.3500
2016-08-18,1350.0500
2016-08-19,1346.4000
2016-08-22,1335.9000
2016-08-23,1342.0000
2016-08-24,1327.2500
2016-08-25,1321.3000
2016-08-26,1318.7500
2016-08-30,1318.1500
2016-08-31,1309.2500
2016-09-01,1309.5000
2016-09-02,1324.7000
2016-09-05,1326.3500
2016-09-06,1337.2500
2016-09-07,1348.3500
2016-09-08,1343.4000
2016-09-09,1330.8500
2016-09-12,1324.6000
2016-09-13,1323.6500
2016-09-14,1321.7500
2016-09-15,1310.8000
2016-09-16,1308.3500
2016-09-19,1314.8500
2016-09-20,1313.8000
2016-09-21,1326.1000
2016-09-22,1339.1000
2016-09-23,1338.6500
2016-09-26,1340.5000
2016-09-27,1327.0000
2016-09-28,1322.5000
2016-09-29,1318.1000
2016-09-30,1322.5000
2016-10-03,1313.3000
2016-10-04,1283.3000
2016-10-05,1269.4000
2016-10-06,1254.5000
2016-10-07,1258.7500
2016-10-10,1259.5000
2016-10-11,1253.4500
2016-10-12,1256.5000
2016-10-13,1261.0500
2016-10-14,1251.7500
2016-10-17,1254.8000
2016-10-18,1258.2000
2016-10-19,1269.0500
2016-10-20,1271.6500
2016-10-21,1266.0500
2016-10-24,1265.5500
2016-10-25,1269.4000
2016-10-26,1270.5000
2016-10-27,1266.2500
2016-10-28,1273.0000
2016-10-31,1272.0000
2016-11-01,1288.4500
2016-11-02,1303.7500
2016-11-03,1301.0000
2016-11-04,1302.8000
2016-11-07,1283.0500
2016-11-08,1282.3500
2016-11-09,1281.4000
2016-11-10,1267.5000
2016-11-11,1236.4500
2016-11-14,1213.6000
2016-11-15,1226.9500
2016-11-16,1229.2000
2016-11-17,1226.7500
2016-11-18,1211.0000
2016-11-21,1214.2500
2016-11-22,1212.2500
2016-11-23,1185.3500
2016-11-24,1186.1000
2016-11-25,1187.7000
2016-11-28,1187.0000
2016-11-29,1186.5500
2016-11-30,1178.1000
2016-12-01,1161.8500
2016-12-02,1173.5000
2016-12-05,1162.2000
2016-12-06,1172.5000
2016-12-07,1177.6500
2016-12-08,1171.0500
2016-12-09,1163.6000
2016-12-12,1156.1000
2016-12-13,1158.5500
2016-12-14,1162.2500
2016-12-15,1126.9500
2016-12-16,1131.6000
2016-12-19,1136.2500
2016-12-20,1125.7000
2016-12-21,1133.6500
2016-12-22,1131.3500
2016-12-28,1134.6000
2016-12-29,1145.9000
2017-01-03,1151.0000
2017-01-04,1164.2500
2017-01-05,1176.7000
2017-01-06,1175.8500
2017-01-09,1178.5000
2017-01-10,1189.5000
2017-01-11,1178.5500
2017-01-12,1205.0500
2017-01-13,1190.3500
2017-01-16,1203.0000
2017-01-17,1216.0500
2017-01-18,1214.7500
2017-01-19,1196.0500
2017-01-20,1200.5500
2017-01-23,1212.8500
2017-01-24,1216.8000
2017-01-25,1195.0000
2017-01-26,1189.7000
2017-01-27,1184.8500
2017-01-30,1192.8000
2017-01-31,1212.8000
2017-02-01,1203.6500
2017-02-02,1221.9500
2017-02-03,1215.2000
2017-02-06,1226.7500
2017-02-07,1231.0000
2017-02-08,1242.1000
2017-02-09,1236.8000
2017-02-10,1228.3000
2017-02-13,1222.2500
2017-02-14,1230.7500
2017-02-15,1224.4000
2017-02-16,1240.5500
2017-02-17,1241.9500
2017-02-20,1237.3000
2017-02-21,1233.2000
2017-02-22,1236.6500
2017-02-23,1247.9000
2017-02-24,1253.6500
2017-02-27,1257.2000
2017-02-28,1255.6000
2017-03-01,1240.4000
2017-03-02,1238.1000
2017-03-03,1226.5000
2017-03-06,1230.9500
2017-03-07,1216.6500
2017-03-08,1209.2000
2017-03-09,1206.5500
2017-03-10,1202.6500
2017-03-13,1204.2000
2017-03-14,1204.6000
2017-03-15,1198.8000
2017-03-16,1229.3500
2017-03-17,1229.6000
2017-03-20,1232.4000
2017-03-21,1241.6000
2017-03-22,1249.0500
2017-03-23,1247.5000
2017-03-24,1247.5000
2017-03-27,1257.5500
2017-03-28,1257.2500
2017-03-29,1251.1000
2017-03-30,1248.8000
2017-03-31,1244.8500
2017-04-03,1247.2500
2017-04-04,1257.6500
2017-04-05,1245.8000
2017-04-06,1252.5000
2017-04-07,1266.4500
2017-04-10,1250.0500
2017-04-11,1252.9000
2017-04-12,1274.3000
2017-04-13,1284.1500
2017-04-18,1278.9500
2017-04-19,1279.0500
2017-04-20,1282.1000
2017-04-21,1281.8500
2017-04-24,1269.4000
2017-04-25,1267.8000
2017-04-26,1261.8500
2017-04-27,1262.8000
2017-04-28,1266.4500
2017-05-02,1255.4500
2017-05-03,1250.3000
2017-05-04,1228.4500
2017-05-05,1228.0500
2017-05-08,1229.8000
2017-05-09,1220.4000
2017-05-10,1222.9500
2017-05-11,1223.1500
2017-05-12,1231.2500
2017-05-15,1233.3000
2017-05-16,1234.2000
2017-05-17,1257.4000
2017-05-18,1255.9000
2017-05-19,1252.0000
2017-05-22,1258.8500
2017-05-23,1260.2000
2017-05-24,1252.5500
2017-05-25,1256.9500
2017-05-26,1265.0500
2017-05-30,1262.7000
2017-05-31,1266.2000
2017-06-01,1264.8500
2017-06-02,1274.9500
2017-06-05,1279.9500
2017-06-06,1293.5000
2017-06-07,1291.0000
2017-06-08,1273.1000
2017-06-09,1266.5500
2017-06-12,1266.4000
2017-06-13,1262.0000
2017-06-14,1275.5000
2017-06-15,1254.5500
2017-06-16,1255.4000
2017-06-19,1248.1500
2017-06-20,1242.2000
2017-06-21,1242.5000
2017-06-22,1250.8000
2017-06-23,1255.7000
2017-06-26,1245.2500
2017-06-27,1249.5500
2017-06-28,1248.0000
2017-06-29,1243.5000
2017-06-30,1242.2500
2017-07-03,1229.2500
2017-07-04,1223.7500
2017-07-05,1220.3000
2017-07-06,1224.9000
2017-07-07,1215.6500
2017-07-10,1211.9000
2017-07-11,1211.0500
2017-07-12,1218.8000
2017-07-13,1218.9000
2017-07-14,1230.3000
2017-07-17,1234.1000
2017-07-18,1240.7500
2017-07-19,1242.1500
2017-07-20,1238.7000
2017-07-21,1248.5500
2017-07-24,1255.5500
2017-07-25,1254.4000
2017-07-26,1248.1000
2017-07-27,1261.1000
2017-07-28,1264.9000
2017-07-31,1267.5500
2017-08-01,1270.9500
2017-08-02,1269.6000
2017-08-03,1268.1000
2017-08-04,1257.7000
2017-08-07,1258.0000
2017-08-08,1261.8000
2017-08-09,1271.0500
2017-08-10,1284.4000
2017-08-11,1286.1000
2017-08-14,1282.3000
2017-08-15,1270.3000
2017-08-16,1272.7500
2017-08-17,1285.1500
2017-08-18,1295.8000
2017-08-21,1292.9000
2017-08-22,1284.2000
2017-08-23,1286.6500
2017-08-24,1289.0000
2017-08-25,1285.3000
2017-08-29,1318.6500
2017-08-30,1308.5000
2017-08-31,1311.7500
2017-09-01,1320.4000
2017-09-04,1333.1000
2017-09-05,1335.5500
2017-09-06,1337.8500
2017-09-07,1343.5000
2017-09-08,1346.2500
2017-09-11,1334.2000
2017-09-12,1326.5000
2017-09-13,1327.5500
2017-09-14,1324.5500
2017-09-15,1322.8500
2017-09-18,1312.1000
2017-09-19,1309.6000
2017-09-20,1311.3000
2017-09-21,1292.1000
2017-09-22,1294.8000
2017-09-25,1293.3000
2017-09-26,1300.0500
2017-09-27,1282.5500
2017-09-28,1283.3500
2017-09-29,1283.1000
2017-10-02,1273.7000
2017-10-03,1271.2500
2017-10-04,1274.2500
2017-10-05,1274.5000
2017-10-06,1261.8000
2017-10-09,1278.7500
2017-10-10,1291.4000
2017-10-11,1289.2500
2017-10-12,1290.2500
2017-10-13,1299.6000
2017-10-16,1303.3000
2017-10-17,1284.7500
2017-10-18,1280.2000
2017-10-19,1286.4000
2017-10-20,1281.2000
2017-10-23,1274.9000
2017-10-24,1276.4500
2017-10-25,1275.0000
2017-10-26,1273.7500
2017-10-27,1266.4500
2017-10-30,1272.0000
2017-10-31,1270.1500
2017-11-01,1277.0500
2017-11-02,1279.2000
2017-11-03,1267.2000
2017-11-06,1270.9000
2017-11-07,1275.6000
2017-11-08,1284.0000
2017-11-09,1284.8000
2017-11-10,1284.3000
2017-11-13,1277.9500
2017-11-14,1274.6000
2017-11-15,1282.2000
2017-11-16,1280.0000
2017-11-17,1284.3500
2017-11-20,1286.2000
2017-11-21,1283.3000
2017-11-22,1286.9500
2017-11-23,1290.3500
2017-11-24,1290.5000
2017-11-27,1294.9000
2017-11-28,1291.8500
2017-11-29,1283.8500
2017-11-30,1280.2000
2017-12-01,1275.5000
2017-12-04,1273.4500
2017-12-05,1266.3000
2017-12-06,1263.7000
2017-12-07,1255.0000
2017-12-08,1250.6500
2017-12-11,1247.1500
2017-12-12,1240.9000
2017-12-13,1242.6500
2017-12-14,1251.0000
2017-12-15,1254.6000
2017-12-18,1260.6000
2017-12-19,1260.3500
2017-12-20,1264.5500
2017-12-21,1264.5500
2017-12-27,1279.4000
2017-12-28,1291.0000
2018-01-02,1312.0500
2018-01-03,1314.9000
2018-01-04,1314.5000
2018-01-05,1317.1500
2018-01-08,1319.9500
2018-01-09,1311.0000
2018-01-10,1319.7500
2018-01-11,1323.0500
2018-01-12,1326.8000
2018-01-15,1339.2500
2018-01-16,1333.8500
2018-01-17,1335.6500
2018-01-18,1332.2000
2018-01-19,1334.9500
2018-01-22,1332.6000
2018-01-23,1333.4000
2018-01-24,1353.7000
2018-01-25,1354.9500
2018-01-26,1353.1500
2018-01-29,1343.8500
2018-01-30,1344.9000
2018-01-31,1345.0500
2018-02-01,1341.3500
2018-02-02,1331.1500
2018-02-05,1333.6000
2018-02-06,1331.4000
2018-02-07,1324.6500
2018-02-08,1315.4500
2018-02-09,1314.1000
2018-02-12,1322.3000
2018-02-13,1325.3500
2018-02-14,1336.2500
2018-02-15,1352.4500
2018-02-16,1352.1000
2018-02-19,1346.6000
2018-02-20,1339.8500
2018-02-21,1330.5000
2018-02-22,1328.3500
2018-02-23,1327.9500
2018-02-26,1333.5000
2018-02-27,1325.7500
2018-02-28,1317.8500
2018-03-01,1307.7500
2018-03-02,1322.3000
2018-03-05,1320.4000
2018-03-06,1331.4000
2018-03-07,1329.4000
2018-03-08,1321.0000
2018-03-09,1320.6000
2018-03-12,1319.1500
2018-03-13,1322.7500
2018-03-14,1323.5500
2018-03-15,1318.7500
2018-03-16,1310.1000
2018-03-19,1312.4000
2018-03-20,1311.0000
2018-03-21,1321.3500
2018-03-22,1329.1500
2018-03-23,1346.6000
2018-03-26,1352.4000
2018-03-27,1341.4500
2018-03-28,1332.4500
2018-03-29,1323.8500
2018-04-03,1333.4500
2018-04-04,1337.3000
2018-04-05,1327.7000
2018-04-06,1331.2000
2018-04-09,1331.9500
2018-04-10,1338.9500
2018-04-11,1350.7500
2018-04-12,1341.3500
2018-04-13,1343.7000
2018-04-16,1349.3500
2018-04-17,1342.1000
2018-04-18,1351.4500
2018-04-19,1348.6000
2018-04-20,1336.7500
2018-04-23,1324.3000
2018-04-24,1328.8500
2018-04-25,1321.6500
2018-04-26,1320.7000
2018-04-27,1321.5000
2018-04-30,1313.2000
2018-05-01,1307.1000
2018-05-02,1304.2000
2018-05-03,1315.0500
2018-05-04,1309.4000
2018-05-08,1306.6000
2018-05-09,1313.8500
2018-05-10,1318.8000
2018-05-11,1324.3500
2018-05-14,1319.8500
2018-05-15,1295.0000
2018-05-16,1291.2500
2018-05-17,1289.5000
2018-05-18,1288.3000
2018-05-21,1288.3500
2018-05-22,1293.0500
2018-05-23,1289.0000
2018-05-24,1304.8500
2018-05-25,1303.5000
2018-05-29,1295.5000
2018-05-30,1300.7000
2018-05-31,1305.3500
2018-06-01,1294.6000
2018-06-04,1295.4500
2018-06-05,1292.0500
2018-06-06,1300.1000
2018-06-07,1297.2500
2018-06-08,1298.2500
2018-06-11,1299.6000
2018-06-12,1298.6500
2018-06-13,1296.1500
2018-06-14,1302.7500
2018-06-15,1285.2500
2018-06-18,1281.5500
2018-06-19,1276.1500
2018-06-20,1274.2000
2018-06-21,1266.1500
2018-06-22,1269.1500
2018-06-25,1268.7000
2018-06-26,1260.3000
2018-06-27,1254.6000
2018-06-28,1251.5500
2018-06-29,1250.4500
2018-07-02,1247.8000
2018-07-03,1251.7500
2018-07-04,1255.6500
2018-07-05,1255.5000
2018-07-06,1255.3500
2018-07-09,1262.0500
2018-07-10,1254.0000
2018-07-11,1251.4000
2018-07-12,1245.9000
2018-07-13,1241.7000
2018-07-16,1241.1000
2018-07-17,1232.8000
2018-07-18,1224.5000
2018-07-19,1217.5500
2018-07-20,1228.7500
2018-07-23,1224.9500
2018-07-24,1228.3500
2018-07-25,1231.5000
2018-07-26,1228.2500
2018-07-27,1223.9500
2018-07-30,1223.8000
2018-07-31,1220.9500
2018-08-01,1219.0000
2018-08-02,1215.4500
2018-08-03,1216.3000
2018-08-06,1209.6500
2018-08-07,1212.3500
2018-08-08,1209.5500
2018-08-09,1214.3500
2018-08-10,1214.4000
2018-08-13,1200.3500
2018-08-14,1197.0000
2018-08-15,1182.0000
2018-08-16,1180.4000
2018-08-17,1178.4000
2018-08-20,1184.3500
2018-08-21,1190.9500
2018-08-22,1196.6500
2018-08-23,1192.3500
2018-08-24,1197.7000
2018-08-28,1212.2500
2018-08-29,1204.2000
2018-08-30,1197.3000
2018-08-31,1202.4500
2018-09-03,1200.0500
2018-09-04,1190.8500
2018-09-05,1196.7000
2018-09-06,1205.1500
2018-09-07,1198.9000
2018-09-10,1196.6000
2018-09-11,1189.8500
2018-09-12,1195.6000
2018-09-13,1209.8000
2018-09-14,1201.9500
2018-09-17,1201.9000
2018-09-18,1200.2000
2018-09-19,1203.3000
2018-09-20,1208.3500
2018-09-21,1198.7000
2018-09-24,1202.7500
2018-09-25,1201.9000
2018-09-26,1194.2500
2018-09-27,1185.4000
2018-09-28,1187.2500
2018-10-01,1189.3500
2018-10-02,1204.7000
2018-10-03,1201.2000
2018-10-04,1203.4500
2018-10-05,1203.8000
2018-10-08,1186.9500
2018-10-09,1185.5500
2018-10-10,1188.6000
2018-10-11,1205.5500
2018-10-12,1219.7500
2018-10-15,1229.9500
2018-10-16,1230.7000
2018-10-17,1229.0500
2018-10-18,1223.0000
2018-10-19,1227.8500
2018-10-22,1222.3000
2018-10-23,1235.9500
2018-10-24,1230.5500
2018-10-25,1230.8000
2018-10-26,1233.8500
2018-10-29,1230.8000
2018-10-30,1225.4000
2018-10-31,1214.9500
2018-11-01,1231.1500
2018-11-02,1232.1000
2018-11-05,1232.2500
2018-11-06,1231.6000
2018-11-07,1229.9500
2018-11-08,1224.1500
2018-11-09,1211.4000
2018-11-12,1205.5500
2018-11-13,1202.1000
2018-11-14,1203.2500
2018-11-15,1211.8500
2018-11-16,1222.4000
2018-11-19,1221.6000
2018-11-20,1223.0000
2018-11-21,1226.1000
2018-11-22,1227.0500
2018-11-23,1223.6500
2018-11-26,1223.4000
2018-11-27,1221.2000
2018-11-28,1213.2500
2018-11-29,1226.2500
2018-11-30,1217.5500
2018-12-03,1230.3000
2018-12-04,1240.3000
2018-12-05,1235.9000
2018-12-06,1242.5500
2018-12-07,1243.3000
2018-12-10,1245.3500
2018-12-11,1245.3000
2018-12-12,1245.7500
2018-12-13,1242.7500
2018-12-14,1235.3500
2018-12-17,1241.6500
2018-12-18,1246.3000
2018-12-19,1255.0000
2018-12-20,1259.7500
2018-12-21,1258.1500
2018-12-27,1268.0000
2018-12-28,1279.0000
2019-01-02,1282.9000
2019-01-03,1290.4500
2019-01-04,1279.9000
2019-01-07,1292.2000
2019-01-08,1286.4500
2019-01-09,1288.6000
2019-01-10,1291.9000
2019-01-11,1288.9500
2019-01-14,1292.7500
2019-01-15,1294.4000
2019-01-16,1292.3000
2019-01-17,1290.7000
2019-01-18,1284.2000
2019-01-21,1279.5500
2019-01-22,1282.1000
2019-01-23,1279.8000
2019-01-24,1283.7000
2019-01-25,1293.9000
2019-01-28,1302.1500
2019-01-29,1307.5500
2019-01-30,1310.7000
2019-01-31,1323.2500
2019-02-01,1318.7000
2019-02-04,1312.1500
2019-02-05,1314.2000
2019-02-06,1312.4000
2019-02-07,1310.0000
2019-02-08,1314.8500
2019-02-11,1306.4000
2019-02-12,1310.0000
2019-02-13,1312.8000
2019-02-14,1311.4500
2019-02-15,1316.5500
2019-02-18,1325.5000
2019-02-19,1334.1500
2019-02-20,1343.7500
2019-02-21,1331.2500
2019-02-22,1329.0500
2019-02-25,1331.0500
2019-02-26,1325.0500
2019-02-27,1322.8500
2019-02-28,1319.1500
2019-03-01,1311.9500
2019-03-04,1285.4000
2019-03-05,1283.8000
2019-03-06,1285.8500
2019-03-07,1285.3000
2019-03-08,1296.7500
2019-03-11,1292.7500
2019-03-12,1297.0500
2019-03-13,1306.9500
2019-03-14,1295.5500
2019-03-15,1303.5000
2019-03-18,1305.6000
2019-03-19,1307.7000
2019-03-20,1303.7000
2019-03-21,1309.6000
2019-03-22,1311.3000
2019-03-25,1319.5500
2019-03-26,1316.3000
2019-03-27,1309.7000
2019-03-28,1295.1500
2019-03-29,1295.4000
2019-04-01,1293.5000
2019-04-02,1290.3000
2019-04-03,1290.4500
2019-04-04,1283.1500
2019-04-05,1288.4500
2019-04-08,1300.0000
2019-04-09,1303.0000
2019-04-10,1305.4500
2019-04-11,1298.8000
2019-04-12,1294.3000
2019-04-15,1285.6500
2019-04-16,1276.3500
2019-04-17,1275.8500
2019-04-18,1275.7000
2019-04-23,1269.5000
2019-04-24,1271.6500
2019-04-25,1280.8000
2019-04-26,1284.2000
2019-04-29,1279.5000
2019-04-30,1282.3000
2019-05-01,1283.8000
2019-05-02,1270.9500
2019-05-03,1278.5500
2019-05-07,1281.2000
2019-05-08,1285.2000
2019-05-09,1286.1000
2019-05-10,1287.1000
2019-05-13,1295.6000
2019-05-14,1298.4000
2019-05-15,1299.1000
2019-05-16,1291.7000
2019-05-17,1280.8000
2019-05-20,1276.8500
2019-05-21,1271.1500
2019-05-22,1273.8000
2019-05-23,1283.6500
2019-05-24,1282.5000
2019-05-28,1278.3000
2019-05-29,1281.6500
2019-05-30,1280.9500
2019-05-31,1295.5500
2019-06-03,1317.1000
2019-06-04,1324.2500
2019-06-05,1335.0500
2019-06-06,1335.5000
2019-06-07,1340.6500
2019-06-10,1328.6000
2019-06-11,1324.3000
2019-06-12,1332.3500
2019-06-13,1335.9000
2019-06-14,1351.2500
2019-06-17,1341.3000
2019-06-18,1341.3500
2019-06-19,1344.0500
2019-06-20,1379.5000
2019-06-21,1397.1500
2019-06-24,1405.7000
2019-06-25,1431.4000
2019-06-26,1403.9500
2019-06-27,1402.5000
2019-06-28,1409.0000
2019-07-01,1390.1000
2019-07-02,1391.0500
2019-07-03,1413.5000
2019-07-04,1414.9000
2019-07-05,1388.6500
2019-07-08,1400.1000
2019-07-09,1391.5500
2019-07-10,1408.3000
2019-07-11,1413.7500
2019-07-12,1407.6000
2019-07-15,1412.4000
2019-07-16,1409.8500
2019-07-17,1410.3500
2019-07-18,1417.4500
2019-07-19,1439.7000
2019-07-22,1427.7500
2019-07-23,1425.5500
2019-07-24,1426.9500
2019-07-25,1416.1000
2019-07-26,1420.4000
2019-07-29,1419.0500
2019-07-30,1425.9000
2019-07-31,1427.5500
2019-08-01,1406.8000
2019-08-02,1441.7500
2019-08-05,1465.2500
2019-08-06,1465.2500
2019-08-07,1506.0500
2019-08-08,1495.7500
2019-08-09,1497.7000
2019-08-12,1504.7000
2019-08-13,1498.4000
2019-08-14,1513.2500
2019-08-15,1515.6500
2019-08-16,1515.2500
2019-08-19,1496.6000
2019-08-20,1504.5500
2019-08-21,1503.2500
2019-08-22,1502.0500
2019-08-23,1503.8000
2019-08-27,1532.9500
2019-08-28,1537.1500
2019-08-29,1540.2000
2019-08-30,1528.4000
2019-09-02,1525.9500
2019-09-03,1537.8500
2019-09-04,1546.1000
2019-09-05,1529.1000
2019-09-06,1523.7000
2019-09-09,1509.2000
2019-09-10,1498.2500
2019-09-11,1490.6500
2019-09-12,1515.2000
2019-09-13,1503.1000
2019-09-16,1497.2000
2019-09-17,1502.1000
2019-09-18,1503.5000
2019-09-19,1500.7000
2019-09-20,1501.9000
2019-09-23,1522.1000
2019-09-24,1520.6500
2019-09-25,1528.7500
2019-09-26,1506.4000
2019-09-27,1489.9000
2019-09-30,1485.3000
2019-10-01,1473.4500
2019-10-02,1492.6000
2019-10-03,1517.1000
2019-10-04,1499.1500
2019-10-07,1501.2500
2019-10-08,1505.8500
2019-10-09,1507.2500
2019-10-10,1494.8000
2019-10-11,1479.1500
2019-10-14,1490.6000
2019-10-15,1487.8000
2019-10-16,1485.1000
2019-10-17,1492.6500
2019-10-18,1490.0000
2019-10-21,1491.6500
2019-10-22,1485.3500
2019-10-23,1494.4500
2019-10-24,1496.5500
2019-10-25,1513.4500
2019-10-28,1492.4000
2019-10-29,1486.7500
2019-10-30,1492.1000
2019-10-31,1510.9500
2019-11-01,1508.8000
2019-11-04,1509.4500
2019-11-05,1488.9500
2019-11-06,1486.0500
2019-11-07,1484.2500
2019-11-08,1464.1500
2019-11-11,1458.7000
2019-11-12,1452.0500
2019-11-13,1462.9000
2019-11-14,1466.6500
2019-11-15,1466.9000
2019-11-18,1467.6500
2019-11-19,1468.4500
2019-11-20,1471.7000
2019-11-21,1467.0500
2019-11-22,1464.4500
2019-11-25,1458.4000
2019-11-26,1454.6500
2019-11-27,1454.3500
2019-11-28,1454.6500
2019-11-29,1460.1500
2019-12-02,1461.1500
2019-12-03,1477.3000
2019-12-04,1475.1000
2019-12-05,1475.9500
2019-12-06,1459.6500
2019-12-09,1461.7000
2019-12-10,1464.9500
2019-12-11,1466.8000
2019-12-12,1467.8000
2019-12-13,1466.6000
2019-12-16,1477.9000
2019-12-17,1475.8000
2019-12-18,1474.0500
2019-12-19,1476.7000
2019-12-20,1479.0000
2019-12-23,1482.1000
2019-12-27,1511.5000
2019-12-30,1514.7500
2020-01-02,1527.1000
2020-01-03,1548.7500
2020-01-06,1573.1000
2020-01-07,1567.8500
2020-01-08,1571.9500
2020-01-09,1550.7500
2020-01-10,1553.6000
2020-01-13,1549.9000
2020-01-14,1545.1000
2020-01-15,1549.0000
2020-01-16,1554.5500
2020-01-17,1557.6000
2020-01-20,1560.1500
2020-01-21,1551.3000
2020-01-22,1556.9000
2020-01-23,1562.9000
2020-01-24,1564.3000
2020-01-27,1580.1000
2020-01-28,1574.0000
2020-01-29,1573.4500
2020-01-30,1578.2500
2020-01-31,1584.2000
2020-02-03,1574.7500
2020-02-04,1558.3500
2020-02-05,1553.3000
2020-02-06,1563.3000
2020-02-07,1572.6500
2020-02-10,1573.2000
2020-02-11,1570.5000
2020-02-12,1563.7000
2020-02-13,1575.0500
2020-02-14,1581.4000
2020-02-17,1580.8000
2020-02-18,1589.8500
2020-02-19,1604.2000
2020-02-20,1619.0000
2020-02-21,1643.3000
2020-02-24,1671.6500
2020-02-25,1650.3000
2020-02-26,1634.9000
2020-02-27,1652.0000
2020-02-28,1609.8500
2020-03-02,1599.6500
2020-03-03,1615.5000
2020-03-04,1641.8500
2020-03-05,1659.6000
2020-03-06,1683.6500
2020-03-09,1672.5000
2020-03-10,1655.7000
2020-03-11,1653.7500
2020-03-12,1570.7000
2020-03-13,1562.8000
2020-03-16,1487.7000
2020-03-17,1536.2000
2020-03-18,1498.2000
2020-03-19,1474.2500
2020-03-20,1494.4000
2020-03-23,1525.4000
2020-03-24,1605.7500
2020-03-25,1605.4500
2020-03-26,1634.8000
2020-03-27,1617.3000
2020-03-30,1618.3000
2020-03-31,1608.9500
2020-04-01,1576.5500
2020-04-02,1616.8000
2020-04-03,1613.1000
2020-04-06,1648.3000
2020-04-07,1649.2500
2020-04-08,1647.8000
2020-04-09,1680.6500
2020-04-14,1741.9000
2020-04-15,1718.6500
2020-04-16,1729.5000
2020-04-17,1692.5500
2020-04-20,1686.2000
2020-04-21,1682.0500
2020-04-22,1710.5500
2020-04-23,1736.2500
2020-04-24,1715.9000
2020-04-27,1714.9500
2020-04-28,1691.5500
2020-04-29,1703.3500
2020-04-30,1702.7500
2020-05-01,1686.2500
2020-05-04,1709.1000
2020-05-05,1699.5500
2020-05-06,1691.5000
2020-05-07,1704.0500
2020-05-11,1702.7500
2020-05-12,1702.4000
2020-05-13,1708.4000
2020-05-14,1731.6000
2020-05-15,1735.3500
2020-05-18,1734.7000
2020-05-19,1737.9500
2020-05-20,1748.3000
2020-05-21,1724.9000
2020-05-22,1733.5500
2020-05-26,1720.2500
2020-05-27,1694.6000
2020-05-28,1717.3500
2020-05-29,1728.7000
2020-06-01,1730.6000
2020-06-02,1742.1500
2020-06-03,1705.3500
2020-06-04,1700.0500
2020-06-05,1683.4500
2020-06-08,1690.3500
2020-06-09,1713.5000
2020-06-10,1722.0500
2020-06-11,1738.2500
2020-06-12,1733.5000
2020-06-15,1710.4500
2020-06-16,1719.8500
2020-06-17,1724.3500
2020-06-18,1719.5000
2020-06-19,1734.7500
2020-06-22,1761.8500
2020-06-23,1768.9000
2020-06-24,1766.0500
2020-06-25,1756.5500
2020-06-26,1747.6000
2020-06-29,1771.6000
2020-06-30,1768.1000
2020-07-01,1771.0500
2020-07-02,1777.4500
2020-07-03,1772.9000
2020-07-06,1787.9000
2020-07-07,1789.5500
2020-07-08,1811.1000
2020-07-09,1812.1000
2020-07-10,1803.1000
2020-07-13,1807.5000
2020-07-14,1801.9000
2020-07-15,1804.6000
2020-07-16,1807.7000
2020-07-17,1807.3500
2020-07-20,1815.6500
2020-07-21,1842.5500
2020-07-22,1852.4000
2020-07-23,1878.3000
2020-07-24,1902.1000
2020-07-27,1936.6500
2020-07-28,1940.9000
2020-07-29,1950.9000
2020-07-30,1957.6500
2020-07-31,1964.9000
2020-08-03,1958.5500
2020-08-04,1977.9000
2020-08-05,2048.1500
2020-08-06,2067.1500
2020-08-07,2031.1500
2020-08-10,2044.5000
2020-08-11,1939.6500
2020-08-12,1931.9000
2020-08-13,1944.2500
2020-08-14,1944.7500
2020-08-17,1972.8500
2020-08-18,2008.7500
2020-08-19,1981.0000
2020-08-20,1927.1500
2020-08-21,1924.3500
2020-08-24,1943.9500
2020-08-25,1911.1500
2020-08-26,1932.9500
2020-08-27,1923.8500
2020-08-28,1957.3500
2020-09-01,1972.3500
2020-09-02,1947.0500
2020-09-03,1940.4500
2020-09-04,1926.3000
2020-09-07,1928.4500
2020-09-08,1910.9500
2020-09-09,1947.2000
2020-09-10,1966.2500
2020-09-11,1947.4000
2020-09-14,1958.7000
2020-09-15,1949.3500
2020-09-16,1961.8000
2020-09-17,1936.2500
2020-09-18,1950.8500
2020-09-21,1909.3500
2020-09-22,1906.0000
2020-09-23,1873.4000
2020-09-24,1861.7500
2020-09-25,1859.7000
2020-09-28,1864.3000
2020-09-29,1883.9500
2020-09-30,1886.9000
2020-10-01,1902.0000
2020-10-02,1903.0500
2020-10-05,1909.6000
2020-10-06,1913.4000
2020-10-07,1884.5000
2020-10-08,1887.4500
2020-10-09,1923.2500
2020-10-12,1925.5000
2020-10-13,1891.3000
2020-10-14,1910.0500
2020-10-15,1891.9000
2020-10-16,1905.0500
2020-10-19,1905.6000
2020-10-20,1898.4000
2020-10-21,1924.1500
2020-10-22,1900.9500
2020-10-23,1903.6500
2020-10-26,1898.4500
2020-10-27,1905.7000
2020-10-28,1869.9500
2020-10-29,1870.3000
2020-10-30,1881.8500
2020-11-02,1889.9000
2020-11-03,1908.3000
2020-11-04,1900.1500
2020-11-05,1938.4500
2020-11-06,1940.8000
2020-11-09,1867.3000
2020-11-10,1878.7000
2020-11-11,1860.9500
2020-11-12,1874.8500
2020-11-13,1890.9000
2020-11-16,1885.6000
2020-11-17,1889.0500
2020-11-18,1876.1000
2020-11-19,1857.3500
2020-11-20,1875.7000
2020-11-23,1840.2000
2020-11-24,1799.6000
2020-11-25,1810.2000
2020-11-26,1807.4000
2020-11-27,1779.3000
2020-11-30,1762.5500
2020-12-01,1810.7500
2020-12-02,1822.6000
2020-12-03,1832.3500
2020-12-04,1843.0000
2020-12-07,1859.9500
2020-12-08,1868.1500
2020-12-09,1841.7500
2020-12-10,1844.3500
2020-12-11,1842.0000
2020-12-14,1831.1500
2020-12-15,1850.6500
2020-12-16,1851.9500
2020-12-17,1890.7500
2020-12-18,1879.7500
2020-12-21,1880.0000
2020-12-22,1877.1000
2020-12-23,1875.0000
2020-12-29,1874.3000
2020-12-30,1887.6000
2021-01-04,1943.2000
2021-01-05,1940.3500
2021-01-06,1931.9500
2021-01-07,1920.1000
2021-01-08,1862.9000
2021-01-11,1847.2500
2021-01-12,1841.2500
2021-01-13,1858.8500
2021-01-14,1841.7500
2021-01-15,1839.0000
2021-01-18,1833.0500
2021-01-19,1834.7000
2021-01-20,1856.6000
2021-01-21,1862.1000
2021-01-22,1852.7000
2021-01-25,1856.8500
2021-01-26,1856.6000
2021-01-27,1843.0000
2021-01-28,1853.7000
2021-01-29,1863.8000
2021-02-01,1862.9500
2021-02-02,1833.1000
2021-02-03,1835.4500
2021-02-04,1785.9000
2021-02-05,1802.9500
2021-02-08,1835.2500
2021-02-09,1839.6000
2021-02-10,1842.6500
2021-02-11,1840.1000
2021-02-12,1816.3500
2021-02-15,1817.3000
2021-02-16,1794.2500
2021-02-17,1780.7000
2021-02-18,1773.1500
2021-02-19,1786.2000
2021-02-22,1807.4500
2021-02-23,1799.6500
2021-02-24,1788.0000
2021-02-25,1779.6500
2021-02-26,1742.8500
2021-03-01,1734.1500
2021-03-02,1723.8500
2021-03-03,1711.4000
2021-03-04,1712.1000
2021-03-05,1696.2500
2021-03-08,1687.0500
2021-03-09,1716.9000
2021-03-10,1716.2000
2021-03-11,1724.2500
2021-03-12,1704.8000
2021-03-15,1723.6500
2021-03-16,1735.0000
2021-03-17,1729.6500
2021-03-18,1725.9000
2021-03-19,1735.2000
2021-03-22,1736.1500
2021-03-23,1726.2000
2021-03-24,1730.5000
2021-03-25,1737.3000
2021-03-26,1731.8000
2021-03-29,1705.9500
2021-03-30,1683.9500
2021-03-31,1691.0500
2021-04-01,1726.0500
2021-04-06,1744.6500
2021-04-07,1738.0500
2021-04-08,1755.5000
2021-04-09,1741.2000
2021-04-12,1732.8500
2021-04-13,1747.9500
2021-04-14,1735.5500
2021-04-15,1757.2000
2021-04-16,1774.4500
2021-04-19,1774.5000
2021-04-20,1777.8500
2021-04-21,1798.2000
2021-04-22,1787.7500
2021-04-23,1781.8000
2021-04-26,1773.3500
2021-04-27,1784.1500
2021-04-28,1772.2000
2021-04-29,1762.6500
2021-04-30,1767.6500
2021-05-04,1797.7500
2021-05-05,1782.2500
2021-05-06,1813.1500
2021-05-07,1836.5500
2021-05-10,1840.4500
2021-05-11,1829.1000
2021-05-12,1830.7000
2021-05-13,1821.8000
2021-05-14,1838.1000
2021-05-17,1853.7000
2021-05-18,1866.7500
2021-05-19,1888.4500
2021-05-20,1878.3000
2021-05-21,1875.9000
2021-05-24,1880.1500
2021-05-25,1887.0000
2021-05-26,1899.7500
2021-05-27,1891.4500
2021-05-28,1899.9500
2021-06-01,1899.3500
2021-06-02,1902.7500
2021-06-03,1866.5500
2021-06-04,1890.6000
2021-06-07,1888.4000
2021-06-08,1893.1500
2021-06-09,1894.6000
2021-06-10,1888.6500
2021-06-11,1881.0500
2021-06-14,1865.6000
2021-06-15,1865.1000
2021-06-16,1860.7500
2021-06-17,1778.7000
2021-06-18,1773.1000
2021-06-21,1775.0500
2021-06-22,1775.0500
2021-06-23,1791.6000
2021-06-24,1784.8500
2021-06-25,1786.6500
2021-06-28,1780.3000
2021-06-29,1755.4500
2021-06-30,1763.1500
2021-07-01,1781.5000
2021-07-02,1786.1500
2021-07-05,1791.3500
2021-07-06,1809.8500
2021-07-07,1804.6500
2021-07-08,1807.7000
2021-07-09,1806.0000
2021-07-12,1792.4000
2021-07-13,1813.8500
2021-07-14,1823.2000
2021-07-15,1823.7500
2021-07-16,1824.3000
2021-07-19,1814.9000
2021-07-20,1823.0500
2021-07-21,1802.1500
2021-07-22,1799.4500
2021-07-23,1799.6000
2021-07-26,1800.2000
2021-07-27,1800.3500
2021-07-28,1796.6000
2021-07-29,1829.3000
2021-07-30,1825.7500
2021-08-02,1811.4500
2021-08-03,1812.6500
2021-08-04,1829.1000
2021-08-05,1800.7500
2021-08-06,1762.9000
2021-08-09,1738.8500
2021-08-10,1723.3500
2021-08-11,1743.6000
2021-08-12,1747.4000
2021-08-13,1773.8500
2021-08-16,1786.3500
2021-08-17,1789.4500
2021-08-18,1783.4500
2021-08-19,1782.0500
2021-08-20,1779.0500
2021-08-23,1802.0000
2021-08-24,1808.4500
2021-08-25,1788.7000
2021-08-26,1786.6000
2021-08-27,1798.5000
2021-08-31,1814.8500
2021-09-01,1811.8000
2021-09-02,1812.5500
2021-09-03,1823.7000
2021-09-06,1821.6000
2021-09-07,1802.1500
2021-09-08,1786.0000
2021-09-09,1788.2500
2021-09-10,1794.6000
2021-09-13,1793.9000
2021-09-14,1792.7500
2021-09-15,1796.9500
2021-09-16,1747.9500
2021-09-17,1755.9500
2021-09-20,1757.7500
2021-09-21,1774.4500
2021-09-22,1773.4000
2021-09-23,1750.0000
2021-09-24,1746.8000
2021-09-27,1755.3000
2021-09-28,1733.7500
2021-09-29,1737.1500
2021-09-30,1742.8000
2021-10-01,1757.0500
2021-10-04,1754.5500
2021-10-05,1753.2000
2021-10-06,1759.7000
2021-10-07,1762.1000
2021-10-08,1773.2500
2021-10-11,1757.6500
2021-10-12,1767.7500
2021-10-13,1785.7000
2021-10-14,1798.7000
2021-10-15,1772.6500
2021-10-18,1767.8500
2021-10-19,1779.5500
2021-10-20,1778.0000
2021-10-21,1779.3000
2021-10-22,1808.2500
2021-10-25,1805.2500
2021-10-26,1785.5500
2021-10-27,1795.2500
2021-10-28,1803.5000
2021-10-29,1769.1500
2021-11-01,1793.8000
2021-11-02,1790.4500
2021-11-03,1763.4500
2021-11-04,1796.1500
2021-11-05,1801.8500
2021-11-08,1822.3500
2021-11-09,1827.3000
2021-11-10,1859.4000
2021-11-11,1857.9000
2021-11-12,1860.5500
2021-11-15,1859.9000
2021-11-16,1859.2000
2021-11-17,1864.9000
2021-11-18,1860.3000
2021-11-19,1861.1000
2021-11-22,1816.0500
2021-11-23,1789.1500
2021-11-24,1782.0500
2021-11-25,1788.1500
2021-11-26,1800.8000
2021-11-29,1785.9500
2021-11-30,1804.4000
2021-12-01,1789.2500
2021-12-02,1765.0000
2021-12-03,1767.5500
2021-12-06,1778.6500
2021-12-07,1781.3500
2021-12-08,1783.8000
2021-12-09,1776.1500
2021-12-10,1779.7500
2021-12-13,1787.8000
2021-12-14,1776.9000
2021-12-15,1768.6500
2021-12-16,1795.7000
2021-12-17,1807.7000
2021-12-20,1796.3000
2021-12-21,1793.7500
2021-12-22,1792.8000
2021-12-23,1805.2000
2021-12-29,1794.2500
2021-12-30,1805.8500
2022-01-04,1811.4000
2022-01-05,1826.2500
2022-01-06,1789.3500
2022-01-07,1792.6000
2022-01-10,1794.2000
2022-01-11,1806.8000
2022-01-12,1821.4000
2022-01-13,1820.3500
2022-01-14,1822.9500
2022-01-17,1817.8500
2022-01-18,1817.2500
2022-01-19,1826.9500
2022-01-20,1845.3500
2022-01-21,1837.6000
2022-01-24,1831.6000
2022-01-25,1847.3000
2022-01-26,1835.9500
2022-01-27,1806.7500
2022-01-28,1788.1500
2022-01-31,1795.2500
2022-02-01,1799.8500
2022-02-02,1803.6500
2022-02-03,1792.7000
2022-02-04,1804.7000
2022-02-07,1813.5500
2022-02-08,1822.6000
2022-02-09,1827.8000
2022-02-10,1835.3500
2022-02-11,1831.1500
2022-02-14,1866.1500
2022-02-15,1848.5500
2022-02-16,1862.6000
2022-02-17,1893.4500
2022-02-18,1893.6000
2022-02-21,1894.4500
2022-02-22,1900.1000
2022-02-23,1904.7000
2022-02-24,1936.3000
2022-02-25,1884.8000
2022-02-28,1909.8500
2022-03-01,1922.0000
2022-03-02,1928.5000
2022-03-03,1929.6000
2022-03-04,1945.3000
2022-03-07,1980.9500
2022-03-08,2039.0500
2022-03-09,1988.9000
2022-03-10,1996.6000
2022-03-11,1978.7000
2022-03-14,1954.0500
2022-03-15,1913.6500
2022-03-16,1913.2000
2022-03-17,1949.6500
2022-03-18,1935.8000
2022-03-21,1935.0500
2022-03-22,1915.2500
2022-03-23,1931.7500
2022-03-24,1965.2000
2022-03-25,1953.8000
2022-03-28,1937.0500
2022-03-29,1910.0000
2022-03-30,1933.8500
2022-03-31,1942.1500
2022-04-01,1929.4000
2022-04-04,1930.3000
2022-04-05,1944.0500
2022-04-06,1930.1500
2022-04-07,1932.4000
2022-04-08,1941.4000
2022-04-11,1951.5500
2022-04-12,1960.8500
2022-04-13,1976.7500
2022-04-14,1963.2500
2022-04-19,1964.0000
2022-04-20,1949.5500
2022-04-21,1943.7000
2022-04-22,1941.5500
2022-04-25,1895.0000
2022-04-26,1904.6000
2022-04-27,1885.8000
2022-04-28,1888.5000
2022-04-29,1911.3000
2022-05-03,1869.7000
2022-05-04,1863.6500
2022-05-05,1892.3000
2022-05-06,1882.3500
2022-05-09,1860.9000
2022-05-10,1857.3500
2022-05-11,1851.9500
2022-05-12,1837.0500
2022-05-13,1811.5500
2022-05-16,1809.5000
2022-05-17,1825.0000
2022-05-18,1810.6500
2022-05-19,1844.0000
2022-05-20,1834.2000
2022-05-23,1856.2000
2022-05-24,1867.1000
2022-05-25,1847.2000
2022-05-26,1848.2500
2022-05-27,1851.8000
2022-05-30,1854.9500
2022-05-31,1838.7000
2022-06-01,1844.9000
2022-06-06,1847.2000
2022-06-07,1849.6000
2022-06-08,1852.9500
2022-06-09,1844.8500
2022-06-10,1830.0000
2022-06-13,1830.8500
2022-06-14,1818.3000
2022-06-15,1823.7500
2022-06-16,1826.5000
2022-06-17,1841.5500
2022-06-20,1836.5000
2022-06-21,1840.2500
2022-06-22,1841.8500
2022-06-23,1841.9000
2022-06-24,1825.4500
2022-06-27,1826.3000
2022-06-28,1819.0500
2022-06-29,1817.7500
2022-06-30,1817.0000
2022-07-01,1797.4500
2022-07-04,1808.4000
2022-07-05,1772.0000
2022-07-06,1754.3000
2022-07-07,1747.9500
2022-07-08,1738.2000
2022-07-11,1740.0000
2022-07-12,1730.7000
2022-07-13,1724.6000
2022-07-14,1700.7000
2022-07-15,1706.1500
2022-07-18,1719.0500
2022-07-19,1713.0500
2022-07-20,1709.3000
2022-07-21,1705.1000
2022-07-22,1736.9500
2022-07-25,1718.9000
2022-07-26,1720.0500
2022-07-27,1714.0500
2022-07-28,1753.5000
2022-07-29,1753.4000
2022-08-01,1772.4000
2022-08-02,1779.7500
2022-08-03,1761.2500
2022-08-04,1783.2000
2022-08-05,1773.2500
2022-08-08,1784.0500
2022-08-09,1795.2500
2022-08-10,1795.0500
2022-08-11,1796.7000
2022-08-12,1792.1000
2022-08-15,1776.6000
2022-08-16,1774.8500
2022-08-17,1767.2000
2022-08-18,1765.5500
2022-08-19,1750.7500
2022-08-22,1733.2500
2022-08-23,1746.5500
2022-08-24,1745.6500
2022-08-25,1753.5500
2022-08-26,1751.2500
2022-08-30,1730.3000
2022-08-31,1715.9000
2022-09-01,1694.3000
2022-09-02,1712.5000
2022-09-05,1710.9500
2022-09-06,1702.6000
2022-09-07,1702.6500
2022-09-08,1709.3500
2022-09-09,1713.4000
2022-09-12,1726.4000
2022-09-13,1704.8500
2022-09-14,1703.9000
2022-09-15,1689.1000
2022-09-16,1664.6500
2022-09-20,1664.1500
2022-09-21,1671.7500
2022-09-22,1671.8500
2022-09-23,1643.5500
2022-09-26,1643.3500
2022-09-27,1634.3000
2022-09-28,1652.1500
2022-09-29,1654.8000
2022-09-30,1671.7500
2022-10-03,1668.4000
2022-10-04,1714.8500
2022-10-05,1700.5000
2022-10-06,1714.2000
2022-10-07,1696.1500
2022-10-10,1676.5500
2022-10-11,1664.7000
2022-10-12,1670.6500
2022-10-13,1648.1000
2022-10-14,1649.3000
2022-10-17,1664.7500
2022-10-18,1653.0000
2022-10-19,1631.7000
2022-10-20,1635.3000
2022-10-21,1643.2500
2022-10-24,1649.1500
2022-10-25,1659.2500
2022-10-26,1666.7500
2022-10-27,1659.7500
2022-10-28,1648.0500
2022-10-31,1639.0000
2022-11-01,1645.2500
2022-11-02,1649.5500
2022-11-03,1628.7500
2022-11-04,1674.4000
2022-11-07,1678.9500
2022-11-08,1678.6500
2022-11-09,1715.2500
2022-11-10,1744.7500
2022-11-11,1759.3500
2022-11-14,1768.9000
2022-11-15,1771.3500
2022-11-16,1773.0000
2022-11-17,1758.6000
2022-11-18,1751.6000
2022-11-21,1740.4000
2022-11-22,1742.9500
2022-11-23,1740.1500
2022-11-24,1755.4000
2022-11-25,1751.8500
2022-11-28,1746.5500
2022-11-29,1752.7000
2022-11-30,1753.5000
2022-12-01,1803.1500
2022-12-02,1784.7500
2022-12-05,1776.8000
2022-12-06,1773.8000
2022-12-07,1782.2000
2022-12-08,1790.1500
2022-12-09,1796.1500
2022-12-12,1786.6000
2022-12-13,1823.5500
2022-12-14,1808.0500
2022-12-15,1783.5500
2022-12-16,1792.5500
2022-12-19,1790.8000
2022-12-20,1813.9000
2022-12-21,1817.5500
2022-12-22,1800.7000
2022-12-28,1803.3500
2022-12-29,1813.7500
2023-01-03,1843.2500
2023-01-04,1857.3000
2023-01-05,1834.0000
2023-01-06,1852.2000
2023-01-09,1878.8500
2023-01-10,1878.6500
2023-01-11,1872.3500
2023-01-12,1882.5500
2023-01-13,1907.1500
2023-01-16,1917.0000
2023-01-17,1913.8000
2023-01-18,1920.7000
2023-01-19,1918.6000
2023-01-20,1924.9000
2023-01-23,1914.8500
2023-01-24,1920.7500
2023-01-25,1930.8000
2023-01-26,1932.4500
2023-01-27,1923.0500
2023-01-30,1924.1000
2023-01-31,1923.9000
2023-02-01,1925.9000
2023-02-02,1921.6500
2023-02-03,1875.3500
2023-02-06,1873.2500
2023-02-07,1870.7000
2023-02-08,1872.6500
2023-02-09,1879.1000
2023-02-10,1859.7000
2023-02-13,1856.0500
2023-02-14,1863.7000
2023-02-15,1831.2000
2023-02-16,1828.9500
2023-02-17,1833.9500
2023-02-20,1845.8000
2023-02-21,1836.8500
2023-02-22,1835.7500
2023-02-23,1826.0500
2023-02-24,1810.9500
2023-02-27,1818.6500
2023-02-28,1824.6000
2023-03-01,1841.2500
2023-03-02,1836.2000
2023-03-03,1841.1500
2023-03-06,1849.0500
2023-03-07,1826.5500
2023-03-08,1816.3000
2023-03-09,1831.4000
2023-03-10,1861.2500
2023-03-13,1911.3000
2023-03-14,1907.5500
2023-03-15,1923.4000
2023-03-16,1922.7500
2023-03-17,1962.1000
2023-03-20,1969.3500
2023-03-21,1952.5000
2023-03-22,1949.3500
2023-03-23,1977.9500
2023-03-24,1993.8000
2023-03-27,1946.2500
2023-03-28,1962.8500
2023-03-29,1965.0000
2023-03-30,1965.8000
2023-03-31,1979.7000
2023-04-03,1983.3000
2023-04-04,2009.6000
2023-04-05,2030.8500
2023-04-06,2001.9000
2023-04-11,2002.7000
2023-04-12,2008.2000
2023-04-13,2048.4500
2023-04-14,2019.4000
2023-04-17,1995.5500
2023-04-18,1999.4000
2023-04-19,1990.5500
2023-04-20,2007.1500
2023-04-21,1973.6500
2023-04-24,1978.2000
2023-04-25,1987.4000
2023-04-26,2003.0000
2023-04-27,1985.6500
2023-04-28,1982.5500
2023-05-02,1995.4000
2023-05-03,2014.3000
2023-05-04,2044.7000
2023-05-05,2000.9500
2023-05-09,2030.2000
2023-05-10,2037.1500
2023-05-11,2015.9500
2023-05-12,2019.9000
2023-05-15,2019.9000
2023-05-16,2007.4500
2023-05-17,1974.4000
2023-05-18,1960.3000
2023-05-19,1961.6000
2023-05-22,1970.3000
2023-05-23,1969.2000
2023-05-24,1969.6500
2023-05-25,1948.2500
2023-05-26,1947.9000
2023-05-30,1952.4500
2023-05-31,1964.4000
2023-06-01,1974.3500
2023-06-02,1963.2500
2023-06-05,1959.6500
2023-06-06,1957.2500
2023-06-07,1967.3500
2023-06-08,1966.4000
2023-06-09,1960.3000
2023-06-12,1952.9000
2023-06-13,1954.4000
2023-06-14,1955.8000
2023-06-15,1952.3500
2023-06-16,1959.7500
2023-06-19,1951.1500
2023-06-20,1930.4500
2023-06-21,1925.6500
2023-06-22,1920.0500
2023-06-23,1930.7000
2023-06-26,1922.9000
2023-06-27,1918.9000
2023-06-28,1908.4000
2023-06-29,1899.6000
2023-06-30,1912.2500
2023-07-03,1928.7500
2023-07-04,1927.7500
2023-07-05,1924.6500
2023-07-06,1908.8000
2023-07-07,1922.3000
2023-07-10,1922.8000
2023-07-11,1933.9500
2023-07-12,1953.3000
2023-07-13,1958.0500
2023-07-14,1953.7000
2023-07-17,1949.6000
2023-07-18,1975.0000
2023-07-19,1975.3500
2023-07-20,1976.1000
2023-07-21,1960.6000
2023-07-24,1960.0000
2023-07-25,1958.7000
2023-07-26,1966.3000
2023-07-27,1945.3500
2023-07-28,1954.2500
2023-07-31,1970.6500
2023-08-01,1947.2000
2023-08-02,1944.2000
2023-08-03,1935.6500
2023-08-04,1942.4500
2023-08-07,1931.7000
2023-08-08,1926.4000
2023-08-09,1922.7500
2023-08-10,1920.9000
2023-08-11,1915.8000
2023-08-14,1903.7500
2023-08-15,1903.8500
2023-08-16,1904.2000
2023-08-17,1896.3500
2023-08-18,1893.7000
2023-08-21,1889.8500
2023-08-22,1892.7500
2023-08-23,1916.6500
2023-08-24,1917.0500
2023-08-25,1915.5000
2023-08-29,1930.0000
2023-08-30,1947.5500
2023-08-31,1942.3000
2023-09-01,1940.5500
2023-09-04,1937.2000
2023-09-05,1926.1000
2023-09-06,1922.0500
2023-09-07,1918.3500
2023-09-08,1927.8000
2023-09-11,1924.9500
2023-09-12,1908.5500
2023-09-13,1913.8000
2023-09-14,1901.7500
2023-09-15,1927.7000
2023-09-18,1923.5000
2023-09-19,1934.9000
2023-09-20,1943.3500
2023-09-21,1915.0000
2023-09-22,1927.3500
2023-09-25,1924.8500
2023-09-26,1907.0500
2023-09-27,1887.3000
2023-09-28,1873.5500
2023-09-29,1870.5000
2023-10-02,1833.0500
2023-10-03,1822.4500
2023-10-04,1818.9500
2023-10-05,1819.4500
2023-10-06,1819.6000
2023-10-09,1845.5000
2023-10-10,1857.0000
2023-10-11,1871.2500
2023-10-12,1874.0000
2023-10-13,1909.2000
2023-10-16,1918.0500
2023-10-17,1928.2000
2023-10-18,1955.7000
2023-10-19,1953.5500
2023-10-20,1988.5000
2023-10-23,1973.0000
2023-10-24,1963.6500
2023-10-25,1983.3000
2023-10-26,1975.0000
2023-10-27,1982.9000
2023-10-30,1997.6000
2023-10-31,1996.9000
2023-11-01,1986.3500
2023-11-02,1983.6000
2023-11-03,1994.4500
2023-11-06,1984.6000
2023-11-07,1960.7000
2023-11-08,1959.3500
2023-11-09,1957.4500
2023-11-10,1941.6500
2023-11-13,1931.1500
2023-11-14,1969.0500
2023-11-15,1958.2000
2023-11-16,1980.1000
2023-11-17,1981.0500
2023-11-20,1968.7000
2023-11-21,2006.6000
2023-11-22,1997.5500
2023-11-23,1992.8500
2023-11-24,2000.8500
2023-11-27,2013.7000
2023-11-28,2025.6500
2023-11-29,2046.9500
2023-11-30,2035.4500
2023-12-01,2045.4000
2023-12-04,2049.0500
2023-12-05,2023.3500
2023-12-06,2026.4000
2023-12-07,2026.9000
2023-12-08,2008.1000
2023-12-11,1986.6500
2023-12-12,1980.8500
2023-12-13,1982.5000
2023-12-14,2046.1000
2023-12-15,2032.3000
2023-12-18,2023.9500
2023-12-19,2041.3500
2023-12-20,2035.5500
2023-12-21,2041.7000
2023-12-27,2069.4000
2023-12-28,2078.4000
2024-01-02,2067.5500
2024-01-03,2042.1000
2024-01-04,2039.5500
2024-01-05,2056.3500
2024-01-08,2025.1000
2024-01-09,2034.9000
2024-01-10,2026.8000
2024-01-11,2029.1500
2024-01-12,2055.6500
2024-01-15,2049.9000
2024-01-16,2038.1500
2024-01-17,2011.7500
2024-01-18,2013.2000
2024-01-19,2028.5500
2024-01-22,2021.6000
2024-01-23,2022.9500
2024-01-24,2024.6500
2024-01-25,2023.7500
2024-01-26,2018.4500
2024-01-29,2022.5000
2024-01-30,2043.0500
2024-01-31,2053.2500
2024-02-01,2045.8500
2024-02-02,2034.1500
2024-02-05,2018.0000
2024-02-06,2030.8000
2024-02-07,2041.6000
2024-02-08,2028.6500
2024-02-09,2023.5000
2024-02-12,2015.2000
2024-02-13,1996.1000
2024-02-14,1985.1000
2024-02-15,2004.0500
2024-02-16,1997.9000
2024-02-19,2017.0500
2024-02-20,2029.1000
2024-02-21,2026.7500
2024-02-22,2024.0000
2024-02-23,2027.4500
2024-02-26,2027.2000
2024-02-27,2035.0500
2024-02-28,2032.4500
2024-02-29,2048.0500
2024-03-01,2049.8000
2024-03-04,2098.0500
2024-03-05,2134.4000
2024-03-06,2142.8500
2024-03-07,2153.4500
2024-03-08,2171.2000
2024-03-11,2180.4500
2024-03-12,2161.2500
2024-03-13,2168.4000
2024-03-14,2160.8000
2024-03-15,2163.4500
2024-03-18,2158.1500
2024-03-19,2154.9000
2024-03-20,2157.4500
2024-03-21,2170.5000
2024-03-22,2171.6000
2024-03-25,2176.7000
2024-03-26,2179.8000
2024-03-27,2192.7000
2024-03-28,2214.3500
2024-04-02,2264.5000
2024-04-03,2280.1500
2024-04-04,2293.5000
2024-04-05,2298.5500
2024-04-08,2320.2500
2024-04-09,2356.1000
2024-04-10,2333.0000
2024-04-11,2345.6500
2024-04-12,2401.5000
2024-04-15,2344.2000
2024-04-16,2369.1500
2024-04-17,2390.3500
2024-04-18,2382.7000
2024-04-19,2379.7000
2024-04-22,2334.9500
2024-04-23,2328.4500
2024-04-24,2320.2500
2024-04-25,2318.7000
2024-04-26,2343.1000
2024-04-29,2333.5500
2024-04-30,2307.0000
2024-05-01,2302.3500
2024-05-02,2288.8500
2024-05-03,2294.4500
2024-05-07,2319.6000
2024-05-08,2309.0500
2024-05-09,2325.7000
2024-05-10,2372.4500
2024-05-13,2343.8000
2024-05-14,2354.8500
2024-05-15,2357.5000
2024-05-16,2377.4000
2024-05-17,2402.6000
2024-05-20,2420.3000
2024-05-21,2427.3000
2024-05-22,2407.9000
2024-05-23,2357.3500
2024-05-24,2342.7000
2024-05-28,2350.6500
2024-05-29,2343.3500
2024-05-30,2348.5500
2024-05-31,2348.2500
2024-06-03,2337.7000
2024-06-04,2326.0000
2024-06-05,2340.0500
2024-06-06,2360.6000
2024-06-07,2310.8000
2024-06-10,2304.4000
2024-06-11,2316.5000
2024-06-12,2326.2500
2024-06-13,2310.8000
2024-06-14,2330.4500
2024-06-17,2319.9000
2024-06-18,2324.3500
2024-06-19,2324.2500
2024-06-20,2351.6000
2024-06-21,2335.0500
2024-06-24,2328.7500
2024-06-25,2325.0500
2024-06-26,2299.6500
2024-06-27,2323.6000
2024-06-28,2330.9000
2024-07-01,2329.1000
2024-07-02,2331.7500
2024-07-03,2361.3500
2024-07-04,2358.6500
2024-07-05,2379.0500
2024-07-08,2376.6500
2024-07-09,2367.9000
2024-07-10,2384.3500
2024-07-11,2409.2000
2024-07-12,2406.8500
2024-07-15,2421.2500
2024-07-16,2443.2000
2024-07-17,2480.2500
2024-07-18,2463.8000
2024-07-19,2403.5000
2024-07-22,2392.7000
2024-07-23,2403.1000
2024-07-24,2421.4500
2024-07-25,2364.2000
2024-07-26,2386.1000
2024-07-29,2391.1000
2024-07-30,2390.2500
2024-07-31,2426.3000
2024-08-01,2454.5500
2024-08-02,2469.8500
2024-08-05,2393.8500
2024-08-06,2396.5500
2024-08-07,2400.4500
2024-08-08,2411.4500
2024-08-09,2427.3500
2024-08-12,2450.8500
2024-08-13,2471.5500
2024-08-14,2456.7000
2024-08-15,2446.6500
2024-08-16,2485.8000
2024-08-19,2494.5500
2024-08-20,2529.7500
2024-08-21,2497.9500
2024-08-22,2483.0000
2024-08-23,2511.2000
2024-08-27,2508.5500
2024-08-28,2505.2500
2024-08-29,2518.1000
2024-08-30,2513.3500
2024-09-02,2498.6000
2024-09-03,2479.8000
2024-09-04,2487.9500
2024-09-05,2509.5500
2024-09-06,2506.1500
2024-09-09,2499.7000
2024-09-10,2506.3000
2024-09-11,2507.7500
2024-09-12,2545.9500
2024-09-13,2575.1000
2024-09-16,2584.0000
2024-09-17,2574.5500
2024-09-18,2570.1000
2024-09-19,2575.3500
2024-09-20,2605.8500
2024-09-23,2629.9500
2024-09-24,2635.9500
2024-09-25,2661.4500
2024-09-26,2663.7500
2024-09-27,2661.8500
2024-09-30,2629.9500
2024-10-01,2667.5500
2024-10-02,2660.9500
2024-10-03,2647.6500
2024-10-04,2650.0500
2024-10-07,2640.9500
2024-10-08,2639.9000
2024-10-09,2610.7000
2024-10-10,2628.9500
2024-10-11,2648.8000
2024-10-14,2654.9000
2024-10-15,2649.0500
2024-10-16,2675.2500
2024-10-17,2688.8500
2024-10-18,2712.5000
2024-10-21,2736.4500
2024-10-22,2736.5000
2024-10-23,2736.4500
2024-10-24,2732.0000
2024-10-25,2731.4500
2024-10-28,2741.8000
2024-10-29,2769.1500
2024-10-30,2777.8000
2024-10-31,2734.1500
2024-11-01,2744.3000
2024-11-04,2742.6000
2024-11-05,2742.5500
2024-11-06,2660.2000
2024-11-07,2692.0000
2024-11-08,2691.1500
2024-11-11,2624.7500
2024-11-12,2606.8500
2024-11-13,2598.7500
2024-11-14,2567.3000
2024-11-15,2571.8000
2024-11-18,2606.8500
2024-11-19,2623.2000
2024-11-20,2640.5500
2024-11-21,2665.3000
2024-11-22,2694.9500
2024-11-25,2635.4000
2024-11-26,2622.1000
2024-11-27,2640.8500
2024-11-28,2641.8500
2024-11-29,2651.0500
2024-12-02,2642.1500
2024-12-03,2640.6500
2024-12-04,2648.6500
2024-12-05,2640.1500
2024-12-06,2637.3000
2024-12-09,2671.9000
2024-12-10,2689.6000
2024-12-11,2705.4500
2024-12-12,2684.3500
2024-12-13,2659.0500
2024-12-16,2654.2000
2024-12-17,2636.3500
2024-12-18,2635.6500
2024-12-19,2592.4500
2024-12-20,2616.4500
2024-12-23,2613.8000
2024-12-27,2615.9500
2024-12-30,2609.1000
2025-01-02,2646.3000
2025-01-03,2646.8000
2025-01-06,2633.3500
2025-01-07,2650.8500
2025-01-08,2659.6500
2025-01-09,2674.6000
2025-01-10,2687.4500
2025-01-13,2669.5000
2025-01-14,2667.0000
2025-01-15,2677.7000
2025-01-16,2716.5000
2025-01-17,2715.2000
2025-01-20,2707.7000
2025-01-21,2737.8000
2025-01-22,2751.8000
2025-01-23,2744.2500
2025-01-24,2776.8000
2025-01-27,2742.4000
2025-01-28,2751.9000
2025-01-29,2756.3000
2025-01-30,2787.2500
2025-01-31,2812.0500
2025-02-03,2826.1000
2025-02-04,2843.5500
2025-02-05,2871.1500
2025-02-06,2838.9500
2025-02-07,2874.6500
2025-02-10,2904.4500
2025-02-11,2895.4000
2025-02-12,2891.5000
2025-02-13,2915.3000
2025-02-14,2921.2500
2025-02-17,2900.5500
2025-02-18,2927.1000
2025-02-19,2936.8500
2025-02-20,2932.0500
2025-02-21,2934.1500
2025-02-24,2931.9000
2025-02-25,2933.2500
2025-02-26,2901.0000
2025-02-27,2880.8000
2025-02-28,2834.5500
2025-03-03,2880.7000
2025-03-04,2905.9000
2025-03-05,2913.2500
2025-03-06,2922.2000
2025-03-07,2931.1500
2025-03-10,2910.2000
2025-03-11,2916.9000
2025-03-12,2924.8000
2025-03-13,2974.0500
2025-03-14,2978.0500
2025-03-17,2996.5000
2025-03-18,3025.8000
2025-03-19,3027.5500
2025-03-20,3038.1500
2025-03-21,3013.7000
2025-03-24,3007.7500
2025-03-25,3025.2000
2025-03-26,3013.2500
2025-03-27,3056.5500
2025-03-28,3071.6000
2025-03-31,3115.1000
2025-04-01,3133.7000
2025-04-02,3119.7500
2025-04-03,3118.1000
2025-04-04,3054.5000
2025-04-07,3014.7500
2025-04-08,3015.4000
2025-04-09,3075.5000
2025-04-10,3143.1500
2025-04-11,3230.5000
2025-04-14,3204.2000
2025-04-15,3219.6000
2025-04-16,3322.9000
2025-04-17,3305.6500
2025-04-22,3433.5500
2025-04-23,3262.9500
2025-04-24,3314.7500
2025-04-25,3277.3000
2025-04-28,3296.3000
2025-04-29,3305.0500
2025-04-30,3302.0500
2025-05-01,3214.7500
2025-05-02,3249.7000
2025-05-06,3391.4500
2025-05-07,3392.2500
2025-05-08,3352.3000
2025-05-09,3324.5500
2025-05-12,3235.4000
2025-05-13,3227.9500
2025-05-14,3191.9500
2025-05-15,3191.0500
2025-05-16,3182.9500
2025-05-19,3230.1500
2025-05-20,3261.5500
2025-05-21,3299.6500
2025-05-22,3284.0000
2025-05-23,3342.6500
2025-05-27,3296.7000
2025-05-28,3300.8500
2025-05-29,3312.4000
2025-05-30,3277.5500
2025-06-02,3370.8500
2025-06-03,3334.7500
2025-06-04,3364.6000
2025-06-05,3374.6000
2025-06-06,3339.9000
2025-06-09,3319.3000
2025-06-10,3337.7000
2025-06-11,3329.7000
2025-06-12,3391.4000
2025-06-13,3435.3500
2025-06-16,3397.6000
2025-06-17,3388.4500
2025-06-18,3391.5000
2025-06-19,3368.9000
2025-06-20,3368.2500
2025-06-23,3380.5500
2025-06-24,3302.5000
2025-06-25,3318.2500
2025-06-26,3318.7000
2025-06-27,3271.7500
2025-06-30,3287.4500
2025-07-01,3349.0000
2025-07-02,3335.7000
2025-07-03,3332.1500
2025-07-04,3331.9000
2025-07-07,3315.3500
2025-07-08,3314.7500
2025-07-09,3300.1500
2025-07-10,3312.6000
2025-07-11,3352.1000
2025-07-14,3351.1500
2025-07-15,3345.1000
2025-07-16,3323.8000
2025-07-17,3318.5000
2025-07-18,3355.1000
2025-07-21,3386.2000
2025-07-22,3409.8500
2025-07-23,3413.5500
2025-07-24,3365.8500
2025-07-25,3343.5000
2025-07-28,3305.2500
2025-07-29,3316.5000
2025-07-30,3304.3000
2025-07-31,3298.8500
2025-08-01,3346.8500
2025-08-04,3380.0500
2025-08-05,3375.3000
2025-08-06,3372.0000
2025-08-07,3383.7500
2025-08-08,3394.1500
2025-08-11,3356.4000
2025-08-12,3343.3000
2025-08-13,3364.4000
2025-08-14,3343.8500
2025-08-15,3335.5000
2025-08-18,3332.4000
2025-08-19,3334.4500
2025-08-20,3344.6500
2025-08-21,3338.3000
2025-08-22,3334.2500
2025-08-26,3367.1000
2025-08-27,3376.3500
2025-08-28,3407.6500
2025-08-29,3429.1500
2025-09-01,3474.9000
2025-09-02,3490.0000
2025-09-03,3556.2000
2025-09-04,3546.3000
2025-09-05,3594.5500
2025-09-08,3632.6500
2025-09-09,3649.5500
2025-09-10,3650.7500
2025-09-11,3629.5500
2025-09-12,3651.1000
2025-09-15,3657.6500
2025-09-16,3695.4000
2025-09-17,3681.0000
2025-09-18,3643.7000
2025-09-19,3663.1500
2025-09-22,3719.7000
2025-09-23,3783.8000
2025-09-24,3761.6000
2025-09-25,3730.7500
2025-09-26,3769.8500
2025-09-29,3826.8500
2025-09-30,3825.3000
2025-10-01,3872.0000
2025-10-02,3878.1000
2025-10-03,3885.7000
2025-10-06,3949.4500
2025-10-07,3979.0000
2025-10-08,4040.0500
2025-10-09,4019.2500
2025-10-10,3974.5000
2025-10-13,4095.9500
2025-10-14,4126.3000
2025-10-15,4204.6000
2025-10-16,4261.9500
2025-10-17,4224.7500
2025-10-20,4294.3500
2025-10-21,4169.6000
2025-10-22,4070.0000
2025-10-23,4143.7500
2025-10-24,4104.4000
2025-10-27,3970.8000
2025-10-28,3948.5000
2025-10-29,4006.7000
2025-10-30,3994.1500
2025-10-31,4011.5000
2025-11-03,4025.2500
2025-11-04,3951.1000
2025-11-05,3968.2000
2025-11-06,3986.5000
2025-11-07,3994.1000
2025-11-10,4090.2500
2025-11-11,4123.3000
2025-11-12,4136.7500
2025-11-13,4195.6500
2025-11-14,4071.1000
2025-11-17,4072.5000
2025-11-18,4060.8500
2025-11-19,4126.9500
2025-11-20,4090.6000
2025-11-21,4072.8500
2025-11-24,4082.0500
2025-11-25,4126.4500
2025-11-26,4139.6000
2025-11-27,4153.9500
2025-11-28,4191.0500
2025-12-01,4238.8500
2025-12-02,4214.7500
2025-12-03,4210.3000
2025-12-04,4200.6000
2025-12-05,4243.0000
2025-12-08,4188.2500
2025-12-09,4198.0000
2025-12-10,4200.1500
2025-12-11,4230.3500
2025-12-12,4346.9500
2025-12-15,4315.8500
2025-12-16,4324.2000
2025-12-17,4342.1000
2025-12-18,4333.3500
2025-12-19,4337.6000
2025-12-22,4421.6500
2025-12-23,4449.4000
2025-12-29,4337.0500
2025-12-30,4367.8000
2026-01-02,4352.9500
2026-01-05,4456.4000
2026-01-06,4490.3500
2026-01-07,4438.0000
2026-01-08,4429.3500
2026-01-09,4493.8500
2026-01-12,4612.9500
2026-01-13,4623.0500
2026-01-14,4606.5000
2026-01-15,4610.8500
2026-01-16,4611.0500
2026-01-19,4666.8500
2026-01-20,4747.8000
2026-01-21,4866.5000
2026-01-22,4832.0500
2026-01-23,4946.2500
2026-01-26,5090.8000
2026-01-27,5064.2500
2026-01-28,5306.9500
2026-01-29,5405.0000
2026-01-30,4981.8500
2026-02-02,4714.7500
2026-02-03,4920.9500
2026-02-04,4985.1000
2026-02-05,4847.2500
2026-02-06,4948.0000
2026-02-09,5039.5500
2026-02-10,5031.4000
2026-02-11,5077.8500
2026-02-12,5043.1500
2026-02-13,4994.9500
2026-02-16,4972.1000
2026-02-17,4861.4500
2026-02-18,5003.3000
2026-02-19,5004.8000
2026-02-20,5053.2000
2026-02-23,5191.4000
2026-02-24,5120.2500
2026-02-25,5191.5500
