date,close
1968-01-02,2.1730
1968-01-03,2.2250
1968-01-04,2.1710
1968-01-05,2.1570
1968-01-08,2.1630
1968-01-09,2.1090
1968-01-10,2.0850
1968-01-11,2.0940
1968-01-12,2.1270
1968-01-15,2.1140
1968-01-16,2.0690
1968-01-17,2.0670
1968-01-18,2.0580
1968-01-19,2.0780
1968-01-22,2.0880
1968-01-23,2.0800
1968-01-24,2.0640
1968-01-25,2.0180
1968-01-26,2.0690
1968-01-29,2.0390
1968-01-30,2.0190
1968-01-31,1.9600
1968-02-01,1.9950
1968-02-02,2.0200
1968-02-05,2.0000
1968-02-06,1.9480
1968-02-07,1.9650
1968-02-08,1.9790
1968-02-09,1.9380
1968-02-12,1.9290
1968-02-13,1.9230
1968-02-14,1.9190
1968-02-15,1.9390
1968-02-16,1.9990
1968-02-19,1.9690
1968-02-20,1.9800
1968-02-21,2.0300
1968-02-22,2.0290
1968-02-23,2.0170
1968-02-26,2.0650
1968-02-27,2.1050
1968-02-28,2.1050
1968-02-29,2.0840
1968-03-01,2.2000
1968-03-04,2.1900
1968-03-05,2.1880
1968-03-06,2.1340
1968-03-07,2.1890
1968-03-08,2.2280
1968-03-11,2.1970
1968-03-12,2.2220
1968-03-13,2.3700
1968-03-14,2.4900
1968-03-18,2.1190
1968-03-19,2.4040
1968-03-20,2.2370
1968-03-21,2.3030
1968-03-22,2.2180
1968-03-25,2.2410
1968-03-26,2.2430
1968-03-27,2.3020
1968-03-28,2.2490
1968-03-29,2.2780
1968-04-01,2.2590
1968-04-02,2.2020
1968-04-03,2.1950
1968-04-04,2.1250
1968-04-05,2.1040
1968-04-08,2.1340
1968-04-09,2.2050
1968-04-10,2.2030
1968-04-11,2.1610
1968-04-16,2.2530
1968-04-17,2.3030
1968-04-18,2.2320
1968-04-19,2.2810
1968-04-22,2.3600
1968-04-23,2.3600
1968-04-24,2.2990
1968-04-25,2.3080
1968-04-26,2.3270
1968-04-29,2.3960
1968-04-30,2.3970
1968-05-01,2.3570
1968-05-02,2.2970
1968-05-03,2.3150
1968-05-06,2.3350
1968-05-07,2.2450
1968-05-08,2.3210
1968-05-09,2.3190
1968-05-10,2.3610
1968-05-13,2.3590
1968-05-14,2.3790
1968-05-15,2.4010
1968-05-16,2.4590
1968-05-17,2.5050
1968-05-20,2.5060
1968-05-21,2.5540
1968-05-22,2.4670
1968-05-23,2.4800
1968-05-24,2.5030
1968-05-27,2.5150
1968-05-28,2.4900
1968-05-29,2.4160
1968-05-30,2.4770
1968-05-31,2.4830
1968-06-04,2.4260
1968-06-05,2.4210
1968-06-06,2.4540
1968-06-07,2.4780
1968-06-10,2.4460
1968-06-11,2.5060
1968-06-12,2.5760
1968-06-13,2.5200
1968-06-14,2.4650
1968-06-17,2.4320
1968-06-18,2.4310
1968-06-19,2.5340
1968-06-20,2.4680
1968-06-21,2.4490
1968-06-24,2.4830
1968-06-25,2.5120
1968-06-26,2.4930
1968-06-27,2.4920
1968-06-28,2.5020
1968-07-01,2.5120
1968-07-02,2.4630
1968-07-03,2.4890
1968-07-04,2.4870
1968-07-05,2.4720
1968-07-08,2.4360
1968-07-09,2.3190
1968-07-10,2.4180
1968-07-11,2.3690
1968-07-12,2.3500
1968-07-15,2.3920
1968-07-16,2.3510
1968-07-17,2.3030
1968-07-18,2.2420
1968-07-19,2.3310
1968-07-22,2.2920
1968-07-23,2.2920
1968-07-24,2.3280
1968-07-25,2.2830
1968-07-26,2.2840
1968-07-29,2.2760
1968-07-30,2.2350
1968-07-31,2.2850
1968-08-01,2.2250
1968-08-02,2.2450
1968-08-05,2.1950
1968-08-06,2.1850
1968-08-07,2.2050
1968-08-08,2.1650
1968-08-09,2.1540
1968-08-12,2.1250
1968-08-13,2.0640
1968-08-14,2.1930
1968-08-15,2.2080
1968-08-16,2.2030
1968-08-19,2.1780
1968-08-20,2.2430
1968-08-21,2.3320
1968-08-22,2.2400
1968-08-23,2.2740
1968-08-26,2.2390
1968-08-27,2.2390
1968-08-28,2.2180
1968-08-29,2.2420
1968-08-30,2.2390
1968-09-03,2.2400
1968-09-04,2.2550
1968-09-05,2.2740
1968-09-06,2.2640
1968-09-09,2.2430
1968-09-10,2.1680
1968-09-11,2.2480
1968-09-12,2.1980
1968-09-13,2.2270
1968-09-16,2.2070
1968-09-17,2.2280
1968-09-18,2.2450
1968-09-19,2.2300
1968-09-20,2.2400
1968-09-23,2.2310
1968-09-24,2.2200
1968-09-25,2.2210
1968-09-26,2.1900
1968-09-27,2.2000
1968-09-30,2.1710
1968-10-01,2.1400
1968-10-02,2.0910
1968-10-03,2.1010
1968-10-04,2.0850
1968-10-07,2.1010
1968-10-08,2.0860
1968-10-09,2.0510
1968-10-10,2.0110
1968-10-11,2.0500
1968-10-14,2.0300
1968-10-15,1.9910
1968-10-16,1.9210
1968-10-17,1.8420
1968-10-18,1.8720
1968-10-21,1.9720
1968-10-22,1.8770
1968-10-23,1.9230
1968-10-24,1.8980
1968-10-25,1.9130
1968-10-28,1.9130
1968-10-29,1.9720
1968-10-30,1.9580
1968-10-31,1.9330
1968-11-01,1.9030
1968-11-04,1.9630
1968-11-05,1.9810
1968-11-06,1.9920
1968-11-07,1.9570
1968-11-08,1.9670
1968-11-11,2.0020
1968-11-12,2.0110
1968-11-13,2.0610
1968-11-14,2.0690
1968-11-15,2.0860
1968-11-18,2.1030
1968-11-19,2.0850
1968-11-25,2.1050
1968-11-26,1.9880
1968-11-27,1.9200
1968-11-28,1.9780
1968-11-29,1.9680
1968-12-02,1.9430
1968-12-03,1.9470
1968-12-04,1.9870
1968-12-05,2.0010
1968-12-06,2.0350
1968-12-09,2.0360
1968-12-10,1.9760
1968-12-11,2.0190
1968-12-12,1.9840
1968-12-13,1.9870
1968-12-16,1.9580
1968-12-17,1.9620
1968-12-18,2.0040
1968-12-19,2.0040
1968-12-20,1.9710
1968-12-23,1.9660
1968-12-24,1.9570
1968-12-27,1.9370
1968-12-30,1.9670
1968-12-31,1.9470
1969-01-02,1.9580
1969-01-03,1.9670
1969-01-06,1.9720
1969-01-07,1.9770
1969-01-08,2.0170
1969-01-09,2.0070
1969-01-10,2.0420
1969-01-13,2.0160
1969-01-14,2.0270
1969-01-15,2.0380
1969-01-16,2.0170
1969-01-17,1.9940
1969-01-20,1.9940
1969-01-21,2.0150
1969-01-22,2.0020
1969-01-23,1.9820
1969-01-24,1.9880
1969-01-27,1.9990
1969-01-28,1.9870
1969-01-29,1.9810
1969-01-30,2.0010
1969-01-31,2.0010
1969-02-03,1.9870
1969-02-04,1.9910
1969-02-05,1.9830
1969-02-06,1.9220
1969-02-07,1.8850
1969-02-10,1.8830
1969-02-11,1.8830
1969-02-12,1.8730
1969-02-13,1.8330
1969-02-14,1.7700
1969-02-17,1.8550
1969-02-18,1.8040
1969-02-19,1.8290
1969-02-20,1.8430
1969-02-21,1.8290
1969-02-24,1.8330
1969-02-25,1.8030
1969-02-26,1.7990
1969-02-27,1.8340
1969-02-28,1.8250
1969-03-03,1.8150
1969-03-04,1.7970
1969-03-05,1.8620
1969-03-06,1.8860
1969-03-07,1.9250
1969-03-10,1.9010
1969-03-11,1.8790
1969-03-12,1.8330
1969-03-13,1.8710
1969-03-14,1.8360
1969-03-17,1.8310
1969-03-18,1.8130
1969-03-19,1.8240
1969-03-20,1.8130
1969-03-21,1.8330
1969-03-24,1.8460
1969-03-25,1.8320
1969-03-26,1.8200
1969-03-27,1.8140
1969-03-28,1.8300
1969-03-31,1.8250
1969-04-01,1.8140
1969-04-02,1.7990
1969-04-03,1.8350
1969-04-08,1.8260
1969-04-09,1.8020
1969-04-10,1.8140
1969-04-11,1.8010
1969-04-14,1.8000
1969-04-15,1.7970
1969-04-16,1.7970
1969-04-17,1.8070
1969-04-18,1.8020
1969-04-21,1.8000
1969-04-22,1.7700
1969-04-23,1.7850
1969-04-24,1.7920
1969-04-25,1.7820
1969-04-28,1.8100
1969-04-29,1.7940
1969-04-30,1.7760
1969-05-01,1.7780
1969-05-02,1.7770
1969-05-05,1.7690
1969-05-06,1.7580
1969-05-07,1.8070
1969-05-08,1.8460
1969-05-09,1.8170
1969-05-12,1.7950
1969-05-13,1.7490
1969-05-14,1.7760
1969-05-15,1.7610
1969-05-16,1.7810
1969-05-19,1.7610
1969-05-20,1.7490
1969-05-21,1.7590
1969-05-22,1.7510
1969-05-23,1.7580
1969-05-27,1.7830
1969-05-28,1.7670
1969-05-29,1.7710
1969-05-30,1.7720
1969-06-02,1.7730
1969-06-03,1.7730
1969-06-04,1.7580
1969-06-05,1.7660
1969-06-06,1.7490
1969-06-09,1.7220
1969-06-10,1.6870
1969-06-11,1.6840
1969-06-12,1.6850
1969-06-13,1.6860
1969-06-16,1.6790
1969-06-17,1.5930
1969-06-18,1.5780
1969-06-19,1.6030
1969-06-20,1.6280
1969-06-23,1.5660
1969-06-24,1.5840
1969-06-25,1.5870
1969-06-26,1.5790
1969-06-27,1.5590
1969-06-30,1.5640
1969-07-01,1.5950
1969-07-02,1.5700
1969-07-03,1.5730
1969-07-04,1.5880
1969-07-07,1.5940
1969-07-08,1.6130
1969-07-09,1.6180
1969-07-10,1.6630
1969-07-11,1.6310
1969-07-14,1.6520
1969-07-15,1.6830
1969-07-16,1.6690
1969-07-17,1.6360
1969-07-18,1.6530
1969-07-21,1.6680
1969-07-22,1.6750
1969-07-23,1.6600
1969-07-24,1.6430
1969-07-25,1.6450
1969-07-28,1.6530
1969-07-29,1.6210
1969-07-30,1.6220
1969-07-31,1.6290
1969-08-01,1.6140
1969-08-04,1.6170
1969-08-05,1.5990
1969-08-06,1.6140
1969-08-07,1.6140
1969-08-08,1.6240
1969-08-11,1.6900
1969-08-12,1.6540
1969-08-13,1.6750
1969-08-14,1.7070
1969-08-15,1.6960
1969-08-18,1.6800
1969-08-19,1.6590
1969-08-20,1.6860
1969-08-21,1.6740
1969-08-22,1.6830
1969-08-25,1.6740
1969-08-26,1.6630
1969-08-27,1.6730
1969-08-28,1.6640
1969-08-29,1.6740
1969-09-02,1.6880
1969-09-03,1.7050
1969-09-04,1.7050
1969-09-05,1.7020
1969-09-08,1.7280
1969-09-09,1.7580
1969-09-10,1.7540
1969-09-11,1.7690
1969-09-12,1.8040
1969-09-15,1.7810
1969-09-16,1.7680
1969-09-17,1.8100
1969-09-18,1.7900
1969-09-19,1.7990
1969-09-22,1.8180
1969-09-23,1.8680
1969-09-24,1.8910
1969-09-25,1.8450
1969-09-26,1.8310
1969-09-29,1.8390
1969-09-30,1.8760
1969-10-01,1.8630
1969-10-02,1.8940
1969-10-03,1.8700
1969-10-06,1.8250
1969-10-07,1.8640
1969-10-08,1.8230
1969-10-09,1.8440
1969-10-10,1.8400
1969-10-13,1.8260
1969-10-14,1.8250
1969-10-15,1.8080
1969-10-16,1.8430
1969-10-17,1.8130
1969-10-20,1.8540
1969-10-21,1.8740
1969-10-22,1.8460
1969-10-23,1.8630
1969-10-24,1.8530
1969-10-27,1.9060
1969-10-28,1.8850
1969-10-29,1.8960
1969-10-30,1.9270
1969-10-31,1.9470
1969-11-03,1.9960
1969-11-04,1.9680
1969-11-05,1.9930
1969-11-06,1.9890
1969-11-07,1.9640
1969-11-10,1.9430
1969-11-11,1.9570
1969-11-12,1.9610
1969-11-13,1.9320
1969-11-14,1.9220
1969-11-17,1.9210
1969-11-18,1.8970
1969-11-19,1.8770
1969-11-20,1.9020
1969-11-21,1.8960
1969-11-24,1.8970
1969-11-25,1.8680
1969-11-26,1.8680
1969-11-27,1.8820
1969-11-28,1.8870
1969-12-01,1.9070
1969-12-02,1.9220
1969-12-03,1.9080
1969-12-04,1.8770
1969-12-05,1.8520
1969-12-08,1.8620
1969-12-09,1.8120
1969-12-10,1.7580
1969-12-11,1.7670
1969-12-12,1.7480
1969-12-15,1.7580
1969-12-16,1.7580
1969-12-17,1.7330
1969-12-18,1.7220
1969-12-19,1.7380
1969-12-22,1.7560
1969-12-23,1.7740
1969-12-24,1.7990
1969-12-29,1.8240
1969-12-30,1.8000
1969-12-31,1.7910
1970-01-02,1.8000
1970-01-05,1.8310
1970-01-06,1.8500
1970-01-07,1.8250
1970-01-08,1.8380
1970-01-09,1.8370
1970-01-12,1.8140
1970-01-13,1.8290
1970-01-14,1.8400
1970-01-15,1.8750
1970-01-16,1.8560
1970-01-19,1.8700
1970-01-20,1.8870
1970-01-21,1.8660
1970-01-22,1.8690
1970-01-23,1.8780
1970-01-26,1.8960
1970-01-27,1.8810
1970-01-28,1.8690
1970-01-29,1.9210
1970-01-30,1.9120
1970-02-02,1.8940
1970-02-03,1.9000
1970-02-04,1.9230
1970-02-05,1.9020
1970-02-06,1.8980
1970-02-09,1.9070
1970-02-10,1.9080
1970-02-11,1.8930
1970-02-12,1.8900
1970-02-13,1.8970
1970-02-16,1.9010
1970-02-17,1.8850
1970-02-18,1.8660
1970-02-19,1.8850
1970-02-20,1.8770
1970-02-23,1.8820
1970-02-24,1.8820
1970-02-25,1.8700
1970-02-26,1.8750
1970-02-27,1.8990
1970-03-02,1.8910
1970-03-03,1.9010
1970-03-04,1.8970
1970-03-05,1.9280
1970-03-06,1.9020
1970-03-09,1.8880
1970-03-10,1.8850
1970-03-11,1.8900
1970-03-12,1.8800
1970-03-13,1.8700
1970-03-16,1.8740
1970-03-17,1.8640
1970-03-18,1.8570
1970-03-19,1.8810
1970-03-20,1.8690
1970-03-23,1.8640
1970-03-24,1.8560
1970-03-25,1.8590
1970-03-26,1.8750
1970-03-31,1.8780
1970-04-01,1.8760
1970-04-02,1.8900
1970-04-03,1.8780
1970-04-06,1.8720
1970-04-07,1.8590
1970-04-08,1.8580
1970-04-09,1.8570
1970-04-10,1.8440
1970-04-13,1.8550
1970-04-14,1.8650
1970-04-15,1.8550
1970-04-16,1.8550
1970-04-17,1.8650
1970-04-20,1.8650
1970-04-21,1.8600
1970-04-22,1.8630
1970-04-23,1.8550
1970-04-24,1.8500
1970-04-27,1.8370
1970-04-28,1.8040
1970-04-29,1.7490
1970-04-30,1.7240
1970-05-01,1.7340
1970-05-04,1.7340
1970-05-05,1.6530
1970-05-06,1.7290
1970-05-07,1.6990
1970-05-08,1.7290
1970-05-11,1.7490
1970-05-12,1.7540
1970-05-13,1.7190
1970-05-14,1.6790
1970-05-15,1.6840
1970-05-18,1.7030
1970-05-19,1.6900
1970-05-20,1.6780
1970-05-21,1.6410
1970-05-22,1.6230
1970-05-26,1.5680
1970-05-27,1.5960
1970-05-28,1.6270
1970-05-29,1.6310
1970-06-01,1.6520
1970-06-02,1.6090
1970-06-03,1.6220
1970-06-04,1.6440
1970-06-05,1.6440
1970-06-08,1.6450
1970-06-09,1.6700
1970-06-10,1.6850
1970-06-11,1.6460
1970-06-12,1.6290
1970-06-15,1.6300
1970-06-16,1.6390
1970-06-17,1.6580
1970-06-18,1.6330
1970-06-19,1.6530
1970-06-22,1.6410
1970-06-23,1.6500
1970-06-24,1.6360
1970-06-25,1.6290
1970-06-26,1.6270
1970-06-29,1.6250
1970-06-30,1.6070
1970-07-01,1.6240
1970-07-02,1.6390
1970-07-03,1.6230
1970-07-06,1.6240
1970-07-07,1.5960
1970-07-08,1.6220
1970-07-09,1.6220
1970-07-10,1.6240
1970-07-13,1.6190
1970-07-14,1.6380
1970-07-15,1.6560
1970-07-16,1.6850
1970-07-17,1.6580
1970-07-20,1.6920
1970-07-21,1.7240
1970-07-22,1.7390
1970-07-23,1.7290
1970-07-24,1.7220
1970-07-27,1.7340
1970-07-28,1.7770
1970-07-29,1.7830
1970-07-30,1.7680
1970-07-31,1.7680
1970-08-03,1.7830
1970-08-04,1.7610
1970-08-05,1.7760
1970-08-06,1.7480
1970-08-07,1.7360
1970-08-10,1.7580
1970-08-11,1.7270
1970-08-12,1.7430
1970-08-13,1.7650
1970-08-14,1.7570
1970-08-17,1.7860
1970-08-18,1.8140
1970-08-19,1.8390
1970-08-20,1.8180
1970-08-21,1.8100
1970-08-24,1.8410
1970-08-25,1.8550
1970-08-26,1.8650
1970-08-27,1.8430
1970-08-28,1.8370
1970-09-01,1.8470
1970-09-02,1.8390
1970-09-03,1.8420
1970-09-04,1.8490
1970-09-07,1.8460
1970-09-08,1.8460
1970-09-09,1.8680
1970-09-10,1.8520
1970-09-11,1.8430
1970-09-14,1.8430
1970-09-15,1.8130
1970-09-16,1.7900
1970-09-17,1.8070
1970-09-18,1.7790
1970-09-21,1.7720
1970-09-22,1.7800
1970-09-23,1.7800
1970-09-24,1.7690
1970-09-25,1.7300
1970-09-28,1.7580
1970-09-29,1.7450
1970-09-30,1.7010
1970-10-01,1.7200
1970-10-02,1.7300
1970-10-05,1.7300
1970-10-06,1.7060
1970-10-07,1.7480
1970-10-08,1.7650
1970-10-09,1.7450
1970-10-12,1.7450
1970-10-13,1.7450
1970-10-14,1.7180
1970-10-15,1.7440
1970-10-16,1.7470
1970-10-19,1.7380
1970-10-20,1.7170
1970-10-21,1.7320
1970-10-22,1.7280
1970-10-23,1.7310
1970-10-26,1.7910
1970-10-27,1.7990
1970-10-28,1.7920
1970-10-29,1.7670
1970-10-30,1.7830
1970-11-02,1.7950
1970-11-03,1.7810
1970-11-04,1.7920
1970-11-05,1.8140
1970-11-06,1.7890
1970-11-09,1.7860
1970-11-10,1.8240
1970-11-11,1.7900
1970-11-12,1.8070
1970-11-13,1.7790
1970-11-16,1.7770
1970-11-17,1.7910
1970-11-18,1.7710
1970-11-19,1.7600
1970-11-20,1.7440
1970-11-23,1.7550
1970-11-24,1.7230
1970-11-25,1.6630
1970-11-26,1.6800
1970-11-27,1.6610
1970-11-30,1.6530
1970-12-01,1.6070
1970-12-02,1.6510
1970-12-03,1.6410
1970-12-04,1.6510
1970-12-07,1.6400
1970-12-08,1.6280
1970-12-09,1.5960
1970-12-10,1.5790
1970-12-11,1.6040
1970-12-14,1.6280
1970-12-15,1.6380
1970-12-16,1.6130
1970-12-17,1.5930
1970-12-18,1.6480
1970-12-21,1.6510
1970-12-22,1.6670
1970-12-23,1.6300
1970-12-24,1.6410
1970-12-28,1.6400
1970-12-29,1.6510
1970-12-30,1.6360
1970-12-31,1.6330
1971-01-04,1.6530
1971-01-05,1.6520
1971-01-06,1.6470
1971-01-07,1.6900
1971-01-08,1.6910
1971-01-11,1.7090
1971-01-12,1.6970
1971-01-13,1.7010
1971-01-14,1.6840
1971-01-15,1.6810
1971-01-18,1.6290
1971-01-19,1.5910
1971-01-20,1.5800
1971-01-21,1.5760
1971-01-22,1.5620
1971-01-25,1.5860
1971-01-26,1.6140
1971-01-27,1.5630
1971-01-28,1.5860
1971-01-29,1.5930
1971-02-01,1.5940
1971-02-02,1.6090
1971-02-03,1.6200
1971-02-04,1.6170
1971-02-05,1.6050
1971-02-08,1.6130
1971-02-09,1.5810
1971-02-10,1.5780
1971-02-11,1.5940
1971-02-12,1.5900
1971-02-15,1.5840
1971-02-16,1.5840
1971-02-17,1.5920
1971-02-18,1.5960
1971-02-19,1.6010
1971-02-22,1.6040
1971-02-23,1.5970
1971-02-24,1.5880
1971-02-25,1.5750
1971-02-26,1.5870
1971-03-01,1.5990
1971-03-02,1.6280
1971-03-03,1.6140
1971-03-04,1.6150
1971-03-05,1.6370
1971-03-08,1.6570
1971-03-09,1.6620
1971-03-10,1.6670
1971-03-11,1.6610
1971-03-12,1.6570
1971-03-15,1.6570
1971-03-16,1.6780
1971-03-17,1.6760
1971-03-18,1.6720
1971-03-19,1.6690
1971-03-22,1.6720
1971-03-23,1.6790
1971-03-24,1.6640
1971-03-25,1.6640
1971-03-26,1.6880
1971-03-29,1.6910
1971-03-30,1.6900
1971-03-31,1.6860
1971-04-01,1.7130
1971-04-02,1.7110
1971-04-05,1.7390
1971-04-06,1.7270
1971-04-07,1.7350
1971-04-08,1.7540
1971-04-13,1.7470
1971-04-14,1.7280
1971-04-15,1.7340
1971-04-16,1.7100
1971-04-19,1.7100
1971-04-20,1.7250
1971-04-21,1.7400
1971-04-22,1.7370
1971-04-23,1.7220
1971-04-26,1.7220
1971-04-27,1.6720
1971-04-28,1.6890
1971-04-29,1.7030
1971-04-30,1.6890
1971-05-03,1.6790
1971-05-04,1.6560
1971-05-05,1.6940
1971-05-06,1.6900
1971-05-07,1.6860
1971-05-10,1.6710
1971-05-11,1.6770
1971-05-12,1.6690
1971-05-13,1.6810
1971-05-14,1.7000
1971-05-17,1.6760
1971-05-18,1.6840
1971-05-19,1.6770
1971-05-20,1.6720
1971-05-21,1.6570
1971-05-24,1.6060
1971-05-25,1.6350
1971-05-26,1.6090
1971-05-27,1.6040
1971-05-28,1.6010
1971-06-01,1.6130
1971-06-02,1.5900
1971-06-03,1.5870
1971-06-04,1.5870
1971-06-07,1.5850
1971-06-08,1.5820
1971-06-09,1.6310
1971-06-10,1.6090
1971-06-11,1.6140
1971-06-14,1.6230
1971-06-15,1.6150
1971-06-16,1.6300
1971-06-17,1.6430
1971-06-18,1.6280
1971-06-21,1.6090
1971-06-22,1.5840
1971-06-23,1.6040
1971-06-24,1.5890
1971-06-25,1.5990
1971-06-28,1.5990
1971-06-29,1.5820
1971-06-30,1.5750
1971-07-01,1.6010
1971-07-02,1.6020
1971-07-05,1.5820
1971-07-06,1.5890
1971-07-07,1.5790
1971-07-08,1.5890
1971-07-09,1.5920
1971-07-12,1.5870
1971-07-13,1.5600
1971-07-14,1.5770
1971-07-15,1.5620
1971-07-16,1.5550
1971-07-19,1.5600
1971-07-20,1.5430
1971-07-21,1.5430
1971-07-22,1.5580
1971-07-23,1.5650
1971-07-26,1.5580
1971-07-27,1.5500
1971-07-28,1.5570
1971-07-29,1.5960
1971-07-30,1.5920
1971-08-02,1.5820
1971-08-03,1.6080
1971-08-04,1.6260
1971-08-05,1.6210
1971-08-06,1.5990
1971-08-09,1.6090
1971-08-10,1.6090
1971-08-11,1.5750
1971-08-12,1.5920
1971-08-13,1.5920
1971-08-23,1.5930
1971-08-24,1.5720
1971-08-25,1.5780
1971-08-26,1.5670
1971-08-27,1.5640
1971-08-31,1.5020
1971-09-01,1.4840
1971-09-02,1.5020
1971-09-03,1.4910
1971-09-06,1.4720
1971-09-07,1.4420
1971-09-08,1.3720
1971-09-09,1.4190
1971-09-10,1.3850
1971-09-13,1.3730
1971-09-14,1.3920
1971-09-15,1.4110
1971-09-16,1.3980
1971-09-17,1.4180
1971-09-20,1.4160
1971-09-21,1.4230
1971-09-22,1.4010
1971-09-23,1.3980
1971-09-24,1.4050
1971-09-27,1.4000
1971-09-28,1.3870
1971-09-29,1.3920
1971-09-30,1.3760
1971-10-01,1.3800
1971-10-04,1.3780
1971-10-05,1.3340
1971-10-06,1.3430
1971-10-07,1.3490
1971-10-08,1.3410
1971-10-11,1.2960
1971-10-12,1.3150
1971-10-13,1.3050
1971-10-14,1.3190
1971-10-15,1.3190
1971-10-18,1.3440
1971-10-19,1.3370
1971-10-20,1.3080
1971-10-21,1.2930
1971-10-22,1.3060
1971-10-25,1.3090
1971-10-26,1.3190
1971-10-27,1.3300
1971-10-28,1.2940
1971-10-29,1.3070
1971-11-01,1.2930
1971-11-02,1.2720
1971-11-03,1.2720
1971-11-04,1.2940
1971-11-05,1.2840
1971-11-08,1.2990
1971-11-09,1.3160
1971-11-10,1.3060
1971-11-11,1.3090
1971-11-12,1.3290
1971-11-15,1.3170
1971-11-16,1.3360
1971-11-17,1.3240
1971-11-18,1.3270
1971-11-19,1.3170
1971-11-22,1.3120
1971-11-23,1.3270
1971-11-24,1.3140
1971-11-25,1.3170
1971-11-26,1.3140
1971-11-29,1.3270
1971-11-30,1.3320
1971-12-01,1.3240
1971-12-02,1.3520
1971-12-03,1.3490
1971-12-06,1.4000
1971-12-07,1.3710
1971-12-08,1.3800
1971-12-09,1.3950
1971-12-10,1.4150
1971-12-13,1.4000
1971-12-14,1.3900
1971-12-15,1.3940
1971-12-16,1.4110
1971-12-17,1.4260
1971-12-21,1.3920
1971-12-22,1.3930
1971-12-23,1.3910
1971-12-24,1.3940
1971-12-28,1.3650
1971-12-29,1.3580
1971-12-30,1.3830
1971-12-31,1.3710
1972-01-03,1.3740
1972-01-04,1.3930
1972-01-05,1.4180
1972-01-06,1.4060
1972-01-07,1.4390
1972-01-10,1.4380
1972-01-11,1.4790
1972-01-12,1.4560
1972-01-13,1.4700
1972-01-14,1.4530
1972-01-17,1.5040
1972-01-18,1.4990
1972-01-19,1.5070
1972-01-20,1.4880
1972-01-21,1.4900
1972-01-24,1.4870
1972-01-25,1.4630
1972-01-26,1.4640
1972-01-27,1.4710
1972-01-28,1.5210
1972-01-31,1.4990
1972-02-01,1.5330
1972-02-02,1.5480
1972-02-03,1.5150
1972-02-04,1.5230
1972-02-07,1.5380
1972-02-08,1.5320
1972-02-09,1.5150
1972-02-10,1.5330
1972-02-11,1.5290
1972-02-14,1.4860
1972-02-15,1.4930
1972-02-16,1.4900
1972-02-17,1.4960
1972-02-18,1.4980
1972-02-21,1.4940
1972-02-22,1.4950
1972-02-23,1.4830
1972-02-24,1.4830
1972-02-25,1.4880
1972-02-28,1.4680
1972-02-29,1.4700
1972-03-01,1.4750
1972-03-02,1.5010
1972-03-03,1.4990
1972-03-06,1.5210
1972-03-07,1.5380
1972-03-08,1.5250
1972-03-09,1.5390
1972-03-10,1.5360
1972-03-13,1.5420
1972-03-14,1.5370
1972-03-15,1.5220
1972-03-16,1.5240
1972-03-17,1.5130
1972-03-20,1.5230
1972-03-21,1.5370
1972-03-22,1.5480
1972-03-23,1.5330
1972-03-24,1.5280
1972-03-27,1.5200
1972-03-28,1.5410
1972-03-29,1.5630
1972-03-30,1.5620
1972-04-04,1.5980
1972-04-05,1.5880
1972-04-06,1.5730
1972-04-07,1.5830
1972-04-10,1.5910
1972-04-11,1.5770
1972-04-12,1.5810
1972-04-13,1.5790
1972-04-14,1.5490
1972-04-17,1.5570
1972-04-18,1.5620
1972-04-19,1.5480
1972-04-20,1.5420
1972-04-21,1.5510
1972-04-24,1.5550
1972-04-25,1.5510
1972-04-26,1.5480
1972-04-27,1.5660
1972-04-28,1.5710
1972-05-01,1.6010
1972-05-02,1.5900
1972-05-03,1.5770
1972-05-04,1.5800
1972-05-05,1.5870
1972-05-08,1.5910
1972-05-09,1.6040
1972-05-10,1.5930
1972-05-11,1.5820
1972-05-12,1.5780
1972-05-15,1.5830
1972-05-16,1.5900
1972-05-17,1.5990
1972-05-18,1.5930
1972-05-19,1.5810
1972-05-22,1.5940
1972-05-23,1.5830
1972-05-24,1.5640
1972-05-25,1.5610
1972-05-26,1.5720
1972-05-30,1.5690
1972-05-31,1.5500
1972-06-01,1.5370
1972-06-02,1.5560
1972-06-05,1.5510
1972-06-06,1.5630
1972-06-07,1.5760
1972-06-08,1.5700
1972-06-09,1.5720
1972-06-12,1.5660
1972-06-13,1.5780
1972-06-14,1.5780
1972-06-15,1.5900
1972-06-16,1.5880
1972-06-19,1.5810
1972-06-20,1.5720
1972-06-21,1.5580
1972-06-22,1.5650
1972-06-27,1.5750
1972-06-28,1.5730
1972-06-29,1.5510
1972-06-30,1.5620
1972-07-03,1.5640
1972-07-04,1.5550
1972-07-05,1.5570
1972-07-06,1.6060
1972-07-07,1.6800
1972-07-10,1.6950
1972-07-11,1.6820
1972-07-12,1.6960
1972-07-13,1.7500
1972-07-14,1.7600
1972-07-17,1.7660
1972-07-18,1.7820
1972-07-19,1.7500
1972-07-20,1.7820
1972-07-21,1.7410
1972-07-24,1.7590
1972-07-25,1.7790
1972-07-26,1.7640
1972-07-27,1.7450
1972-07-28,1.8390
1972-07-31,1.8280
1972-08-01,1.7940
1972-08-02,1.8340
1972-08-03,1.8100
1972-08-04,1.8110
1972-08-07,1.8210
1972-08-08,1.8140
1972-08-09,1.7890
1972-08-10,1.8200
1972-08-11,1.8170
1972-08-14,1.7930
1972-08-15,1.8110
1972-08-16,1.8170
1972-08-17,1.8170
1972-08-18,1.8380
1972-08-21,1.8430
1972-08-22,1.8370
1972-08-23,1.8820
1972-08-24,1.9010
1972-08-25,1.8790
1972-08-29,1.8800
1972-08-30,1.9040
1972-08-31,1.9080
1972-09-01,1.8970
1972-09-04,1.8950
1972-09-05,1.9120
1972-09-06,1.8980
1972-09-07,1.8590
1972-09-08,1.8650
1972-09-11,1.8320
1972-09-12,1.7930
1972-09-13,1.7830
1972-09-14,1.8030
1972-09-15,1.7770
1972-09-18,1.7030
1972-09-19,1.6880
1972-09-20,1.7040
1972-09-21,1.7130
1972-09-22,1.7170
1972-09-25,1.6900
1972-09-26,1.6870
1972-09-27,1.6930
1972-09-28,1.7510
1972-09-29,1.7390
1972-10-02,1.7410
1972-10-03,1.7640
1972-10-04,1.7840
1972-10-05,1.7720
1972-10-06,1.7560
1972-10-09,1.7960
1972-10-10,1.8010
1972-10-11,1.7950
1972-10-12,1.7760
1972-10-13,1.7790
1972-10-16,1.7990
1972-10-17,1.7840
1972-10-18,1.8130
1972-10-19,1.8420
1972-10-20,1.8340
1972-10-23,1.8530
1972-10-24,1.8480
1972-10-25,1.8350
1972-10-26,1.8110
1972-10-27,1.8060
1972-10-30,1.8160
1972-10-31,1.7980
1972-11-01,1.8260
1972-11-02,1.8420
1972-11-03,1.8290
1972-11-06,1.8560
1972-11-07,1.8350
1972-11-08,1.8570
1972-11-09,1.8230
1972-11-10,1.8050
1972-11-13,1.8240
1972-11-14,1.8150
1972-11-15,1.8140
1972-11-16,1.8110
1972-11-17,1.7990
1972-11-20,1.7890
1972-11-21,1.8040
1972-11-22,1.8120
1972-11-23,1.8120
1972-11-24,1.8220
1972-11-27,1.8090
1972-11-28,1.8110
1972-11-29,1.8510
1972-11-30,1.8520
1972-12-01,1.8680
1972-12-04,1.8920
1972-12-05,1.8700
1972-12-06,1.9320
1972-12-07,1.9100
1972-12-08,1.9230
1972-12-11,1.9530
1972-12-12,1.9720
1972-12-13,1.9480
1972-12-14,1.9480
1972-12-15,1.9780
1972-12-18,1.9720
1972-12-19,1.9530
1972-12-20,1.9370
1972-12-21,1.9940
1972-12-22,2.0010
1972-12-27,1.9900
1972-12-28,1.9960
1972-12-29,2.0310
1973-01-02,2.0370
1973-01-03,2.0080
1973-01-04,2.0460
1973-01-05,2.0260
1973-01-08,1.9840
1973-01-09,2.0120
1973-01-10,1.9840
1973-01-11,2.0110
1973-01-12,2.0100
1973-01-15,2.0360
1973-01-16,2.0030
1973-01-17,2.0190
1973-01-18,2.0060
1973-01-19,2.0050
1973-01-22,1.9860
1973-01-23,1.9560
1973-01-24,1.9780
1973-01-25,1.9680
1973-01-26,1.9800
1973-01-29,1.9600
1973-01-30,1.9820
1973-01-31,2.0110
1973-02-01,2.0320
1973-02-02,2.0300
1973-02-05,2.0350
1973-02-06,2.1100
1973-02-07,2.0910
1973-02-08,2.1260
1973-02-09,2.1360
1973-02-14,2.2460
1973-02-15,2.2210
1973-02-16,2.1920
1973-02-19,2.1920
1973-02-20,2.1960
1973-02-21,2.2470
1973-02-22,2.4280
1973-02-23,2.4590
1973-02-26,2.3540
1973-02-27,2.3810
1973-02-28,2.4300
1973-03-01,2.4920
1973-03-12,2.3220
1973-03-13,2.2360
1973-03-14,2.2320
1973-03-15,2.1970
1973-03-16,2.1540
1973-03-19,2.1660
1973-03-20,2.1470
1973-03-21,2.2160
1973-03-22,2.2230
1973-03-23,2.2100
1973-03-26,2.2880
1973-03-27,2.2740
1973-03-28,2.1960
1973-03-29,2.1690
1973-03-30,2.1970
1973-04-02,2.1710
1973-04-03,2.2270
1973-04-04,2.1980
1973-04-05,2.2380
1973-04-06,2.2070
1973-04-09,2.2080
1973-04-10,2.2460
1973-04-11,2.2470
1973-04-12,2.2290
1973-04-13,2.2060
1973-04-16,2.2110
1973-04-17,2.1640
1973-04-18,2.1100
1973-04-19,2.1190
1973-04-24,2.0950
1973-04-25,2.1360
1973-04-26,2.1260
1973-04-27,2.1280
1973-04-30,2.1470
1973-05-01,2.1470
1973-05-02,2.1150
1973-05-03,2.1190
1973-05-04,2.1870
1973-05-07,2.1920
1973-05-08,2.2220
1973-05-09,2.2760
1973-05-10,2.3390
1973-05-11,2.3620
1973-05-14,2.3740
1973-05-15,2.4660
1973-05-16,2.3840
1973-05-17,2.3430
1973-05-18,2.3780
1973-05-21,2.4890
1973-05-22,2.4470
1973-05-23,2.4250
1973-05-24,2.3880
1973-05-25,2.3880
1973-05-29,2.4480
1973-05-30,2.5370
1973-05-31,2.5510
1973-06-01,2.6070
1973-06-04,2.6450
1973-06-05,2.7340
1973-06-06,2.5520
1973-06-07,2.5440
1973-06-08,2.5000
1973-06-11,2.5040
1973-06-12,2.4620
1973-06-13,2.5120
1973-06-14,2.5080
1973-06-15,2.5330
1973-06-18,2.6000
1973-06-19,2.5880
1973-06-20,2.5600
1973-06-21,2.5990
1973-06-22,2.6020
1973-06-25,2.5820
1973-06-26,2.6340
1973-06-27,2.6760
1973-06-28,2.6570
1973-06-29,2.6660
1973-07-02,2.6960
1973-07-03,2.6840
1973-07-04,2.7290
1973-07-05,2.6990
1973-07-06,2.7960
1973-07-09,2.8020
1973-07-10,2.7530
1973-07-11,2.6680
1973-07-12,2.7840
1973-07-13,2.8040
1973-07-16,2.8060
1973-07-17,2.9100
1973-07-18,2.8800
1973-07-19,2.8790
1973-07-20,2.8360
1973-07-23,2.9030
1973-07-24,2.9630
1973-07-25,2.9220
1973-07-26,2.9010
1973-07-27,2.9140
1973-07-30,2.7700
1973-07-31,2.7600
1973-08-01,2.9160
1973-08-02,2.9020
1973-08-03,2.8630
1973-08-06,2.8400
1973-08-07,2.7880
1973-08-08,2.7230
1973-08-09,2.6300
1973-08-10,2.6680
1973-08-13,2.6500
1973-08-14,2.5720
1973-08-15,2.5630
1973-08-16,2.6110
1973-08-17,2.6480
1973-08-20,2.6730
1973-08-21,2.6940
1973-08-22,2.5900
1973-08-23,2.5560
1973-08-24,2.5870
1973-08-28,2.5710
1973-08-29,2.5790
1973-08-30,2.6280
1973-08-31,2.5960
1973-09-03,2.6080
1973-09-04,2.6160
1973-09-05,2.5660
1973-09-06,2.5970
1973-09-07,2.5880
1973-09-10,2.5980
1973-09-11,2.5400
1973-09-12,2.5480
1973-09-13,2.5220
1973-09-14,2.5440
1973-09-17,2.5740
1973-09-18,2.6360
1973-09-19,2.5900
1973-09-20,2.7020
1973-09-21,2.7280
1973-09-24,2.7340
1973-09-25,2.7400
1973-09-26,2.7770
1973-09-27,2.7520
1973-09-28,2.6970
1973-10-01,2.7090
1973-10-02,2.7190
1973-10-03,2.7670
1973-10-04,2.7490
1973-10-05,2.7010
1973-10-08,2.8110
1973-10-09,2.7910
1973-10-10,2.8740
1973-10-11,2.8440
1973-10-12,2.8690
1973-10-15,2.9520
1973-10-16,2.9040
1973-10-17,2.9990
1973-10-18,2.9230
1973-10-19,2.9230
1973-10-22,2.8930
1973-10-23,2.9100
1973-10-24,2.8790
1973-10-25,2.9470
1973-10-26,2.8690
1973-10-29,2.8200
1973-10-30,2.8280
1973-10-31,2.8350
1973-11-01,2.8350
1973-11-02,2.8670
1973-11-05,2.8700
1973-11-06,2.8720
1973-11-07,2.8620
1973-11-08,2.8390
1973-11-09,2.8590
1973-11-12,2.8180
1973-11-13,2.7940
1973-11-14,2.7690
1973-11-15,2.7820
1973-11-16,2.7780
1973-11-19,2.7980
1973-11-20,2.8290
1973-11-21,2.8020
1973-11-22,2.8070
1973-11-23,2.8000
1973-11-26,2.7920
1973-11-27,2.7570
1973-11-28,2.8830
1973-11-29,2.9550
1973-11-30,2.9240
1973-12-03,2.9170
1973-12-04,3.0450
1973-12-05,3.0250
1973-12-06,2.9770
1973-12-07,3.0690
1973-12-10,3.0380
1973-12-11,3.0880
1973-12-12,3.0490
1973-12-13,3.0390
1973-12-14,2.9720
1973-12-17,3.0440
1973-12-18,3.1820
1973-12-19,3.1080
1973-12-20,3.2010
1973-12-21,3.1670
1973-12-27,3.2390
1973-12-28,3.2230
1973-12-31,3.2560
1974-01-02,3.2810
1974-01-03,3.3270
1974-01-04,3.2720
1974-01-07,3.2710
1974-01-08,3.3400
1974-01-09,3.3310
1974-01-10,3.3030
1974-01-11,3.3420
1974-01-14,3.3430
1974-01-15,3.5060
1974-01-16,3.4520
1974-01-17,3.6390
1974-01-18,3.6290
1974-01-21,3.9280
1974-01-22,3.9020
1974-01-23,3.7160
1974-01-24,3.7960
1974-01-25,3.9130
1974-01-28,4.0150
1974-01-29,3.9710
1974-01-30,3.9070
1974-01-31,3.8670
1974-02-01,4.0420
1974-02-04,4.2120
1974-02-05,4.3510
1974-02-06,4.3890
1974-02-07,4.5710
1974-02-08,4.7470
1974-02-11,5.1500
1974-02-12,5.5400
1974-02-13,5.1880
1974-02-14,5.2780
1974-02-15,5.5880
1974-02-18,5.3970
1974-02-19,5.1340
1974-02-20,5.2750
1974-02-21,5.7470
1974-02-22,5.8210
1974-02-25,5.9610
1974-02-26,6.7610
1974-02-27,6.4620
1974-02-28,5.6850
1974-03-01,5.7340
1974-03-04,5.6310
1974-03-05,5.2060
1974-03-06,5.0130
1974-03-07,5.2940
1974-03-08,5.4180
1974-03-11,5.0180
1974-03-12,5.2230
1974-03-13,5.3000
1974-03-14,5.3980
1974-03-15,5.2780
1974-03-18,5.1690
1974-03-19,5.6230
1974-03-20,5.6020
1974-03-21,5.5480
1974-03-22,5.4310
1974-03-25,5.6010
1974-03-26,5.1900
1974-03-27,5.1670
1974-03-28,5.1930
1974-03-29,5.3480
1974-04-01,5.3190
1974-04-02,5.1500
1974-04-03,5.1620
1974-04-04,5.1740
1974-04-05,5.0240
1974-04-08,4.4070
1974-04-09,4.7400
1974-04-10,4.7240
1974-04-11,4.3430
1974-04-16,4.5810
1974-04-17,4.3910
1974-04-18,4.6670
1974-04-19,4.7800
1974-04-22,5.1220
1974-04-23,5.4560
1974-04-24,5.2790
1974-04-25,5.5830
1974-04-26,5.4280
1974-04-29,5.3360
1974-04-30,5.6170
1974-05-01,5.3990
1974-05-02,5.4280
1974-05-03,5.5010
1974-05-06,5.4530
1974-05-07,5.2060
1974-05-08,5.2420
1974-05-09,5.4450
1974-05-10,5.4600
1974-05-13,5.5790
1974-05-14,6.0190
1974-05-15,5.6630
1974-05-16,5.7680
1974-05-17,5.7660
1974-05-20,5.6080
1974-05-21,5.4180
1974-05-22,5.4290
1974-05-23,4.9830
1974-05-24,5.2150
1974-05-28,4.8660
1974-05-29,4.6180
1974-05-30,5.0830
1974-05-31,4.9200
1974-06-03,4.7380
1974-06-04,4.6950
1974-06-05,5.0230
1974-06-06,4.9460
1974-06-07,5.0150
1974-06-10,5.2030
1974-06-11,5.1000
1974-06-12,4.7940
1974-06-13,5.0480
1974-06-14,5.0170
1974-06-17,4.8900
1974-06-18,4.8740
1974-06-19,4.7820
1974-06-20,4.6760
1974-06-21,4.8250
1974-06-24,4.7310
1974-06-25,4.5210
1974-06-26,4.5740
1974-06-27,4.4840
1974-06-28,4.6130
1974-07-01,4.6880
1974-07-02,4.3200
1974-07-03,4.1910
1974-07-04,4.1200
1974-07-05,4.1020
1974-07-08,4.3310
1974-07-09,4.3600
1974-07-10,4.2190
1974-07-11,3.9250
1974-07-12,3.7870
1974-07-15,4.0530
1974-07-16,4.1460
1974-07-17,3.9900
1974-07-18,4.1630
1974-07-19,4.3710
1974-07-22,4.1840
1974-07-23,4.3850
1974-07-24,4.4630
1974-07-25,4.7210
1974-07-26,4.6980
1974-07-29,4.9780
1974-07-30,5.0330
1974-07-31,4.7890
1974-08-01,4.9500
1974-08-02,4.6570
1974-08-05,4.4900
1974-08-06,4.6160
1974-08-07,4.5890
1974-08-08,4.5630
1974-08-09,4.4720
1974-08-12,4.3350
1974-08-13,4.3720
1974-08-14,4.6050
1974-08-15,4.3460
1974-08-16,4.4090
1974-08-19,4.3860
1974-08-20,4.4050
1974-08-21,4.3120
1974-08-22,4.4370
1974-08-23,4.4010
1974-08-27,4.3780
1974-08-28,4.1720
1974-08-29,4.2710
1974-08-30,4.1160
1974-09-02,4.2280
1974-09-03,4.2270
1974-09-04,4.0020
1974-09-05,4.0590
1974-09-06,4.1400
1974-09-09,4.0680
1974-09-10,4.1050
1974-09-11,3.9390
1974-09-12,4.1160
1974-09-13,3.9400
1974-09-16,3.9550
1974-09-17,3.8260
1974-09-18,3.8270
1974-09-19,3.9700
1974-09-20,3.8650
1974-09-23,3.9790
1974-09-24,4.0350
1974-09-25,4.1790
1974-09-26,4.0590
1974-09-27,4.1840
1974-09-30,4.2450
1974-10-01,4.4300
1974-10-02,4.4260
1974-10-03,4.6810
1974-10-04,4.8260
1974-10-07,4.8400
1974-10-08,4.6470
1974-10-09,4.6290
1974-10-10,4.9740
1974-10-11,4.7490
1974-10-14,4.6190
1974-10-15,4.6320
1974-10-16,4.6530
1974-10-17,4.4790
1974-10-18,4.6210
1974-10-21,4.7920
1974-10-22,4.9520
1974-10-23,4.8420
1974-10-24,4.9560
1974-10-25,5.0920
1974-10-28,5.1490
1974-10-29,5.1380
1974-10-30,5.0690
1974-10-31,4.8590
1974-11-01,4.8910
1974-11-04,4.7090
1974-11-05,4.9050
1974-11-06,4.9490
1974-11-07,4.9900
1974-11-08,4.8910
1974-11-11,5.0610
1974-11-12,4.8960
1974-11-13,4.9190
1974-11-14,4.9440
1974-11-15,4.7490
1974-11-18,4.6920
1974-11-19,4.3810
1974-11-20,4.3640
1974-11-21,4.5080
1974-11-22,4.2100
1974-11-25,4.3790
1974-11-26,4.3940
1974-11-27,4.5740
1974-11-28,4.4430
1974-11-29,4.4550
1974-12-02,4.6120
1974-12-03,4.3300
1974-12-04,4.1860
1974-12-05,4.2930
1974-12-06,4.2660
1974-12-09,4.2490
1974-12-10,4.1680
1974-12-11,4.1800
1974-12-12,4.1680
1974-12-13,4.2130
1974-12-16,4.4010
1974-12-17,4.5020
1974-12-18,4.4570
1974-12-19,4.6040
1974-12-20,4.4840
1974-12-23,4.5550
1974-12-24,4.6530
1974-12-27,4.7750
1974-12-30,4.7520
1974-12-31,4.4730
1975-01-02,4.4360
1975-01-03,4.3490
1975-01-06,4.2240
1975-01-07,4.2700
1975-01-08,4.2370
1975-01-09,4.2180
1975-01-10,4.1860
1975-01-13,4.4200
1975-01-14,4.2850
1975-01-15,4.4540
1975-01-16,4.2960
1975-01-17,4.1530
1975-01-20,3.9910
1975-01-21,4.0680
1975-01-22,4.0170
1975-01-23,3.9880
1975-01-24,4.2680
1975-01-27,4.3130
1975-01-28,4.1840
1975-01-29,4.2250
1975-01-30,4.3180
1975-01-31,4.1500
1975-02-03,4.1330
1975-02-04,4.1090
1975-02-05,4.1310
1975-02-06,4.1150
1975-02-07,4.2470
1975-02-10,4.3000
1975-02-11,4.2160
1975-02-12,4.3700
1975-02-13,4.4260
1975-02-14,4.5540
1975-02-17,4.4780
1975-02-18,4.3790
1975-02-19,4.6070
1975-02-20,4.5330
1975-02-21,4.6760
1975-02-24,4.5790
1975-02-25,4.6180
1975-02-26,4.4900
1975-02-27,4.4820
1975-02-28,4.4240
1975-03-03,4.4960
1975-03-04,4.4820
1975-03-05,4.3430
1975-03-06,4.3620
1975-03-07,4.3250
1975-03-10,4.3000
1975-03-11,4.4410
1975-03-12,4.4480
1975-03-13,4.4760
1975-03-14,4.4980
1975-03-17,4.4200
1975-03-18,4.4820
1975-03-19,4.3680
1975-03-20,4.4130
1975-03-21,4.3210
1975-03-24,4.3120
1975-03-25,4.2400
1975-03-26,4.2930
1975-03-27,4.2780
1975-04-01,4.2770
1975-04-02,4.3340
1975-04-03,4.2350
1975-04-04,4.1400
1975-04-07,4.1060
1975-04-08,4.1490
1975-04-09,4.1050
1975-04-10,4.1250
1975-04-11,4.1820
1975-04-14,4.0990
1975-04-15,4.0850
1975-04-16,4.1810
1975-04-17,4.2360
1975-04-18,4.3280
1975-04-21,4.2870
1975-04-22,4.2640
1975-04-23,4.2530
1975-04-24,4.3210
1975-04-25,4.3070
1975-04-28,4.3240
1975-04-29,4.3800
1975-04-30,4.4260
1975-05-01,4.3000
1975-05-02,4.3690
1975-05-05,4.3040
1975-05-06,4.3640
1975-05-07,4.4400
1975-05-08,4.5140
1975-05-09,4.5050
1975-05-12,4.5700
1975-05-13,4.5470
1975-05-14,4.6390
1975-05-15,4.5350
1975-05-16,4.4530
1975-05-19,4.6220
1975-05-20,4.6010
1975-05-21,4.5590
1975-05-22,4.7420
1975-05-23,4.7200
1975-05-27,4.7110
1975-05-28,4.6080
1975-05-29,4.5700
1975-05-30,4.5300
1975-06-02,4.4300
1975-06-03,4.4630
1975-06-04,4.4650
1975-06-05,4.4270
1975-06-06,4.4140
1975-06-09,4.4570
1975-06-10,4.5770
1975-06-11,4.5380
1975-06-12,4.5540
1975-06-13,4.4810
1975-06-16,4.4860
1975-06-17,4.4660
1975-06-18,4.4890
1975-06-19,4.4600
1975-06-20,4.4530
1975-06-23,4.4810
1975-06-24,4.4620
1975-06-25,4.5260
1975-06-26,4.5320
1975-06-27,4.5170
1975-06-30,4.5710
1975-07-01,4.5830
1975-07-02,4.5380
1975-07-03,4.5100
1975-07-04,4.5560
1975-07-07,4.5220
1975-07-08,4.5150
1975-07-09,4.6390
1975-07-10,4.6440
1975-07-11,4.5720
1975-07-14,4.6910
1975-07-15,4.6260
1975-07-16,4.6410
1975-07-17,4.6280
1975-07-18,4.5970
1975-07-21,4.6270
1975-07-22,4.7430
1975-07-23,4.6570
1975-07-24,4.6960
1975-07-25,4.8150
1975-07-28,4.8590
1975-07-29,5.1340
1975-07-30,5.1390
1975-07-31,5.0030
1975-08-01,5.0000
1975-08-04,5.1440
1975-08-05,5.1200
1975-08-06,5.0500
1975-08-07,5.1620
1975-08-08,5.2110
1975-08-11,4.9750
1975-08-12,4.9660
1975-08-13,5.0600
1975-08-14,4.9410
1975-08-15,4.8100
1975-08-18,4.8980
1975-08-19,4.7680
1975-08-20,4.8490
1975-08-21,4.8490
1975-08-22,4.8490
1975-08-26,4.8440
1975-08-27,4.6660
1975-08-28,4.7420
1975-08-29,4.6340
1975-09-01,4.5330
1975-09-02,4.4170
1975-09-03,4.4960
1975-09-04,4.5540
1975-09-05,4.4770
1975-09-08,4.5070
1975-09-09,4.3940
1975-09-10,4.5700
1975-09-11,4.5300
1975-09-12,4.5090
1975-09-15,4.5820
1975-09-16,4.5590
1975-09-17,4.4870
1975-09-18,4.5590
1975-09-19,4.4790
1975-09-22,4.4530
1975-09-23,4.4020
1975-09-24,4.4610
1975-09-25,4.4830
1975-09-26,4.4710
1975-09-29,4.4750
1975-09-30,4.4410
1975-10-01,4.5040
1975-10-02,4.5450
1975-10-03,4.4620
1975-10-06,4.4640
1975-10-07,4.4350
1975-10-08,4.4220
1975-10-09,4.2960
1975-10-10,4.3340
1975-10-13,4.3060
1975-10-14,4.2720
1975-10-15,4.3170
1975-10-16,4.2940
1975-10-17,4.3530
1975-10-20,4.3500
1975-10-21,4.4020
1975-10-22,4.3220
1975-10-23,4.3350
1975-10-24,4.2670
1975-10-27,4.2070
1975-10-28,4.1840
1975-10-29,4.2040
1975-10-30,4.2390
1975-10-31,4.1860
1975-11-03,4.2010
1975-11-04,4.2560
1975-11-05,4.3050
1975-11-06,4.4380
1975-11-07,4.3870
1975-11-10,4.4240
1975-11-11,4.4540
1975-11-12,4.3930
1975-11-13,4.3810
1975-11-14,4.3630
1975-11-17,4.3330
1975-11-18,4.3060
1975-11-19,4.3290
1975-11-20,4.3180
1975-11-21,4.2760
1975-11-24,4.2530
1975-11-25,4.3120
1975-11-26,4.2430
1975-11-27,4.2190
1975-11-28,4.2260
1975-12-01,4.1230
1975-12-02,4.1200
1975-12-03,4.1460
1975-12-04,4.1000
1975-12-05,4.0320
1975-12-08,4.0300
1975-12-09,3.9280
1975-12-10,4.0100
1975-12-11,4.0020
1975-12-12,4.0170
1975-12-15,3.9600
1975-12-16,3.9950
1975-12-17,4.0300
1975-12-18,4.0600
1975-12-19,4.0500
1975-12-22,4.2000
1975-12-23,4.2430
1975-12-24,4.2260
1975-12-29,4.2460
1975-12-30,4.1740
1975-12-31,4.1790
1976-01-02,4.1640
1976-01-05,4.2000
1976-01-06,4.2470
1976-01-07,4.2710
1976-01-08,4.2730
1976-01-09,4.2300
1976-01-12,4.2280
1976-01-13,4.2380
1976-01-14,4.0980
1976-01-15,4.1370
1976-01-16,3.9820
1976-01-19,4.0290
1976-01-20,3.8550
1976-01-21,3.8300
1976-01-22,3.8950
1976-01-23,3.9800
1976-01-26,3.8980
1976-01-27,3.8950
1976-01-28,3.9390
1976-01-29,4.0000
1976-01-30,4.0100
1976-02-02,3.9940
1976-02-03,4.0330
1976-02-04,3.9500
1976-02-05,3.9430
1976-02-06,3.9890
1976-02-09,3.9970
1976-02-10,3.9540
1976-02-11,4.0780
1976-02-12,4.0880
1976-02-13,4.0960
1976-02-16,4.1070
1976-02-17,4.0590
1976-02-18,4.1220
1976-02-19,4.1190
1976-02-20,4.2290
1976-02-23,4.1720
1976-02-24,4.2400
1976-02-25,4.2580
1976-02-26,4.1640
1976-02-27,4.1620
1976-03-01,4.1930
1976-03-02,4.1450
1976-03-03,4.1620
1976-03-04,4.1580
1976-03-05,4.2290
1976-03-08,4.2630
1976-03-09,4.2280
1976-03-10,4.2990
1976-03-11,4.2810
1976-03-12,4.2580
1976-03-15,4.2820
1976-03-16,4.2180
1976-03-17,4.1980
1976-03-18,4.2570
1976-03-19,4.2240
1976-03-22,4.2270
1976-03-23,4.2010
1976-03-24,4.2030
1976-03-25,4.1690
1976-03-26,4.1300
1976-03-29,4.0660
1976-03-30,4.0290
1976-03-31,4.1060
1976-04-01,4.1210
1976-04-02,4.1540
1976-04-05,4.0860
1976-04-06,4.1370
1976-04-07,4.1700
1976-04-08,4.2660
1976-04-09,4.2800
1976-04-12,4.2680
1976-04-13,4.4450
1976-04-14,4.3850
1976-04-15,4.4000
1976-04-20,4.5500
1976-04-21,4.4600
1976-04-22,4.4440
1976-04-23,4.4140
1976-04-26,4.3980
1976-04-27,4.5650
1976-04-28,4.5090
1976-04-29,4.4320
1976-04-30,4.4300
1976-05-03,4.4140
1976-05-04,4.3840
1976-05-05,4.3590
1976-05-06,4.3790
1976-05-07,4.4700
1976-05-10,4.5630
1976-05-11,4.4740
1976-05-12,4.5310
1976-05-13,4.5480
1976-05-14,4.4710
1976-05-17,4.5080
1976-05-18,4.4190
1976-05-19,4.4380
1976-05-20,4.3780
1976-05-21,4.4560
1976-05-24,4.3820
1976-05-25,4.5040
1976-05-26,4.5080
1976-05-27,4.6690
1976-05-28,4.6200
1976-06-01,4.6770
1976-06-02,4.6490
1976-06-03,4.6370
1976-06-04,4.6570
1976-06-07,4.6300
1976-06-08,4.8070
1976-06-09,4.7640
1976-06-10,4.8520
1976-06-11,4.9240
1976-06-14,4.9410
1976-06-15,4.9140
1976-06-16,4.8060
1976-06-17,4.8330
1976-06-18,4.8470
1976-06-21,4.7850
1976-06-22,4.8560
1976-06-23,4.8860
1976-06-24,4.7770
1976-06-25,4.7730
1976-06-28,4.7070
1976-06-29,4.7000
1976-06-30,4.8330
1976-07-01,4.8180
1976-07-02,4.9620
1976-07-05,4.9860
1976-07-06,5.0430
1976-07-07,5.0840
1976-07-08,5.0020
1976-07-09,5.0250
1976-07-12,4.9740
1976-07-13,4.8150
1976-07-14,4.8790
1976-07-15,4.9560
1976-07-16,4.8210
1976-07-19,4.7150
1976-07-20,4.4380
1976-07-21,4.5410
1976-07-22,4.5090
1976-07-23,4.4990
1976-07-26,4.5360
1976-07-27,4.5350
1976-07-28,4.6020
1976-07-29,4.5600
1976-07-30,4.5430
1976-08-02,4.4710
1976-08-03,4.2500
1976-08-04,4.3870
1976-08-05,4.3420
1976-08-06,4.2300
1976-08-09,4.1620
1976-08-10,4.2000
1976-08-11,4.2900
1976-08-12,4.2740
1976-08-13,4.3190
1976-08-16,4.3290
1976-08-17,4.3010
1976-08-18,4.1940
1976-08-19,4.2720
1976-08-20,4.3500
1976-08-23,4.2680
1976-08-24,4.2280
1976-08-25,4.1050
1976-08-26,4.1940
1976-08-27,4.2100
1976-08-31,4.1050
1976-09-01,4.0880
1976-09-02,4.2910
1976-09-03,4.2850
1976-09-06,4.3510
1976-09-07,4.3600
1976-09-08,4.4450
1976-09-09,4.2740
1976-09-10,4.2900
1976-09-13,4.1830
1976-09-14,4.1510
1976-09-15,4.1740
1976-09-16,4.2840
1976-09-17,4.2560
1976-09-20,4.2330
1976-09-21,4.3390
1976-09-22,4.3370
1976-09-23,4.3780
1976-09-24,4.3770
1976-09-27,4.4290
1976-09-28,4.3700
1976-09-29,4.3700
1976-09-30,4.3900
1976-10-01,4.3600
1976-10-04,4.3090
1976-10-05,4.3430
1976-10-06,4.3070
1976-10-07,4.2950
1976-10-08,4.2440
1976-10-11,4.1310
1976-10-12,4.1770
1976-10-13,4.2120
1976-10-14,4.2080
1976-10-15,4.1620
1976-10-18,4.2020
1976-10-19,4.1950
1976-10-20,4.1810
1976-10-21,4.2000
1976-10-22,4.2050
1976-10-25,4.1470
1976-10-26,4.1550
1976-10-27,4.1510
1976-10-28,4.2800
1976-10-29,4.2710
1976-11-01,4.2990
1976-11-02,4.2950
1976-11-03,4.3550
1976-11-04,4.2940
1976-11-05,4.3620
1976-11-08,4.3870
1976-11-09,4.3250
1976-11-10,4.4440
1976-11-11,4.4620
1976-11-12,4.4470
1976-11-15,4.5700
1976-11-16,4.3660
1976-11-17,4.3420
1976-11-18,4.3090
1976-11-19,4.3360
1976-11-22,4.3790
1976-11-23,4.3900
1976-11-24,4.3480
1976-11-25,4.3400
1976-11-26,4.3180
1976-11-29,4.2520
1976-11-30,4.2800
1976-12-01,4.2420
1976-12-02,4.3310
1976-12-03,4.3060
1976-12-06,4.3710
1976-12-07,4.3640
1976-12-08,4.3440
1976-12-09,4.3890
1976-12-10,4.3650
1976-12-13,4.3410
1976-12-14,4.3320
1976-12-15,4.3770
1976-12-16,4.3420
1976-12-17,4.3340
1976-12-20,4.3150
1976-12-21,4.3250
1976-12-22,4.3500
1976-12-23,4.3130
1976-12-24,4.3210
1976-12-29,4.3520
1976-12-30,4.3680
1976-12-31,4.3550
1977-01-04,4.4260
1977-01-05,4.3910
1977-01-06,4.3860
1977-01-07,4.3980
1977-01-10,4.3820
1977-01-11,4.3130
1977-01-12,4.3310
1977-01-13,4.3430
1977-01-14,4.3320
1977-01-17,4.3490
1977-01-18,4.3810
1977-01-19,4.3610
1977-01-20,4.4150
1977-01-21,4.3990
1977-01-24,4.4340
1977-01-25,4.4800
1977-01-26,4.4800
1977-01-27,4.5340
1977-01-28,4.4640
1977-01-31,4.4460
1977-02-01,4.4690
1977-02-02,4.4460
1977-02-03,4.5000
1977-02-04,4.4760
1977-02-07,4.5320
1977-02-08,4.5050
1977-02-09,4.5440
1977-02-10,4.5090
1977-02-11,4.4730
1977-02-14,4.4970
1977-02-15,4.4950
1977-02-16,4.5000
1977-02-17,4.5210
1977-02-18,4.5340
1977-02-21,4.5500
1977-02-22,4.5610
1977-02-23,4.5460
1977-02-24,4.6530
1977-02-25,4.5950
1977-02-28,4.7330
1977-03-01,4.7180
1977-03-02,4.8000
1977-03-03,4.7990
1977-03-04,4.7710
1977-03-07,4.8850
1977-03-08,4.8700
1977-03-09,4.8080
1977-03-10,4.8340
1977-03-11,4.8080
1977-03-14,4.8210
1977-03-15,4.8180
1977-03-16,4.8890
1977-03-17,4.8850
1977-03-18,4.9190
1977-03-21,4.9450
1977-03-22,4.9560
1977-03-23,4.9730
1977-03-24,4.9520
1977-03-25,4.9750
1977-03-28,4.8730
1977-03-29,4.7630
1977-03-30,4.8300
1977-03-31,4.8290
1977-04-01,4.8360
1977-04-04,4.8880
1977-04-05,4.8190
1977-04-06,4.7030
1977-04-07,4.7500
1977-04-12,4.7730
1977-04-13,4.8010
1977-04-14,4.8000
1977-04-15,4.7850
1977-04-18,4.8280
1977-04-19,4.8510
1977-04-20,4.8010
1977-04-21,4.7980
1977-04-22,4.8560
1977-04-25,4.8220
1977-04-26,4.7290
1977-04-27,4.7770
1977-04-28,4.7260
1977-04-29,4.7130
1977-05-02,4.7740
1977-05-03,4.7830
1977-05-04,4.7790
1977-05-05,4.7190
1977-05-06,4.7400
1977-05-09,4.7440
1977-05-10,4.7390
1977-05-11,4.7670
1977-05-12,4.7360
1977-05-13,4.7900
1977-05-16,4.7680
1977-05-17,4.7680
1977-05-18,4.7270
1977-05-19,4.6930
1977-05-20,4.7250
1977-05-23,4.6490
1977-05-24,4.6100
1977-05-25,4.6200
1977-05-26,4.5360
1977-05-27,4.6060
1977-05-30,4.5690
1977-05-31,4.5610
1977-06-01,4.5850
1977-06-02,4.5770
1977-06-03,4.5490
1977-06-08,4.5400
1977-06-09,4.4330
1977-06-10,4.3860
1977-06-13,4.4180
1977-06-14,4.3330
1977-06-15,4.3690
1977-06-16,4.4360
1977-06-17,4.3950
1977-06-20,4.4670
1977-06-21,4.5000
1977-06-22,4.4210
1977-06-23,4.4500
1977-06-24,4.4610
1977-06-27,4.5000
1977-06-28,4.5100
1977-06-29,4.5100
1977-06-30,4.5070
1977-07-01,4.5230
1977-07-04,4.4300
1977-07-05,4.4540
1977-07-06,4.4360
1977-07-07,4.4610
1977-07-08,4.4490
1977-07-11,4.4670
1977-07-12,4.4840
1977-07-13,4.5000
1977-07-14,4.5290
1977-07-15,4.5620
1977-07-18,4.5450
1977-07-19,4.5800
1977-07-20,4.5850
1977-07-21,4.5700
1977-07-22,4.5680
1977-07-25,4.6240
1977-07-26,4.6260
1977-07-27,4.6000
1977-07-28,4.5820
1977-07-29,4.5200
1977-08-01,4.5140
1977-08-02,4.5270
1977-08-03,4.5540
1977-08-04,4.5820
1977-08-05,4.5500
1977-08-08,4.5650
1977-08-09,4.5710
1977-08-10,4.5550
1977-08-11,4.5560
1977-08-12,4.5130
1977-08-15,4.4230
1977-08-16,4.3680
1977-08-17,4.4110
1977-08-18,4.3790
1977-08-19,4.4290
1977-08-22,4.4040
1977-08-23,4.3640
1977-08-24,4.4070
1977-08-25,4.3990
1977-08-26,4.3970
1977-08-30,4.4190
1977-08-31,4.4480
1977-09-01,4.4700
1977-09-02,4.4670
1977-09-05,4.5180
1977-09-06,4.5120
1977-09-07,4.4780
1977-09-08,4.5100
1977-09-09,4.4470
1977-09-12,4.4950
1977-09-13,4.4600
1977-09-14,4.4480
1977-09-15,4.4740
1977-09-16,4.4910
1977-09-19,4.5630
1977-09-20,4.5460
1977-09-21,4.6060
1977-09-22,4.6210
1977-09-23,4.5860
1977-09-26,4.5950
1977-09-27,4.6100
1977-09-28,4.6200
1977-09-29,4.6180
1977-09-30,4.6450
1977-10-03,4.6560
1977-10-04,4.6420
1977-10-05,4.6660
1977-10-06,4.6350
1977-10-07,4.6390
1977-10-10,4.6640
1977-10-11,4.7150
1977-10-12,4.7530
1977-10-13,4.7570
1977-10-14,4.7530
1977-10-17,4.8230
1977-10-18,4.8090
1977-10-19,4.8400
1977-10-20,4.7710
1977-10-21,4.8060
1977-10-24,4.8270
1977-10-25,4.8640
1977-10-26,4.8770
1977-10-27,4.8040
1977-10-28,4.8120
1977-10-31,4.8520
1977-11-01,4.8750
1977-11-02,4.8360
1977-11-03,4.8360
1977-11-04,4.8860
1977-11-07,4.9290
1977-11-08,4.8740
1977-11-09,4.9650
1977-11-10,4.9410
1977-11-11,4.9680
1977-11-14,4.9080
1977-11-15,4.7970
1977-11-16,4.8060
1977-11-17,4.8160
1977-11-18,4.8430
1977-11-21,4.7930
1977-11-22,4.7030
1977-11-23,4.7440
1977-11-24,4.7290
1977-11-25,4.7150
1977-11-28,4.7910
1977-11-29,4.7280
1977-11-30,4.7420
1977-12-01,4.7790
1977-12-02,4.7000
1977-12-05,4.7140
1977-12-06,4.7800
1977-12-07,4.7400
1977-12-08,4.7660
1977-12-09,4.7600
1977-12-12,4.7400
1977-12-13,4.6630
1977-12-14,4.7190
1977-12-15,4.6780
1977-12-16,4.6750
1977-12-19,4.6820
1977-12-20,4.6690
1977-12-21,4.7210
1977-12-22,4.6620
1977-12-23,4.7000
1977-12-28,4.7560
1977-12-29,4.7980
1977-12-30,4.7560
1978-01-03,4.8700
1978-01-04,4.9700
1978-01-05,4.8180
1978-01-06,4.8610
1978-01-09,4.8660
1978-01-10,4.9640
1978-01-11,4.9420
1978-01-12,4.9770
1978-01-13,4.9150
1978-01-16,4.9900
1978-01-17,4.9680
1978-01-18,4.9260
1978-01-19,4.9250
1978-01-20,4.9220
1978-01-23,4.9370
1978-01-24,5.0520
1978-01-25,5.0240
1978-01-26,4.9960
1978-01-27,4.9930
1978-01-30,4.9560
1978-01-31,4.9500
1978-02-01,5.0000
1978-02-02,4.9370
1978-02-03,4.9010
1978-02-06,4.9180
1978-02-07,4.9050
1978-02-08,4.8830
1978-02-09,4.8510
1978-02-10,4.8960
1978-02-13,4.9310
1978-02-14,4.9530
1978-02-15,4.9460
1978-02-16,4.9960
1978-02-17,5.0200
1978-02-20,5.0520
1978-02-21,5.0410
1978-02-22,5.0340
1978-02-23,5.0360
1978-02-24,5.0300
1978-02-27,4.9510
1978-02-28,4.9690
1978-03-01,5.0070
1978-03-02,4.9850
1978-03-03,5.0040
1978-03-06,5.0010
1978-03-07,5.0760
1978-03-08,5.3210
1978-03-09,5.2920
1978-03-10,5.2350
1978-03-13,5.3080
1978-03-14,5.4790
1978-03-15,5.4290
1978-03-16,5.4170
1978-03-17,5.4540
1978-03-20,5.2940
1978-03-21,5.1700
1978-03-22,5.2470
1978-03-23,5.2760
1978-03-28,5.4070
1978-03-29,5.3730
1978-03-30,5.2920
1978-03-31,5.3450
1978-04-03,5.4170
1978-04-04,5.3540
1978-04-05,5.2720
1978-04-06,5.3340
1978-04-07,5.2470
1978-04-10,5.2520
1978-04-11,5.2750
1978-04-12,5.3130
1978-04-13,5.2610
1978-04-14,5.2190
1978-04-17,5.1410
1978-04-18,5.0740
1978-04-19,5.1140
1978-04-20,4.9860
1978-04-21,5.0350
1978-04-24,4.9800
1978-04-25,4.9160
1978-04-26,4.9700
1978-04-27,4.9980
1978-04-28,4.9980
1978-05-02,4.9770
1978-05-03,5.0460
1978-05-04,5.0810
1978-05-05,5.0870
1978-05-08,5.0510
1978-05-09,5.0460
1978-05-10,5.0610
1978-05-11,5.1220
1978-05-12,5.0880
1978-05-15,5.0700
1978-05-16,5.1000
1978-05-17,5.1150
1978-05-18,5.1430
1978-05-19,5.2010
1978-05-22,5.2080
1978-05-23,5.1910
1978-05-24,5.1810
1978-05-25,5.1670
1978-05-26,5.2110
1978-05-30,5.3600
1978-05-31,5.4660
1978-06-01,5.4010
1978-06-02,5.4500
1978-06-05,5.3420
1978-06-06,5.3010
1978-06-07,5.3530
1978-06-08,5.3040
1978-06-09,5.2610
1978-06-12,5.2450
1978-06-13,5.2650
1978-06-14,5.3290
1978-06-15,5.2580
1978-06-16,5.3310
1978-06-19,5.3190
1978-06-20,5.4050
1978-06-21,5.3720
1978-06-22,5.3210
1978-06-23,5.3300
1978-06-26,5.3300
1978-06-27,5.3410
1978-06-28,5.3730
1978-06-29,5.3430
1978-06-30,5.2770
1978-07-03,5.2720
1978-07-04,5.3040
1978-07-05,5.2990
1978-07-06,5.2670
1978-07-07,5.2360
1978-07-10,5.2820
1978-07-11,5.2870
1978-07-12,5.2920
1978-07-13,5.3240
1978-07-14,5.2860
1978-07-17,5.2510
1978-07-18,5.2370
1978-07-19,5.2420
1978-07-20,5.3030
1978-07-21,5.4130
1978-07-24,5.5360
1978-07-25,5.4560
1978-07-26,5.5000
1978-07-27,5.4540
1978-07-28,5.5980
1978-07-31,5.5730
1978-08-01,5.7160
1978-08-02,5.5990
1978-08-03,5.5520
1978-08-04,5.5200
1978-08-07,5.5760
1978-08-08,5.5810
1978-08-09,5.5810
1978-08-10,5.4910
1978-08-11,5.6290
1978-08-14,5.6750
1978-08-15,5.7430
1978-08-16,5.6600
1978-08-17,5.5250
1978-08-18,5.5420
1978-08-21,5.4070
1978-08-22,5.4570
1978-08-23,5.3530
1978-08-24,5.4510
1978-08-25,5.3970
1978-08-29,5.4350
1978-08-30,5.5300
1978-08-31,5.5310
1978-09-01,5.5190
1978-09-04,5.5860
1978-09-05,5.5620
1978-09-06,5.5610
1978-09-07,5.5220
1978-09-08,5.4960
1978-09-11,5.4710
1978-09-12,5.4990
1978-09-13,5.5190
1978-09-14,5.6010
1978-09-15,5.5710
1978-09-18,5.5510
1978-09-19,5.6000
1978-09-20,5.6480
1978-09-21,5.6780
1978-09-22,5.6200
1978-09-25,5.6930
1978-09-26,5.7300
1978-09-27,5.6580
1978-09-28,5.6760
1978-09-29,5.6680
1978-10-02,5.6730
1978-10-03,5.7670
1978-10-04,5.8530
1978-10-05,5.8440
1978-10-06,5.8370
1978-10-09,5.7960
1978-10-10,5.9890
1978-10-11,5.9750
1978-10-12,6.0130
1978-10-13,5.9310
1978-10-16,5.8920
1978-10-17,5.9680
1978-10-18,5.9890
1978-10-19,5.9190
1978-10-20,5.9250
1978-10-23,5.9140
1978-10-24,5.8290
1978-10-25,5.9360
1978-10-26,6.1110
1978-10-27,6.1150
1978-10-30,6.2490
1978-10-31,6.2640
1978-11-01,6.1340
1978-11-02,5.8540
1978-11-03,5.8060
1978-11-06,5.7750
1978-11-07,5.8560
1978-11-08,5.8870
1978-11-09,5.8150
1978-11-10,5.7270
1978-11-13,5.7200
1978-11-14,5.8580
1978-11-15,5.7730
1978-11-16,5.6710
1978-11-17,5.7750
1978-11-20,5.9250
1978-11-21,5.9280
1978-11-22,5.9470
1978-11-23,5.9840
1978-11-24,6.0370
1978-11-27,6.0160
1978-11-28,5.9700
1978-11-29,5.8970
1978-11-30,5.9080
1978-12-01,5.9490
1978-12-04,5.9420
1978-12-05,5.8650
1978-12-06,5.8410
1978-12-07,5.8570
1978-12-08,5.8580
1978-12-11,5.8990
1978-12-12,5.8440
1978-12-13,5.8540
1978-12-14,5.8690
1978-12-15,5.8800
1978-12-18,5.9800
1978-12-19,6.0250
1978-12-20,5.9810
1978-12-21,5.9430
1978-12-22,5.9530
1978-12-27,5.9890
1978-12-28,6.0280
1978-12-29,6.0210
1979-01-02,6.0830
1979-01-03,5.9890
1979-01-04,5.9820
1979-01-05,5.9840
1979-01-08,6.0090
1979-01-09,6.0190
1979-01-10,5.9800
1979-01-11,5.9930
1979-01-12,5.9350
1979-01-15,5.9420
1979-01-16,6.0420
1979-01-17,6.1960
1979-01-18,6.2090
1979-01-19,6.2420
1979-01-22,6.3310
1979-01-23,6.2760
1979-01-24,6.4100
1979-01-25,6.5320
1979-01-26,6.5480
1979-01-29,6.6070
1979-01-30,6.5950
1979-01-31,6.7110
1979-02-01,6.6440
1979-02-02,6.6150
1979-02-05,7.0780
1979-02-06,7.0620
1979-02-07,7.3070
1979-02-08,7.5150
1979-02-09,7.0040
1979-02-12,7.3650
1979-02-13,7.1180
1979-02-14,6.9510
1979-02-15,7.2650
1979-02-16,7.3500
1979-02-19,7.6900
1979-02-20,7.6870
1979-02-21,7.8500
1979-02-22,7.8010
1979-02-23,7.7180
1979-02-26,7.7510
1979-02-27,7.5030
1979-02-28,7.6890
1979-03-01,7.6240
1979-03-02,7.6860
1979-03-05,7.3680
1979-03-06,7.3920
1979-03-07,7.3770
1979-03-08,7.2260
1979-03-09,7.2470
1979-03-12,7.2640
1979-03-13,7.1260
1979-03-14,7.1630
1979-03-15,7.1410
1979-03-16,7.3450
1979-03-19,7.3540
1979-03-20,7.3240
1979-03-21,7.3750
1979-03-22,7.5810
1979-03-23,7.5550
1979-03-26,7.6690
1979-03-27,7.7260
1979-03-28,7.6390
1979-03-29,7.5050
1979-03-30,7.4530
1979-04-02,7.4610
1979-04-03,7.4300
1979-04-04,7.3310
1979-04-05,7.3910
1979-04-06,7.3930
1979-04-09,7.4910
1979-04-10,7.5780
1979-04-11,7.5200
1979-04-12,7.3860
1979-04-17,7.3400
1979-04-18,7.3910
1979-04-19,7.5200
1979-04-20,7.3710
1979-04-23,7.3550
1979-04-24,7.4460
1979-04-25,7.4430
1979-04-26,7.5090
1979-04-27,7.5700
1979-04-30,7.6510
1979-05-01,8.0200
1979-05-02,7.8860
1979-05-03,7.9260
1979-05-04,8.0090
1979-05-08,8.2840
1979-05-09,8.1180
1979-05-10,8.3750
1979-05-11,8.3520
1979-05-14,8.2680
1979-05-15,8.4680
1979-05-16,8.4250
1979-05-17,8.3900
1979-05-18,8.3310
1979-05-21,8.4310
1979-05-22,8.5400
1979-05-23,8.6000
1979-05-24,8.5880
1979-05-25,8.7410
1979-05-29,8.9460
1979-05-30,8.6700
1979-05-31,8.7720
1979-06-01,8.6340
1979-06-04,8.4300
1979-06-05,8.4940
1979-06-06,8.6380
1979-06-07,8.4460
1979-06-08,8.4910
1979-06-11,8.6240
1979-06-12,8.4480
1979-06-13,8.2940
1979-06-14,8.4200
1979-06-15,8.4800
1979-06-18,8.4810
1979-06-19,8.4500
1979-06-20,8.6500
1979-06-21,8.6730
1979-06-22,8.7550
1979-06-25,8.8230
1979-06-26,8.6390
1979-06-27,8.6320
1979-06-28,8.5280
1979-06-29,8.5360
1979-07-02,8.6970
1979-07-03,8.6020
1979-07-04,8.7450
1979-07-05,8.8380
1979-07-06,8.9310
1979-07-09,8.8920
1979-07-10,9.0420
1979-07-11,9.1200
1979-07-12,9.1850
1979-07-13,8.9220
1979-07-16,9.0690
1979-07-17,9.4010
1979-07-18,9.5640
1979-07-19,9.3520
1979-07-20,9.3030
1979-07-23,9.5610
1979-07-24,9.5820
1979-07-25,9.3650
1979-07-26,9.4850
1979-07-27,9.5010
1979-07-30,9.3320
1979-07-31,9.0830
1979-08-01,9.0950
1979-08-02,9.1250
1979-08-03,9.0020
1979-08-06,8.8600
1979-08-07,8.7820
1979-08-08,8.7950
1979-08-09,9.0060
1979-08-10,9.1310
1979-08-13,9.0890
1979-08-14,8.8370
1979-08-15,9.0880
1979-08-16,9.0650
1979-08-17,9.2470
1979-08-20,9.1490
1979-08-21,9.1590
1979-08-22,9.5140
1979-08-23,9.4960
1979-08-24,9.7560
1979-08-28,9.9490
1979-08-29,10.0820
1979-08-30,10.3860
1979-08-31,10.3200
1979-09-03,10.9050
1979-09-04,10.9480
1979-09-05,11.4800
1979-09-06,12.5480
1979-09-07,11.7220
1979-09-10,12.2000
1979-09-11,12.2100
1979-09-12,12.2850
1979-09-13,11.9410
1979-09-14,13.0000
1979-09-17,13.4000
1979-09-18,18.3030
1979-09-19,15.4800
1979-09-20,16.5000
1979-09-21,14.0390
1979-09-24,16.0000
1979-09-25,14.7500
1979-09-26,14.7200
1979-09-27,16.3100
1979-09-28,16.2500
1979-10-01,17.0900
1979-10-02,18.1000
1979-10-03,17.0000
1979-10-04,14.9000
1979-10-05,15.3000
1979-10-08,15.3000
1979-10-09,16.2000
1979-10-10,16.9000
1979-10-11,16.7450
1979-10-12,16.9750
1979-10-15,17.7400
1979-10-16,17.4640
1979-10-17,16.8000
1979-10-18,16.2100
1979-10-19,17.3130
1979-10-22,17.4500
1979-10-23,17.0160
1979-10-24,17.2100
1979-10-25,17.1220
1979-10-26,16.4900
1979-10-29,15.7920
1979-10-30,16.0110
1979-10-31,16.6000
1979-11-01,16.3200
1979-11-02,16.0150
1979-11-05,16.2000
1979-11-06,16.5300
1979-11-07,16.7400
1979-11-08,16.4000
1979-11-09,16.4050
1979-11-12,16.4500
1979-11-13,16.2100
1979-11-14,16.0600
1979-11-15,16.1000
1979-11-16,16.2000
1979-11-19,16.3800
1979-11-20,16.2300
1979-11-21,16.4500
1979-11-22,16.1900
1979-11-23,16.0800
1979-11-26,16.2800
1979-11-27,16.7120
1979-11-28,17.9700
1979-11-29,18.6600
1979-11-30,19.0000
1979-12-03,19.8800
1979-12-04,19.5150
1979-12-05,19.1000
1979-12-06,19.5800
1979-12-07,19.1050
1979-12-10,19.0090
1979-12-11,19.8500
1979-12-12,20.1400
1979-12-13,20.5180
1979-12-14,20.9000
1979-12-17,21.6000
1979-12-18,23.2060
1979-12-19,23.8700
1979-12-20,23.5000
1979-12-21,23.4400
1979-12-24,24.6000
1979-12-27,27.5100
1979-12-28,27.8500
1979-12-31,32.2000
1980-01-02,39.9500
1980-01-03,37.0000
1980-01-04,32.7500
1980-01-07,39.0000
1980-01-08,33.5200
1980-01-09,33.1500
1980-01-10,33.9550
1980-01-11,36.6100
1980-01-14,39.7500
1980-01-15,44.0000
1980-01-16,48.0120
1980-01-17,43.3500
1980-01-18,49.4500
1980-01-21,49.0000
1980-01-22,41.5500
1980-01-23,38.4780
1980-01-24,41.5000
1980-01-25,38.3000
1980-01-28,35.3000
1980-01-29,37.0000
1980-01-30,37.3500
1980-01-31,35.2800
1980-02-01,35.3140
1980-02-04,34.5000
1980-02-05,33.7550
1980-02-06,39.1200
1980-02-07,38.3000
1980-02-08,36.8000
1980-02-11,40.2500
1980-02-12,39.4900
1980-02-13,38.8600
1980-02-14,37.4330
1980-02-15,36.1080
1980-02-18,35.7500
1980-02-19,35.3500
1980-02-20,30.0000
1980-02-21,33.5000
1980-02-22,33.2000
1980-02-25,32.8000
1980-02-26,33.5000
1980-02-27,33.0000
1980-02-28,35.0100
1980-02-29,35.5200
1980-03-03,34.7500
1980-03-04,34.6400
1980-03-05,36.3100
1980-03-06,35.5380
1980-03-07,32.4500
1980-03-10,30.6180
1980-03-11,28.1500
1980-03-12,29.6500
1980-03-13,27.0000
1980-03-14,23.0100
1980-03-17,19.0100
1980-03-18,16.6000
1980-03-19,20.6500
1980-03-20,22.6000
1980-03-21,21.0300
1980-03-24,23.0500
1980-03-25,21.2550
1980-03-26,19.6500
1980-03-27,16.0000
1980-03-28,13.9900
1980-03-31,13.4940
1980-04-01,16.9900
1980-04-02,14.9900
1980-04-03,14.7500
1980-04-08,16.6200
1980-04-09,17.6000
1980-04-10,15.5400
1980-04-11,15.6200
1980-04-14,15.8400
1980-04-15,14.5510
1980-04-16,14.7500
1980-04-17,14.7500
1980-04-18,14.5790
1980-04-21,14.2000
1980-04-22,13.5600
1980-04-23,14.0000
1980-04-24,14.2510
1980-04-25,15.5200
1980-04-28,13.7500
1980-04-29,13.8700
1980-04-30,13.8340
1980-05-01,12.0000
1980-05-02,13.1000
1980-05-06,13.4000
1980-05-07,12.7000
1980-05-08,13.2300
1980-05-09,13.0100
1980-05-12,12.7400
1980-05-13,12.7600
1980-05-14,13.0650
1980-05-15,12.7720
1980-05-16,12.7950
1980-05-19,12.4000
1980-05-20,12.0000
1980-05-21,12.0010
1980-05-22,10.8900
1980-05-23,11.3740
1980-05-27,12.3000
1980-05-28,13.9800
1980-05-29,13.0700
1980-05-30,13.7000
1980-06-02,14.6500
1980-06-03,14.1670
1980-06-04,15.1500
1980-06-05,16.0000
1980-06-06,17.0250
1980-06-09,17.8500
1980-06-10,15.6000
1980-06-11,15.4600
1980-06-12,15.3000
1980-06-13,16.1500
1980-06-16,16.0000
1980-06-17,15.5000
1980-06-18,15.7870
1980-06-19,15.5000
1980-06-20,15.7100
1980-06-23,15.4650
1980-06-24,15.4700
1980-06-25,16.0700
1980-06-26,16.0990
1980-06-27,16.2600
1980-06-30,16.7500
1980-07-01,17.1010
1980-07-02,17.2940
1980-07-03,16.7670
1980-07-04,16.9000
1980-07-07,16.8000
1980-07-08,17.4600
1980-07-09,17.0040
1980-07-10,16.4900
1980-07-11,16.2000
1980-07-14,15.8990
1980-07-15,15.5000
1980-07-16,15.9500
1980-07-17,15.9870
1980-07-18,15.3610
1980-07-21,15.5650
1980-07-22,15.4530
1980-07-23,15.9600
1980-07-24,16.1730
1980-07-25,16.6500
1980-07-28,16.3700
1980-07-29,16.3700
1980-07-30,16.2800
1980-07-31,15.7800
1980-08-01,15.6100
1980-08-04,15.6750
1980-08-05,16.0700
1980-08-06,15.9000
1980-08-07,16.1500
1980-08-08,16.1620
1980-08-11,15.6600
1980-08-12,15.6500
1980-08-13,15.8000
1980-08-14,15.8310
1980-08-15,15.8600
1980-08-18,15.4810
1980-08-19,15.8120
1980-08-20,15.9310
1980-08-21,16.2250
1980-08-22,16.1900
1980-08-26,16.1000
1980-08-27,16.0650
1980-08-28,16.1600
1980-08-29,16.0600
1980-09-01,15.9900
1980-09-02,16.1860
1980-09-03,16.2050
1980-09-04,16.2820
1980-09-05,17.0290
1980-09-08,18.1000
1980-09-09,18.7500
1980-09-10,19.7180
1980-09-11,19.4200
1980-09-12,21.6500
1980-09-15,19.7260
1980-09-16,19.7800
1980-09-17,21.7500
1980-09-18,20.9300
1980-09-19,20.9500
1980-09-22,22.9200
1980-09-23,23.2500
1980-09-24,23.5400
1980-09-25,21.4000
1980-09-26,22.2400
1980-09-29,21.3100
1980-09-30,20.5010
1980-10-01,21.7520
1980-10-02,21.2000
1980-10-03,19.9100
1980-10-06,20.5000
1980-10-07,20.8500
1980-10-08,20.7000
1980-10-09,21.3720
1980-10-10,21.4700
1980-10-13,21.2600
1980-10-14,20.6670
1980-10-15,21.0300
1980-10-16,21.0000
1980-10-17,20.6000
1980-10-20,20.1500
1980-10-21,19.6900
1980-10-22,19.9000
1980-10-23,19.0000
1980-10-24,18.9300
1980-10-27,18.9000
1980-10-28,18.6400
1980-10-29,19.1250
1980-10-30,19.4530
1980-10-31,18.8750
1980-11-03,18.8300
1980-11-04,19.7530
1980-11-05,20.1000
1980-11-06,18.8500
1980-11-07,17.5000
1980-11-10,18.5510
1980-11-11,17.6000
1980-11-12,18.1300
1980-11-13,18.3200
1980-11-14,18.5390
1980-11-17,18.1470
1980-11-18,18.4050
1980-11-19,18.9000
1980-11-20,19.2940
1980-11-21,19.2600
1980-11-24,19.0050
1980-11-25,17.9400
1980-11-26,18.5690
1980-11-27,18.4500
1980-11-28,18.4220
1980-12-01,18.9020
1980-12-02,18.6200
1980-12-03,18.4700
1980-12-04,18.6220
1980-12-05,18.0500
1980-12-08,17.4290
1980-12-09,17.2000
1980-12-10,16.1150
1980-12-11,14.8790
1980-12-12,14.3000
1980-12-15,15.9980
1980-12-16,14.4500
1980-12-17,15.1100
1980-12-18,15.6000
1980-12-19,15.3000
1980-12-22,15.9100
1980-12-23,16.1480
1980-12-24,16.5000
1980-12-29,16.2080
1980-12-30,15.5900
1980-12-31,15.5000
1981-01-05,15.8000
1981-01-06,16.3030
1981-01-07,15.8000
1981-01-08,15.4000
1981-01-09,15.6300
1981-01-12,14.8190
1981-01-13,14.9620
1981-01-14,15.0000
1981-01-15,15.1480
1981-01-16,14.9000
1981-01-19,14.8590
1981-01-20,14.9700
1981-01-21,15.3530
1981-01-22,14.9600
1981-01-23,14.2100
1981-01-26,13.4000
1981-01-27,13.5250
1981-01-28,13.4750
1981-01-29,13.0500
1981-01-30,13.1500
1981-02-02,12.8550
1981-02-03,12.4700
1981-02-04,13.3300
1981-02-05,13.2020
1981-02-06,13.3500
1981-02-09,13.9000
1981-02-10,13.8650
1981-02-11,13.3480
1981-02-12,13.0100
1981-02-13,12.6850
1981-02-16,12.7290
1981-02-17,13.3010
1981-02-18,13.1690
1981-02-19,12.9900
1981-02-20,13.2490
1981-02-23,13.0000
1981-02-24,13.0190
1981-02-25,13.0000
1981-02-26,12.6100
1981-02-27,12.5300
1981-03-02,11.6000
1981-03-03,11.5700
1981-03-04,11.9700
1981-03-05,11.2600
1981-03-06,11.5500
1981-03-09,11.8030
1981-03-10,12.1350
1981-03-11,11.7500
1981-03-12,11.7400
1981-03-13,12.1430
1981-03-16,12.4700
1981-03-17,12.4200
1981-03-18,12.8550
1981-03-19,12.9800
1981-03-20,12.9010
1981-03-23,13.3120
1981-03-24,12.7000
1981-03-25,13.0800
1981-03-26,12.8850
1981-03-27,13.1500
1981-03-30,12.5260
1981-03-31,12.3300
1981-04-01,12.0300
1981-04-02,12.2000
1981-04-03,12.1800
1981-04-06,12.3300
1981-04-07,11.9600
1981-04-08,11.9600
1981-04-09,11.6150
1981-04-10,11.4000
1981-04-13,10.9500
1981-04-14,11.2800
1981-04-15,11.2200
1981-04-16,11.1100
1981-04-21,11.1300
1981-04-22,11.5500
1981-04-23,11.3500
1981-04-24,11.3950
1981-04-27,11.2310
1981-04-28,11.1790
1981-04-29,11.0310
1981-04-30,11.0650
1981-05-01,11.1300
1981-05-05,10.8800
1981-05-06,10.9890
1981-05-07,10.9100
1981-05-08,11.1050
1981-05-11,11.4200
1981-05-12,11.1000
1981-05-13,11.0170
1981-05-14,10.8690
1981-05-15,10.9050
1981-05-18,10.9450
1981-05-19,10.9370
1981-05-20,10.9500
1981-05-21,10.8320
1981-05-22,10.6510
1981-05-26,10.3350
1981-05-27,10.2400
1981-05-28,10.5610
1981-05-29,10.5850
1981-06-01,10.6730
1981-06-02,10.4800
1981-06-03,10.4990
1981-06-04,10.0300
1981-06-05,9.9940
1981-06-08,10.1010
1981-06-09,10.2500
1981-06-10,10.1990
1981-06-11,10.1500
1981-06-12,10.4700
1981-06-15,10.5400
1981-06-16,10.1500
1981-06-17,10.0600
1981-06-18,9.9750
1981-06-19,9.9100
1981-06-22,10.0720
1981-06-23,10.2420
1981-06-24,10.1100
1981-06-25,9.9010
1981-06-26,9.2000
1981-06-29,8.5860
1981-06-30,8.3000
1981-07-01,8.4500
1981-07-02,8.3110
1981-07-03,8.4410
1981-07-06,8.1990
1981-07-07,8.4730
1981-07-08,8.3270
1981-07-09,8.7100
1981-07-10,8.9200
1981-07-13,9.0200
1981-07-14,8.6800
1981-07-15,8.6800
1981-07-16,8.9850
1981-07-17,8.8800
1981-07-20,8.8750
1981-07-21,8.5420
1981-07-22,8.7000
1981-07-23,8.6150
1981-07-24,8.4600
1981-07-27,8.5100
1981-07-28,8.3450
1981-07-30,8.4120
1981-07-31,8.5100
1981-08-03,8.2400
1981-08-04,8.2600
1981-08-05,8.2800
1981-08-06,8.4210
1981-08-07,8.5120
1981-08-10,8.3450
1981-08-11,8.5520
1981-08-12,8.9800
1981-08-13,8.9100
1981-08-14,9.3100
1981-08-17,8.9700
1981-08-18,9.4250
1981-08-19,9.7200
1981-08-20,9.4790
1981-08-21,9.4850
1981-08-24,9.4900
1981-08-25,8.7000
1981-08-26,8.8200
1981-08-27,8.8850
1981-08-28,9.1540
1981-09-01,9.1500
1981-09-02,9.3970
1981-09-03,9.5920
1981-09-04,9.9500
1981-09-07,9.8500
1981-09-08,10.0280
1981-09-09,10.1900
1981-09-10,10.9230
1981-09-11,10.7830
1981-09-14,11.2430
1981-09-15,11.0300
1981-09-16,10.9050
1981-09-17,11.0500
1981-09-18,10.0600
1981-09-21,10.2590
1981-09-22,10.3200
1981-09-23,10.1720
1981-09-24,9.7850
1981-09-25,9.5400
1981-09-28,8.7690
1981-09-29,9.0200
1981-09-30,8.9500
1981-10-01,9.3200
1981-10-02,9.3320
1981-10-05,9.4450
1981-10-06,9.0390
1981-10-07,9.2800
1981-10-08,9.2300
1981-10-09,9.4920
1981-10-12,9.4830
1981-10-13,9.3020
1981-10-14,9.3250
1981-10-15,9.6910
1981-10-16,9.5010
1981-10-19,9.3630
1981-10-20,9.2300
1981-10-21,9.0950
1981-10-22,9.0900
1981-10-23,9.0800
1981-10-26,8.9500
1981-10-27,8.9330
1981-10-28,9.1510
1981-10-29,8.9310
1981-10-30,9.1200
1981-11-02,9.1680
1981-11-03,9.0090
1981-11-04,9.1480
1981-11-05,9.0690
1981-11-06,9.0460
1981-11-09,9.1110
1981-11-10,8.8900
1981-11-11,8.6250
1981-11-12,8.5780
1981-11-13,8.6700
1981-11-16,8.2900
1981-11-17,8.0400
1981-11-18,8.1700
1981-11-19,8.1960
1981-11-20,8.1900
1981-11-23,8.0300
1981-11-24,8.1080
1981-11-25,8.1700
1981-11-26,8.1960
1981-11-27,8.2320
1981-11-30,8.2660
1981-12-01,8.0680
1981-12-02,8.0900
1981-12-03,8.4870
1981-12-04,8.7500
1981-12-07,8.6820
1981-12-08,8.7800
1981-12-09,8.6350
1981-12-10,8.4800
1981-12-11,8.5030
1981-12-14,8.7000
1981-12-15,8.5200
1981-12-16,8.6980
1981-12-17,8.8250
1981-12-18,8.7700
1981-12-21,8.6400
1981-12-22,8.3380
1981-12-23,8.3000
1981-12-24,8.2930
1981-12-29,8.0500
1981-12-30,8.0520
1981-12-31,8.1540
1982-01-04,8.0620
1982-01-05,8.1550
1982-01-06,8.2620
1982-01-07,8.1050
1982-01-08,8.2200
1982-01-11,8.0050
1982-01-12,8.0850
1982-01-13,7.9210
1982-01-14,7.7200
1982-01-15,7.9220
1982-01-18,7.7900
1982-01-19,7.9010
1982-01-20,7.8160
1982-01-21,7.8580
1982-01-22,7.9150
1982-01-25,7.7280
1982-01-26,7.7910
1982-01-27,8.0400
1982-01-28,8.0180
1982-01-29,8.2800
1982-02-01,8.1200
1982-02-02,8.0500
1982-02-03,8.1580
1982-02-04,8.4100
1982-02-05,8.5160
1982-02-08,8.4800
1982-02-09,8.3800
1982-02-10,8.6600
1982-02-11,8.5600
1982-02-12,8.5180
1982-02-15,8.5130
1982-02-16,8.5670
1982-02-17,8.4400
1982-02-18,8.2530
1982-02-19,8.2900
1982-02-22,8.0830
1982-02-23,7.8400
1982-02-24,7.9600
1982-02-25,8.0330
1982-02-26,7.8400
1982-03-01,7.7410
1982-03-02,7.9270
1982-03-03,7.7800
1982-03-04,7.5280
1982-03-08,7.3400
1982-03-09,7.0050
1982-03-10,7.2050
1982-03-11,7.1950
1982-03-12,7.0400
1982-03-15,6.9600
1982-03-16,7.1500
1982-03-17,7.0790
1982-03-18,7.1300
1982-03-19,7.0000
1982-03-22,7.0650
1982-03-23,7.2110
1982-03-24,7.2850
1982-03-25,7.0600
1982-03-26,7.0590
1982-03-29,7.0100
1982-03-30,7.0830
1982-03-31,7.0600
1982-04-01,7.1100
1982-04-02,7.1100
1982-04-05,7.2800
1982-04-06,7.3760
1982-04-07,7.4750
1982-04-08,7.4100
1982-04-13,7.3900
1982-04-14,7.6080
1982-04-15,7.4850
1982-04-16,7.5150
1982-04-19,7.4750
1982-04-20,7.1910
1982-04-21,7.2020
1982-04-22,7.1800
1982-04-23,7.2050
1982-04-26,7.3910
1982-04-27,7.1690
1982-04-28,7.2120
1982-04-29,7.0150
1982-04-30,7.0600
1982-05-04,6.8980
1982-05-05,6.8200
1982-05-06,6.8000
1982-05-07,6.8600
1982-05-10,6.6970
1982-05-11,6.6760
1982-05-12,6.6900
1982-05-13,6.6500
1982-05-14,6.6500
1982-05-17,6.7600
1982-05-18,6.6930
1982-05-19,6.7600
1982-05-20,6.7100
1982-05-21,6.7000
1982-05-24,6.5680
1982-05-25,6.4860
1982-05-26,6.5980
1982-05-27,6.3950
1982-05-28,6.3560
1982-06-01,6.0960
1982-06-02,5.9700
1982-06-03,6.0650
1982-06-04,5.9240
1982-06-07,5.9200
1982-06-08,6.0850
1982-06-09,5.9180
1982-06-10,5.8820
1982-06-11,5.9470
1982-06-14,5.8150
1982-06-15,5.5100
1982-06-16,5.4450
1982-06-17,5.3180
1982-06-18,5.1400
1982-06-21,4.9010
1982-06-22,5.0060
1982-06-23,5.0450
1982-06-24,5.2250
1982-06-25,5.1230
1982-06-28,5.1000
1982-06-29,5.3600
1982-06-30,5.7300
1982-07-01,5.7120
1982-07-02,5.8750
1982-07-05,5.9650
1982-07-06,5.8600
1982-07-07,5.5310
1982-07-08,5.7350
1982-07-09,6.2370
1982-07-12,6.3060
1982-07-13,6.2400
1982-07-14,6.6200
1982-07-15,6.4820
1982-07-16,6.3850
1982-07-19,6.5520
1982-07-20,6.4150
1982-07-21,7.0480
1982-07-22,6.9650
1982-07-23,7.1450
1982-07-26,7.1200
1982-07-27,7.2100
1982-07-28,6.9900
1982-07-29,6.7000
1982-07-30,6.6350
1982-08-02,6.8880
1982-08-03,7.0850
1982-08-04,6.8100
1982-08-05,6.9350
1982-08-06,6.8200
1982-08-09,6.5750
1982-08-10,6.4880
1982-08-11,6.2400
1982-08-12,6.2470
1982-08-13,6.3820
1982-08-16,6.2800
1982-08-17,6.3420
1982-08-18,6.9600
1982-08-19,6.9620
1982-08-20,7.4520
1982-08-23,7.8500
1982-08-24,8.1530
1982-08-25,7.8580
1982-08-26,8.0700
1982-08-27,8.2500
1982-08-31,7.7300
1982-09-01,7.6900
1982-09-02,7.7400
1982-09-03,8.8000
1982-09-06,9.1500
1982-09-07,9.4530
1982-09-08,8.8800
1982-09-09,9.3290
1982-09-10,8.7520
1982-09-13,8.7800
1982-09-14,8.9530
1982-09-15,8.8770
1982-09-16,9.1600
1982-09-17,8.9800
1982-09-20,8.6800
1982-09-21,8.7130
1982-09-22,9.1010
1982-09-23,8.8900
1982-09-24,8.9110
1982-09-27,8.4850
1982-09-28,8.2630
1982-09-29,8.4400
1982-09-30,8.1930
1982-10-01,8.2320
1982-10-04,8.1280
1982-10-05,7.9750
1982-10-06,8.2240
1982-10-07,8.4680
1982-10-08,8.9050
1982-10-11,9.1000
1982-10-12,9.4400
1982-10-13,9.3650
1982-10-14,9.8020
1982-10-15,9.7300
1982-10-18,9.5820
1982-10-19,10.2400
1982-10-20,9.9150
1982-10-21,10.4630
1982-10-22,10.2600
1982-10-25,10.0720
1982-10-26,9.9500
1982-10-27,9.9000
1982-10-28,9.7600
1982-10-29,9.8700
1982-11-01,10.1800
1982-11-02,10.3500
1982-11-03,10.4500
1982-11-04,10.5800
1982-11-05,10.5820
1982-11-08,10.2250
1982-11-09,10.1420
1982-11-10,10.1750
1982-11-11,9.7600
1982-11-12,9.3700
1982-11-15,9.3510
1982-11-16,9.4800
1982-11-17,9.7300
1982-11-18,9.5880
1982-11-19,9.8300
1982-11-22,9.6300
1982-11-23,9.3000
1982-11-24,9.0140
1982-11-25,9.2300
1982-11-26,9.2170
1982-11-29,9.5320
1982-11-30,9.5400
1982-12-01,10.1400
1982-12-02,10.1310
1982-12-03,10.4250
1982-12-06,10.3650
1982-12-07,11.0600
1982-12-08,10.7820
1982-12-09,10.4520
1982-12-10,10.4350
1982-12-13,10.3000
1982-12-14,10.8220
1982-12-15,10.3180
1982-12-16,10.5000
1982-12-17,10.3000
1982-12-20,10.3760
1982-12-21,10.4900
1982-12-22,10.7100
1982-12-23,10.6280
1982-12-24,10.7500
1982-12-29,11.1100
1982-12-30,11.0550
1982-12-31,10.8700
1983-01-04,11.0650
1983-01-05,11.0990
1983-01-06,11.2910
1983-01-07,11.2300
1983-01-10,12.0200
1983-01-11,12.2220
1983-01-12,12.0950
1983-01-13,12.4350
1983-01-14,12.3000
1983-01-17,12.9730
1983-01-18,12.6900
1983-01-19,13.1080
1983-01-20,12.7980
1983-01-21,12.8300
1983-01-24,12.2000
1983-01-25,12.7730
1983-01-26,12.9900
1983-01-27,13.1720
1983-01-28,13.3500
1983-01-31,13.8200
1983-02-01,14.3020
1983-02-02,13.7150
1983-02-03,14.3600
1983-02-04,14.1520
1983-02-07,13.6900
1983-02-08,14.1000
1983-02-09,13.8300
1983-02-10,13.9000
1983-02-11,14.2620
1983-02-14,14.1720
1983-02-15,14.6680
1983-02-16,14.6020
1983-02-17,14.6630
1983-02-18,14.4500
1983-02-21,14.4600
1983-02-22,14.4070
1983-02-23,13.3050
1983-02-24,13.5350
1983-02-25,13.2550
1983-02-28,11.7000
1983-03-01,10.6800
1983-03-02,10.9970
1983-03-03,10.9420
1983-03-04,10.5960
1983-03-07,10.4780
1983-03-08,10.5980
1983-03-09,10.6000
1983-03-10,10.9800
1983-03-11,10.8700
1983-03-14,10.9430
1983-03-15,11.2500
1983-03-16,10.8300
1983-03-17,10.6420
1983-03-18,10.6150
1983-03-21,10.2400
1983-03-22,10.6000
1983-03-23,10.2350
1983-03-24,10.5750
1983-03-25,10.3900
1983-03-28,10.3120
1983-03-29,10.3750
1983-03-30,10.6520
1983-03-31,10.5000
1983-04-05,10.9750
1983-04-06,11.1800
1983-04-07,11.1420
1983-04-08,11.0200
1983-04-11,11.1110
1983-04-12,11.3500
1983-04-13,11.2210
1983-04-14,11.6380
1983-04-15,11.7480
1983-04-18,12.2950
1983-04-19,12.2640
1983-04-20,11.9100
1983-04-21,12.4220
1983-04-22,12.0190
1983-04-25,12.2720
1983-04-26,12.1980
1983-04-27,12.3100
1983-04-28,11.8050
1983-04-29,11.9570
1983-05-03,12.1170
1983-05-04,12.3480
1983-05-05,12.4420
1983-05-06,12.4020
1983-05-09,12.6100
1983-05-10,12.8830
1983-05-11,13.1650
1983-05-12,12.9000
1983-05-13,12.9000
1983-05-16,12.9660
1983-05-17,12.9640
1983-05-18,13.3600
1983-05-19,13.4100
1983-05-20,13.2900
1983-05-23,12.7290
1983-05-24,13.2400
1983-05-25,13.2750
1983-05-26,13.3520
1983-05-27,13.2250
1983-05-31,13.5450
1983-06-01,12.7450
1983-06-02,12.2500
1983-06-03,12.1950
1983-06-06,11.7250
1983-06-07,11.0900
1983-06-08,11.1000
1983-06-09,11.2500
1983-06-10,11.7330
1983-06-13,11.7280
1983-06-14,11.7120
1983-06-15,11.3980
1983-06-16,11.5500
1983-06-17,11.7200
1983-06-20,11.5600
1983-06-21,11.7400
1983-06-22,12.1570
1983-06-23,12.1000
1983-06-24,12.3050
1983-06-27,12.2620
1983-06-28,11.5880
1983-06-29,11.6300
1983-06-30,11.5980
1983-07-01,11.5650
1983-07-04,11.6450
1983-07-05,11.4800
1983-07-06,11.4200
1983-07-07,11.6100
1983-07-08,12.0330
1983-07-11,12.0800
1983-07-12,12.3820
1983-07-13,12.1500
1983-07-14,12.1900
1983-07-15,11.9680
1983-07-18,11.9500
1983-07-19,12.1330
1983-07-20,12.2580
1983-07-21,12.5470
1983-07-22,12.2800
1983-07-25,12.1050
1983-07-26,12.4310
1983-07-27,12.3600
1983-07-28,12.3500
1983-07-29,12.1450
1983-08-01,11.8050
1983-08-02,11.8700
1983-08-03,11.8450
1983-08-04,11.9300
1983-08-05,11.5850
1983-08-08,11.5750
1983-08-09,11.6230
1983-08-10,11.4800
1983-08-11,11.6300
1983-08-12,11.7240
1983-08-15,12.0050
1983-08-16,12.4200
1983-08-17,12.4800
1983-08-18,12.4470
1983-08-19,12.2220
1983-08-22,12.3800
1983-08-23,12.7670
1983-08-24,12.5250
1983-08-25,12.5070
1983-08-26,12.2100
1983-08-30,12.2680
1983-08-31,11.9900
1983-09-01,12.1600
1983-09-02,12.1900
1983-09-05,12.3400
1983-09-06,12.3800
1983-09-07,12.1480
1983-09-08,12.1750
1983-09-09,12.2450
1983-09-12,12.2700
1983-09-13,11.8500
1983-09-14,11.7450
1983-09-15,11.6300
1983-09-16,11.6820
1983-09-19,11.9410
1983-09-20,11.8750
1983-09-21,11.8770
1983-09-22,11.7850
1983-09-23,11.9400
1983-09-26,12.0750
1983-09-27,11.8750
1983-09-28,11.9050
1983-09-29,11.7120
1983-09-30,11.2400
1983-10-03,10.4000
1983-10-04,10.4220
1983-10-05,9.7400
1983-10-06,10.3500
1983-10-07,10.3230
1983-10-10,10.4340
1983-10-11,10.5620
1983-10-12,10.2020
1983-10-13,10.2530
1983-10-14,10.4320
1983-10-17,10.4000
1983-10-18,10.1150
1983-10-19,9.9000
1983-10-20,9.5100
1983-10-21,9.5270
1983-10-24,9.6200
1983-10-25,9.5800
1983-10-26,9.4820
1983-10-27,8.5880
1983-10-28,9.0020
1983-10-31,8.7400
1983-11-01,8.3700
1983-11-02,8.7600
1983-11-03,8.6950
1983-11-04,8.9050
1983-11-07,8.8200
1983-11-08,9.0330
1983-11-09,8.9450
1983-11-10,9.0100
1983-11-11,8.9150
1983-11-14,8.9550
1983-11-15,9.0630
1983-11-16,9.0400
1983-11-17,8.5850
1983-11-18,8.6100
1983-11-21,8.3900
1983-11-22,8.6120
1983-11-23,8.5520
1983-11-24,8.4750
1983-11-25,8.5550
1983-11-28,8.7100
1983-11-29,9.0200
1983-11-30,9.8100
1983-12-01,9.5800
1983-12-02,9.7320
1983-12-05,9.6680
1983-12-06,9.5020
1983-12-07,9.5660
1983-12-08,9.8110
1983-12-09,9.2500
1983-12-12,9.4700
1983-12-13,9.3800
1983-12-14,9.3330
1983-12-15,9.2800
1983-12-16,8.8480
1983-12-19,8.6430
1983-12-20,8.6450
1983-12-21,8.7850
1983-12-22,8.7430
1983-12-23,8.8350
1983-12-28,8.7920
1983-12-29,8.8050
1983-12-30,8.9100
1984-01-03,8.9600
1984-01-04,8.4800
1984-01-05,8.4360
1984-01-06,8.4130
1984-01-09,7.9000
1984-01-10,8.1100
1984-01-11,8.0200
1984-01-12,7.9700
1984-01-13,8.0900
1984-01-16,8.0570
1984-01-17,8.0170
1984-01-18,8.0130
1984-01-19,8.2440
1984-01-20,8.2950
1984-01-23,8.2580
1984-01-24,7.9770
1984-01-25,8.0790
1984-01-26,8.1320
1984-01-27,8.1250
1984-01-30,8.2850
1984-01-31,8.4300
1984-02-01,8.7020
1984-02-02,8.8300
1984-02-03,8.8700
1984-02-06,8.7320
1984-02-07,8.6350
1984-02-08,9.0330
1984-02-09,9.0500
1984-02-10,8.7320
1984-02-13,8.7020
1984-02-14,8.6450
1984-02-15,9.0070
1984-02-16,9.1530
1984-02-17,9.0400
1984-02-20,9.1330
1984-02-21,9.2600
1984-02-22,9.4220
1984-02-23,9.7500
1984-02-24,9.6240
1984-02-27,9.5250
1984-02-28,9.8650
1984-02-29,9.6400
1984-03-01,9.6250
1984-03-02,9.6670
1984-03-05,10.1100
1984-03-06,10.0350
1984-03-07,9.9330
1984-03-08,9.6600
1984-03-09,9.8720
1984-03-12,9.6920
1984-03-13,9.7490
1984-03-14,9.8720
1984-03-15,9.4180
1984-03-16,9.4270
1984-03-19,9.4600
1984-03-20,9.5340
1984-03-21,9.5550
1984-03-22,9.5250
1984-03-23,9.3900
1984-03-26,9.3950
1984-03-27,9.4970
1984-03-28,9.4200
1984-03-29,9.8050
1984-03-30,9.6500
1984-04-02,9.7420
1984-04-03,9.3550
1984-04-04,9.3600
1984-04-05,9.3700
1984-04-06,9.1050
1984-04-09,9.1900
1984-04-10,9.1620
1984-04-11,9.2920
1984-04-12,9.2400
1984-04-13,9.1300
1984-04-16,9.1450
1984-04-17,9.1750
1984-04-18,9.2070
1984-04-19,9.3250
1984-04-24,9.3480
1984-04-25,9.2450
1984-04-26,9.2200
1984-04-27,9.0920
1984-04-30,8.9620
1984-05-01,8.9280
1984-05-02,8.9600
1984-05-03,9.0520
1984-05-04,9.0480
1984-05-08,8.5850
1984-05-09,8.6500
1984-05-10,8.6050
1984-05-11,8.7500
1984-05-14,8.8300
1984-05-15,8.8350
1984-05-16,8.9400
1984-05-17,9.0600
1984-05-18,8.8950
1984-05-21,9.1520
1984-05-22,9.0880
1984-05-23,9.1050
1984-05-24,8.9200
1984-05-25,9.1600
1984-05-29,9.2020
1984-05-30,9.1600
1984-05-31,9.1200
1984-06-01,9.3630
1984-06-04,9.3750
1984-06-05,9.3470
1984-06-06,9.3020
1984-06-07,9.2250
1984-06-08,9.1210
1984-06-11,9.0080
1984-06-12,8.6730
1984-06-13,8.7050
1984-06-14,8.6950
1984-06-15,8.6500
1984-06-18,8.4400
1984-06-19,8.5650
1984-06-20,8.5680
1984-06-21,8.4800
1984-06-22,8.6470
1984-06-25,8.5220
1984-06-26,8.3650
1984-06-27,8.3550
1984-06-28,8.3600
1984-06-29,8.3920
1984-07-02,8.2950
1984-07-03,8.2100
1984-07-04,8.1560
1984-07-05,7.8080
1984-07-06,7.6000
1984-07-09,7.2440
1984-07-10,7.5400
1984-07-11,7.1990
1984-07-12,7.2620
1984-07-13,7.3800
1984-07-16,7.5950
1984-07-17,7.4580
1984-07-18,7.4300
1984-07-19,7.5660
1984-07-20,7.3900
1984-07-23,7.1960
1984-07-24,7.1530
1984-07-25,7.1980
1984-07-26,7.2430
1984-07-27,6.9850
1984-07-30,6.9180
1984-07-31,7.1100
1984-08-01,7.0150
1984-08-02,7.3450
1984-08-03,7.5400
1984-08-06,7.7000
1984-08-07,7.3550
1984-08-08,7.5380
1984-08-09,7.4800
1984-08-10,7.8850
1984-08-13,7.5860
1984-08-14,7.8710
1984-08-15,7.9210
1984-08-16,7.8920
1984-08-17,7.8510
1984-08-20,7.7850
1984-08-21,7.4830
1984-08-22,7.5000
1984-08-23,7.6500
1984-08-24,7.5900
1984-08-28,7.6100
1984-08-29,7.6100
1984-08-30,7.5650
1984-08-31,7.4450
1984-09-03,7.3150
1984-09-04,7.2090
1984-09-05,7.1100
1984-09-06,7.1780
1984-09-07,7.1600
1984-09-10,7.1580
1984-09-11,7.1900
1984-09-12,7.1870
1984-09-13,7.0850
1984-09-14,7.1770
1984-09-17,7.1010
1984-09-18,6.9790
1984-09-19,7.1250
1984-09-20,7.1200
1984-09-21,7.1420
1984-09-24,7.6520
1984-09-25,7.5250
1984-09-26,7.5820
1984-09-27,7.4400
1984-09-28,7.4350
1984-10-01,7.4530
1984-10-02,7.5070
1984-10-03,7.6100
1984-10-04,7.5800
1984-10-05,7.5730
1984-10-08,7.2800
1984-10-09,7.2400
1984-10-10,7.1050
1984-10-11,7.1150
1984-10-12,7.1260
1984-10-15,7.2150
1984-10-16,7.2660
1984-10-17,7.2780
1984-10-18,7.1550
1984-10-19,7.2100
1984-10-22,7.1830
1984-10-23,7.2550
1984-10-24,7.3250
1984-10-25,7.3050
1984-10-26,7.2620
1984-10-29,7.2050
1984-10-30,7.1950
1984-10-31,7.1950
1984-11-01,7.1760
1984-11-02,7.4150
1984-11-05,7.5040
1984-11-06,7.5730
1984-11-07,7.8500
1984-11-08,7.6900
1984-11-09,7.6150
1984-11-12,7.6700
1984-11-13,7.8280
1984-11-14,7.6570
1984-11-15,7.5950
1984-11-16,7.6080
1984-11-19,7.5320
1984-11-20,7.4800
1984-11-21,7.5120
1984-11-22,7.5760
1984-11-23,7.5230
1984-11-26,7.4500
1984-11-27,7.3750
1984-11-28,7.1280
1984-11-29,7.1230
1984-11-30,7.0510
1984-12-03,6.9980
1984-12-04,7.0680
1984-12-05,7.0960
1984-12-06,7.0760
1984-12-07,6.9870
1984-12-10,6.8500
1984-12-11,6.8330
1984-12-12,6.7890
1984-12-13,6.8200
1984-12-14,6.6750
1984-12-17,6.5650
1984-12-18,6.3200
1984-12-19,6.3880
1984-12-20,6.2200
1984-12-21,6.4100
1984-12-27,6.2800
1984-12-28,6.3850
1984-12-31,6.2880
1985-01-02,6.2500
1985-01-03,6.0170
1985-01-04,6.0870
1985-01-07,5.8300
1985-01-08,6.0750
1985-01-09,5.8780
1985-01-10,6.0900
1985-01-11,6.1100
1985-01-14,6.0040
1985-01-15,5.9890
1985-01-16,6.0150
1985-01-17,6.1800
1985-01-18,6.2590
1985-01-21,6.2060
1985-01-22,6.2500
1985-01-23,6.0450
1985-01-24,5.9900
1985-01-25,5.9460
1985-01-28,5.9460
1985-01-29,6.2390
1985-01-30,6.1670
1985-01-31,6.3300
1985-02-01,6.2950
1985-02-04,6.1390
1985-02-05,6.1450
1985-02-06,6.2000
1985-02-07,6.1510
1985-02-08,6.1350
1985-02-11,6.0800
1985-02-12,6.2170
1985-02-13,6.2060
1985-02-14,6.2970
1985-02-15,6.3200
1985-02-18,6.2700
1985-02-19,6.2180
1985-02-20,6.2300
1985-02-21,6.1660
1985-02-22,6.0000
1985-02-25,5.4500
1985-02-26,5.5800
1985-02-27,5.7710
1985-02-28,5.7150
1985-03-01,5.6050
1985-03-04,5.6400
1985-03-05,5.6610
1985-03-06,5.6220
1985-03-07,5.6800
1985-03-08,5.6750
1985-03-11,5.6430
1985-03-12,5.5160
1985-03-13,5.5700
1985-03-14,5.6570
1985-03-15,5.6350
1985-03-18,5.7100
1985-03-19,6.0420
1985-03-20,6.4600
1985-03-21,6.1090
1985-03-22,6.3900
1985-03-25,6.3050
1985-03-26,6.2650
1985-03-27,6.5890
1985-03-28,6.5650
1985-03-29,6.6600
1985-04-01,6.5200
1985-04-02,6.4200
1985-04-03,6.4970
1985-04-04,6.3900
1985-04-09,6.6280
1985-04-10,6.6350
1985-04-11,6.6780
1985-04-12,6.6650
1985-04-15,6.7500
1985-04-16,6.6350
1985-04-17,6.4510
1985-04-18,6.4380
1985-04-19,6.4020
1985-04-22,6.4410
1985-04-23,6.3560
1985-04-24,6.1240
1985-04-25,6.1850
1985-04-26,6.2400
1985-04-29,6.2420
1985-04-30,6.3220
1985-05-01,6.1500
1985-05-02,6.1500
1985-05-03,6.1600
1985-05-07,6.1450
1985-05-08,6.2510
1985-05-09,6.3500
1985-05-10,6.2920
1985-05-13,6.3550
1985-05-14,6.5350
1985-05-15,6.4910
1985-05-16,6.4850
1985-05-17,6.4500
1985-05-20,6.5580
1985-05-21,6.2150
1985-05-22,6.2000
1985-05-23,6.1550
1985-05-24,6.1470
1985-05-28,6.1000
1985-05-29,6.0010
1985-05-30,6.1590
1985-05-31,6.0850
1985-06-03,6.2090
1985-06-04,6.1080
1985-06-05,6.0600
1985-06-06,6.1190
1985-06-07,6.1030
1985-06-10,6.0840
1985-06-11,6.1380
1985-06-12,6.1430
1985-06-13,6.1600
1985-06-14,6.2370
1985-06-17,6.2100
1985-06-18,6.3040
1985-06-19,6.4200
1985-06-20,6.2890
1985-06-21,6.1130
1985-06-24,6.1090
1985-06-25,6.1480
1985-06-26,6.1200
1985-06-27,6.1300
1985-06-28,6.1100
1985-07-01,6.0950
1985-07-02,5.9390
1985-07-03,5.8880
1985-07-04,5.9200
1985-07-05,5.9070
1985-07-08,5.9310
1985-07-09,6.0460
1985-07-10,6.0450
1985-07-11,5.9850
1985-07-12,6.0400
1985-07-15,6.0800
1985-07-16,6.1000
1985-07-17,6.2450
1985-07-18,6.2080
1985-07-19,6.1230
1985-07-22,6.1250
1985-07-23,6.1580
1985-07-24,6.0920
1985-07-25,6.0980
1985-07-26,6.0750
1985-07-29,6.2340
1985-07-30,6.2550
1985-07-31,6.3350
1985-08-01,6.2500
1985-08-02,6.1300
1985-08-05,6.1820
1985-08-06,6.1380
1985-08-07,6.1100
1985-08-08,6.1460
1985-08-09,6.1250
1985-08-12,6.2700
1985-08-13,6.3300
1985-08-14,6.2600
1985-08-15,6.3030
1985-08-16,6.3480
1985-08-19,6.3870
1985-08-20,6.2600
1985-08-21,6.2450
1985-08-22,6.3000
1985-08-23,6.2150
1985-08-27,6.3040
1985-08-28,6.3980
1985-08-29,6.3000
1985-08-30,6.2470
1985-09-02,6.2230
1985-09-03,6.1930
1985-09-04,6.0980
1985-09-05,6.0800
1985-09-06,6.0020
1985-09-09,6.0600
1985-09-10,6.0290
1985-09-11,6.0450
1985-09-12,5.9750
1985-09-13,6.0530
1985-09-16,5.9970
1985-09-17,6.0070
1985-09-18,5.8860
1985-09-19,5.9320
1985-09-20,6.0000
1985-09-23,6.1650
1985-09-24,6.1730
1985-09-25,6.1400
1985-09-26,6.1570
1985-09-27,6.0620
1985-09-30,6.0540
1985-10-01,6.0000
1985-10-02,6.0370
1985-10-03,6.0870
1985-10-04,6.3600
1985-10-07,6.2500
1985-10-08,6.2600
1985-10-09,6.2830
1985-10-10,6.2300
1985-10-11,6.2220
1985-10-14,6.2220
1985-10-15,6.2570
1985-10-16,6.2250
1985-10-17,6.1260
1985-10-18,6.1570
1985-10-21,6.1640
1985-10-22,6.1300
1985-10-23,6.2050
1985-10-24,6.1720
1985-10-25,6.1620
1985-10-28,6.1550
1985-10-29,6.1750
1985-10-30,6.1350
1985-10-31,6.1450
1985-11-01,6.0680
1985-11-04,6.0790
1985-11-05,6.0710
1985-11-06,6.0750
1985-11-07,6.0600
1985-11-08,6.0400
1985-11-11,6.0780
1985-11-12,6.0830
1985-11-13,6.1250
1985-11-14,6.1500
1985-11-15,6.1150
1985-11-18,6.0900
1985-11-19,6.0910
1985-11-20,6.1740
1985-11-21,6.1700
1985-11-22,6.1530
1985-11-25,6.2500
1985-11-26,6.2460
1985-11-27,6.2130
1985-11-28,6.1350
1985-11-29,6.1500
1985-12-02,6.1020
1985-12-03,6.0750
1985-12-04,6.0800
1985-12-05,6.0580
1985-12-06,6.0560
1985-12-09,5.9850
1985-12-10,5.8100
1985-12-11,5.7950
1985-12-12,5.7750
1985-12-13,5.8740
1985-12-16,5.8430
1985-12-17,5.9030
1985-12-18,5.7600
1985-12-19,5.8200
1985-12-20,5.8280
1985-12-23,5.8580
1985-12-24,5.7800
1985-12-27,5.7780
1985-12-30,5.8670
1985-12-31,5.8000
1986-01-02,5.8100
1986-01-03,5.7450
1986-01-06,5.7900
1986-01-07,5.8450
1986-01-08,5.8950
1986-01-09,5.9070
1986-01-10,6.1100
1986-01-13,6.0570
1986-01-14,6.0070
1986-01-15,6.1020
1986-01-16,6.3100
1986-01-17,6.1880
1986-01-20,6.0950
1986-01-21,6.1940
1986-01-22,6.1420
1986-01-23,6.1100
1986-01-24,6.1980
1986-01-27,6.2550
1986-01-28,6.1400
1986-01-29,6.1460
1986-01-30,6.1700
1986-01-31,6.1030
1986-02-03,6.0350
1986-02-04,5.8550
1986-02-05,5.8800
1986-02-06,5.9000
1986-02-07,5.8780
1986-02-10,5.9340
1986-02-11,5.8540
1986-02-12,5.9010
1986-02-13,5.8550
1986-02-14,5.7900
1986-02-17,5.8600
1986-02-18,5.8710
1986-02-19,5.9860
1986-02-20,5.9030
1986-02-21,5.8800
1986-02-24,5.9100
1986-02-25,6.0460
1986-02-26,5.8860
1986-02-27,5.6900
1986-02-28,5.6670
1986-03-03,5.6500
1986-03-04,5.5670
1986-03-05,5.6980
1986-03-06,5.5850
1986-03-07,5.6070
1986-03-10,5.5490
1986-03-11,5.6100
1986-03-12,5.6700
1986-03-13,5.7890
1986-03-14,5.7060
1986-03-17,5.6590
1986-03-18,5.7520
1986-03-19,5.6910
1986-03-20,5.7130
1986-03-21,5.7430
1986-03-24,5.7010
1986-03-25,5.7270
1986-03-26,5.5700
1986-03-27,5.6180
1986-04-01,5.1850
1986-04-02,5.1020
1986-04-03,5.1750
1986-04-04,5.1080
1986-04-07,5.2440
1986-04-08,5.3300
1986-04-09,5.3260
1986-04-10,5.3210
1986-04-11,5.4100
1986-04-14,5.4770
1986-04-15,5.3700
1986-04-16,5.3760
1986-04-17,5.4000
1986-04-18,5.2100
1986-04-21,5.1610
1986-04-22,5.1250
1986-04-23,5.1210
1986-04-24,5.1060
1986-04-25,5.0720
1986-04-28,5.0960
1986-04-29,5.0250
1986-04-30,5.1080
1986-05-01,5.1100
1986-05-02,5.1220
1986-05-06,5.1450
1986-05-07,5.1610
1986-05-08,5.2300
1986-05-09,5.2120
1986-05-12,5.2210
1986-05-13,5.1580
1986-05-14,5.0840
1986-05-15,5.0600
1986-05-16,5.0620
1986-05-19,5.0500
1986-05-20,4.8530
1986-05-21,4.9210
1986-05-22,4.9290
1986-05-23,5.0020
1986-05-27,5.0920
1986-05-28,5.1150
1986-05-29,5.0900
1986-05-30,5.2050
1986-06-02,5.2050
1986-06-03,5.1240
1986-06-04,5.1020
1986-06-05,5.1470
1986-06-06,5.1450
1986-06-09,5.1460
1986-06-10,5.2880
1986-06-11,5.3280
1986-06-12,5.4250
1986-06-13,5.2980
1986-06-16,5.2560
1986-06-17,5.0750
1986-06-18,5.0910
1986-06-19,5.0660
1986-06-20,5.0990
1986-06-23,5.1050
1986-06-24,5.0570
1986-06-25,5.1110
1986-06-26,5.0750
1986-06-27,5.0400
1986-06-30,5.0450
1986-07-01,5.0950
1986-07-02,5.1050
1986-07-03,5.0660
1986-07-04,5.0530
1986-07-07,5.0580
1986-07-08,5.1030
1986-07-09,5.1100
1986-07-10,5.0610
1986-07-11,5.0630
1986-07-14,5.0370
1986-07-15,5.0300
1986-07-16,5.0850
1986-07-17,5.0320
1986-07-18,5.0330
1986-07-21,5.0290
1986-07-22,5.0250
1986-07-23,4.9670
1986-07-24,5.0050
1986-07-25,5.0100
1986-07-28,5.0160
1986-07-29,5.0130
1986-07-30,4.9780
1986-07-31,5.0450
1986-08-01,5.0500
1986-08-04,5.1370
1986-08-05,5.1410
1986-08-06,5.1830
1986-08-07,5.1700
1986-08-08,5.1990
1986-08-11,5.4910
1986-08-12,5.4250
1986-08-13,5.4350
1986-08-14,5.2800
1986-08-15,5.3400
1986-08-18,5.2050
1986-08-19,5.0800
1986-08-20,5.1510
1986-08-21,5.1500
1986-08-22,5.2560
1986-08-26,5.1230
1986-08-27,5.1030
1986-08-28,5.1450
1986-08-29,5.1700
1986-09-01,5.2050
1986-09-02,5.2050
1986-09-03,5.4100
1986-09-04,5.2960
1986-09-05,5.4650
1986-09-08,5.5360
1986-09-09,5.6700
1986-09-10,5.7800
1986-09-11,5.6500
1986-09-12,5.7760
1986-09-15,5.8000
1986-09-16,5.8330
1986-09-17,5.8000
1986-09-18,5.7580
1986-09-19,5.8900
1986-09-22,6.0300
1986-09-23,5.9500
1986-09-24,5.9480
1986-09-25,5.9030
1986-09-26,5.7600
1986-09-29,5.6390
1986-09-30,5.5200
1986-10-01,5.5710
1986-10-02,5.5600
1986-10-03,5.7650
1986-10-06,5.7400
1986-10-07,5.7300
1986-10-08,5.6830
1986-10-09,5.7200
1986-10-10,5.6040
1986-10-13,5.6530
1986-10-14,5.6400
1986-10-15,5.5800
1986-10-16,5.5690
1986-10-17,5.5050
1986-10-20,5.5500
1986-10-21,5.7880
1986-10-22,5.8190
1986-10-23,5.7900
1986-10-24,5.6210
1986-10-27,5.6330
1986-10-28,5.6580
1986-10-29,5.5950
1986-10-30,5.5970
1986-10-31,5.6070
1986-11-03,5.6250
1986-11-04,5.7320
1986-11-05,5.7350
1986-11-06,5.6130
1986-11-07,5.7070
1986-11-10,5.7860
1986-11-11,5.7380
1986-11-12,5.7450
1986-11-13,5.7800
1986-11-14,5.8380
1986-11-17,5.6570
1986-11-18,5.5700
1986-11-19,5.5530
1986-11-20,5.4590
1986-11-21,5.4450
1986-11-24,5.2600
1986-11-25,5.2450
1986-11-26,5.2800
1986-11-27,5.2650
1986-11-28,5.3830
1986-12-01,5.4950
1986-12-02,5.4330
1986-12-03,5.3130
1986-12-04,5.3800
1986-12-05,5.3500
1986-12-08,5.3730
1986-12-09,5.3510
1986-12-10,5.3200
1986-12-11,5.3530
1986-12-12,5.3730
1986-12-15,5.4460
1986-12-16,5.4350
1986-12-17,5.3700
1986-12-18,5.3630
1986-12-19,5.3750
1986-12-22,5.4080
1986-12-23,5.3700
1986-12-24,5.3010
1986-12-29,5.3180
1986-12-30,5.2750
1986-12-31,5.2820
1987-01-02,5.3630
1987-01-05,5.3680
1987-01-06,5.4000
1987-01-07,5.3600
1987-01-08,5.4160
1987-01-09,5.3880
1987-01-12,5.5080
1987-01-13,5.5430
1987-01-14,5.5790
1987-01-15,5.5670
1987-01-16,5.5620
1987-01-19,5.6500
1987-01-20,5.5980
1987-01-21,5.4750
1987-01-22,5.5410
1987-01-23,5.5150
1987-01-26,5.5510
1987-01-27,5.6250
1987-01-28,5.7300
1987-01-29,5.6070
1987-01-30,5.5500
1987-02-02,5.5290
1987-02-03,5.4850
1987-02-04,5.5030
1987-02-05,5.4950
1987-02-06,5.5640
1987-02-09,5.5300
1987-02-10,5.5400
1987-02-11,5.5430
1987-02-12,5.5110
1987-02-13,5.4280
1987-02-16,5.4510
1987-02-17,5.4510
1987-02-18,5.3900
1987-02-19,5.3980
1987-02-20,5.4400
1987-02-23,5.4780
1987-02-24,5.4500
1987-02-25,5.5030
1987-02-26,5.4730
1987-02-27,5.4680
1987-03-02,5.4290
1987-03-03,5.4430
1987-03-04,5.4750
1987-03-05,5.5080
1987-03-06,5.5330
1987-03-09,5.5500
1987-03-10,5.5250
1987-03-11,5.5460
1987-03-12,5.5650
1987-03-13,5.6600
1987-03-16,5.5600
1987-03-17,5.5920
1987-03-18,5.5760
1987-03-19,5.5650
1987-03-20,5.5550
1987-03-23,5.5630
1987-03-24,5.7120
1987-03-25,5.9130
1987-03-26,5.8410
1987-03-27,5.9600
1987-03-30,6.2290
1987-03-31,6.3050
1987-04-01,6.2560
1987-04-02,6.2990
1987-04-03,6.3530
1987-04-06,6.4990
1987-04-07,6.7450
1987-04-08,6.6890
1987-04-09,6.6530
1987-04-10,6.9000
1987-04-13,6.8900
1987-04-14,6.8700
1987-04-15,7.2420
1987-04-16,7.1900
1987-04-21,7.8430
1987-04-22,7.8410
1987-04-23,8.3020
1987-04-24,9.1380
1987-04-27,10.9250
1987-04-28,8.4450
1987-04-29,8.2520
1987-04-30,8.1250
1987-05-01,7.9350
1987-05-05,8.9500
1987-05-06,8.1930
1987-05-07,8.0950
1987-05-08,8.1900
1987-05-11,8.2950
1987-05-12,8.6900
1987-05-13,8.6950
1987-05-14,8.6500
1987-05-15,8.8640
1987-05-18,9.4430
1987-05-19,9.0800
1987-05-20,9.3800
1987-05-21,8.9750
1987-05-22,8.9930
1987-05-26,8.0270
1987-05-27,7.2960
1987-05-28,7.4850
1987-05-29,7.6850
1987-06-01,7.3390
1987-06-02,7.5750
1987-06-03,7.6710
1987-06-04,7.6300
1987-06-05,7.8800
1987-06-08,7.8600
1987-06-09,7.7150
1987-06-10,7.9300
1987-06-11,7.7900
1987-06-12,7.9080
1987-06-15,7.4990
1987-06-16,7.6690
1987-06-17,7.4750
1987-06-18,7.4900
1987-06-19,7.5020
1987-06-22,7.0000
1987-06-23,6.7600
1987-06-24,6.9500
1987-06-25,6.8310
1987-06-26,6.8100
1987-06-29,6.9530
1987-06-30,7.1420
1987-07-01,7.3000
1987-07-02,7.3800
1987-07-03,7.2410
1987-07-06,7.2030
1987-07-07,7.4700
1987-07-08,7.3600
1987-07-09,7.6320
1987-07-10,7.6550
1987-07-13,7.5550
1987-07-14,7.6960
1987-07-15,7.6450
1987-07-16,7.7880
1987-07-17,7.7100
1987-07-20,7.5260
1987-07-21,7.6700
1987-07-22,7.7250
1987-07-23,7.7450
1987-07-24,7.6830
1987-07-27,7.6840
1987-07-28,7.7350
1987-07-29,8.0260
1987-07-30,8.0050
1987-07-31,8.3200
1987-08-03,8.6000
1987-08-04,8.7300
1987-08-05,8.4300
1987-08-06,8.2930
1987-08-07,7.9850
1987-08-10,7.7340
1987-08-11,7.8150
1987-08-12,7.7600
1987-08-13,7.8600
1987-08-14,7.6280
1987-08-17,7.5300
1987-08-18,7.6200
1987-08-19,7.6610
1987-08-20,7.7580
1987-08-21,7.6150
1987-08-24,7.6150
1987-08-25,7.7500
1987-08-26,7.7000
1987-08-27,7.7280
1987-08-28,7.5470
1987-09-01,7.4500
1987-09-02,7.6000
1987-09-03,7.6600
1987-09-04,7.6800
1987-09-07,7.6880
1987-09-08,7.6420
1987-09-09,7.5170
1987-09-10,7.5950
1987-09-11,7.8210
1987-09-14,7.5550
1987-09-15,7.7100
1987-09-16,7.6210
1987-09-17,7.5090
1987-09-18,7.6310
1987-09-21,7.3600
1987-09-22,7.6580
1987-09-23,7.5420
1987-09-24,7.6360
1987-09-25,7.5700
1987-09-28,7.6300
1987-09-29,7.5500
1987-09-30,7.6430
1987-10-01,7.5500
1987-10-02,7.5340
1987-10-05,7.5680
1987-10-06,7.6200
1987-10-07,7.6530
1987-10-08,7.6540
1987-10-09,7.8200
1987-10-12,7.8320
1987-10-13,7.7300
1987-10-14,7.7020
1987-10-15,7.8150
1987-10-19,8.3080
1987-10-20,7.8350
1987-10-21,7.5040
1987-10-22,7.5020
1987-10-23,7.5260
1987-10-26,7.5740
1987-10-27,7.3500
1987-10-28,7.4560
1987-10-29,7.1400
1987-10-30,6.8800
1987-11-02,7.0000
1987-11-03,6.9550
1987-11-04,6.7400
1987-11-05,6.2850
1987-11-06,6.3730
1987-11-09,6.6610
1987-11-10,6.4110
1987-11-11,6.4900
1987-11-12,6.6410
1987-11-13,6.7100
1987-11-16,6.5580
1987-11-17,6.7260
1987-11-18,6.6630
1987-11-19,6.6450
1987-11-20,6.6000
1987-11-23,6.6340
1987-11-24,6.9230
1987-11-25,6.8850
1987-11-26,6.9500
1987-11-27,7.0040
1987-11-30,7.2540
1987-12-01,6.9900
1987-12-02,6.9330
1987-12-03,6.9550
1987-12-04,6.8370
1987-12-07,6.6300
1987-12-08,6.7050
1987-12-09,6.7600
1987-12-10,6.7250
1987-12-11,7.0100
1987-12-14,7.0400
1987-12-15,6.9100
1987-12-16,6.7150
1987-12-17,6.7710
1987-12-18,6.7940
1987-12-21,6.7730
1987-12-22,6.7830
1987-12-23,6.7610
1987-12-24,6.7300
1987-12-29,6.8100
1987-12-30,6.7000
1987-12-31,6.7020
1988-01-04,6.6350
1988-01-05,6.5000
1988-01-06,6.7500
1988-01-07,6.9980
1988-01-08,6.8500
1988-01-11,6.9900
1988-01-12,6.8570
1988-01-13,6.7640
1988-01-14,6.7850
1988-01-15,6.8210
1988-01-18,6.7000
1988-01-19,6.7010
1988-01-20,6.7300
1988-01-21,6.6730
1988-01-22,6.7070
1988-01-25,6.7520
1988-01-26,6.6230
1988-01-27,6.6140
1988-01-28,6.6350
1988-01-29,6.5500
1988-02-01,6.5350
1988-02-02,6.6150
1988-02-03,6.4060
1988-02-04,6.3440
1988-02-05,6.3880
1988-02-08,6.3250
1988-02-09,6.2930
1988-02-10,6.3230
1988-02-11,6.2700
1988-02-12,6.2830
1988-02-15,6.3500
1988-02-16,6.3500
1988-02-17,6.3600
1988-02-18,6.4340
1988-02-19,6.3510
1988-02-22,6.3850
1988-02-23,6.3750
1988-02-24,6.2440
1988-02-25,6.2010
1988-02-26,6.2050
1988-02-29,6.1380
1988-03-01,6.2080
1988-03-02,6.2410
1988-03-03,6.2000
1988-03-04,6.2670
1988-03-07,6.3600
1988-03-08,6.3790
1988-03-09,6.2930
1988-03-10,6.3880
1988-03-11,6.3300
1988-03-14,6.2300
1988-03-15,6.2680
1988-03-16,6.3690
1988-03-17,6.3090
1988-03-18,6.3190
1988-03-21,6.3630
1988-03-22,6.4330
1988-03-23,6.4760
1988-03-24,6.6700
1988-03-25,6.6180
1988-03-28,6.6500
1988-03-29,6.6390
1988-03-30,6.6900
1988-03-31,6.7520
1988-04-05,6.7300
1988-04-06,6.6030
1988-04-07,6.4600
1988-04-08,6.4150
1988-04-11,6.4050
1988-04-12,6.4400
1988-04-13,6.3730
1988-04-14,6.3560
1988-04-15,6.4600
1988-04-18,6.4950
1988-04-19,6.4200
1988-04-20,6.4720
1988-04-21,6.4290
1988-04-22,6.4120
1988-04-25,6.4100
1988-04-26,6.3830
1988-04-27,6.3700
1988-04-28,6.4950
1988-04-29,6.4630
1988-05-03,6.3580
1988-05-04,6.3180
1988-05-05,6.3530
1988-05-06,6.3650
1988-05-09,6.3750
1988-05-10,6.4500
1988-05-11,6.5430
1988-05-12,6.5300
1988-05-13,6.5500
1988-05-16,6.6650
1988-05-17,6.5850
1988-05-18,6.5600
1988-05-19,6.7250
1988-05-20,6.6200
1988-05-23,6.7600
1988-05-24,6.6940
1988-05-25,6.6400
1988-05-26,6.5700
1988-05-27,6.5850
1988-05-31,6.6000
1988-06-01,6.7090
1988-06-02,6.7600
1988-06-03,7.2200
1988-06-06,7.2330
1988-06-07,7.2800
1988-06-08,7.1910
1988-06-09,6.9830
1988-06-10,7.1300
1988-06-13,6.9800
1988-06-14,6.9800
1988-06-15,7.0280
1988-06-16,7.1610
1988-06-17,7.1140
1988-06-20,7.2250
1988-06-21,7.1850
1988-06-22,7.0990
1988-06-23,6.9940
1988-06-24,6.9140
1988-06-27,6.8430
1988-06-28,6.9630
1988-06-29,6.7090
1988-06-30,6.6500
1988-07-01,6.6860
1988-07-04,6.7130
1988-07-05,6.7250
1988-07-06,6.7750
1988-07-07,6.9450
1988-07-08,6.9460
1988-07-11,7.0950
1988-07-12,6.8900
1988-07-13,6.9700
1988-07-14,7.2420
1988-07-15,7.3230
1988-07-18,7.2400
1988-07-19,7.1510
1988-07-20,7.8220
1988-07-21,7.7600
1988-07-22,7.7080
1988-07-25,7.5810
1988-07-26,6.9870
1988-07-27,6.9280
1988-07-28,6.7780
1988-07-29,6.8000
1988-08-01,6.8630
1988-08-02,6.8230
1988-08-03,6.7600
1988-08-04,6.8520
1988-08-05,6.8350
1988-08-08,6.7980
1988-08-09,6.6990
1988-08-10,6.6020
1988-08-11,6.6980
1988-08-12,6.7170
1988-08-15,6.6950
1988-08-16,6.7530
1988-08-17,6.6200
1988-08-18,6.6490
1988-08-19,6.6750
1988-08-22,6.6200
1988-08-23,6.7370
1988-08-24,6.7280
1988-08-25,6.7790
1988-08-26,6.7050
1988-08-30,6.5100
1988-08-31,6.4590
1988-09-01,6.5480
1988-09-02,6.5690
1988-09-05,6.4900
1988-09-06,6.5380
1988-09-07,6.5090
1988-09-08,6.5700
1988-09-09,6.6330
1988-09-12,6.4220
1988-09-13,6.4430
1988-09-14,6.5100
1988-09-15,6.4880
1988-09-16,6.4330
1988-09-19,6.2900
1988-09-20,6.3460
1988-09-21,6.1890
1988-09-22,6.1670
1988-09-23,6.2380
1988-09-26,6.0990
1988-09-27,6.1450
1988-09-28,6.1750
1988-09-29,6.2130
1988-09-30,6.1690
1988-10-03,6.1240
1988-10-04,6.2070
1988-10-05,6.2230
1988-10-06,6.3230
1988-10-07,6.3100
1988-10-10,6.3490
1988-10-11,6.3350
1988-10-12,6.2550
1988-10-13,6.3330
1988-10-14,6.2790
1988-10-17,6.3430
1988-10-18,6.4140
1988-10-19,6.3220
1988-10-20,6.3400
1988-10-21,6.3400
1988-10-24,6.2200
1988-10-25,6.2350
1988-10-26,6.2500
1988-10-27,6.2300
1988-10-28,6.2140
1988-10-31,6.3080
1988-11-01,6.2750
1988-11-02,6.3480
1988-11-03,6.5030
1988-11-04,6.4010
1988-11-07,6.4250
1988-11-08,6.4790
1988-11-09,6.4080
1988-11-10,6.5180
1988-11-11,6.4390
1988-11-14,6.3850
1988-11-15,6.4300
1988-11-16,6.3800
1988-11-17,6.3260
1988-11-18,6.2080
1988-11-21,6.1390
1988-11-22,6.0650
1988-11-23,6.1050
1988-11-24,6.1400
1988-11-25,6.1370
1988-11-28,6.1650
1988-11-29,6.1370
1988-11-30,6.0690
1988-12-01,6.1630
1988-12-02,6.1080
1988-12-05,6.1890
1988-12-06,6.1540
1988-12-07,6.1060
1988-12-08,6.1730
1988-12-09,6.1220
1988-12-12,6.1410
1988-12-13,6.1410
1988-12-14,6.1350
1988-12-15,6.1930
1988-12-16,6.0800
1988-12-19,6.0910
1988-12-20,6.0810
1988-12-21,6.1160
1988-12-22,6.1100
1988-12-23,6.1230
1988-12-28,6.0940
1988-12-29,6.0700
1988-12-30,6.0500
1989-01-03,6.0700
1989-01-04,6.0280
1989-01-05,5.9580
1989-01-06,5.9730
1989-01-09,5.9300
1989-01-10,5.9600
1989-01-11,5.9090
1989-01-12,5.9560
1989-01-13,5.9120
1989-01-16,5.8740
1989-01-17,5.9060
1989-01-18,5.9350
1989-01-19,5.9230
1989-01-20,5.9900
1989-01-23,6.1630
1989-01-24,6.2100
1989-01-25,6.1200
1989-01-26,6.1900
1989-01-27,6.0820
1989-01-30,5.8660
1989-01-31,5.8480
1989-02-01,5.8210
1989-02-02,5.8240
1989-02-03,5.8130
1989-02-06,5.8190
1989-02-07,5.9020
1989-02-08,5.8780
1989-02-09,5.9340
1989-02-10,5.9000
1989-02-13,5.7900
1989-02-14,5.8300
1989-02-15,5.7980
1989-02-16,5.8830
1989-02-17,5.8340
1989-02-20,5.9280
1989-02-21,5.9310
1989-02-22,5.9470
1989-02-23,5.9730
1989-02-24,5.9430
1989-02-27,5.9530
1989-02-28,5.8580
1989-03-01,5.8380
1989-03-02,5.7580
1989-03-03,5.8080
1989-03-06,5.8280
1989-03-07,5.7990
1989-03-08,5.8950
1989-03-09,5.8690
1989-03-10,6.0380
1989-03-13,6.0400
1989-03-14,6.0600
1989-03-15,6.1330
1989-03-16,6.0620
1989-03-17,6.0530
1989-03-20,6.1520
1989-03-21,6.0810
1989-03-22,6.0570
1989-03-23,6.0930
1989-03-28,5.9690
1989-03-29,5.8260
1989-03-30,5.8160
1989-03-31,5.7660
1989-04-03,5.7910
1989-04-04,5.8270
1989-04-05,5.8030
1989-04-06,5.8100
1989-04-07,5.8130
1989-04-10,5.7580
1989-04-11,5.8240
1989-04-12,5.8200
1989-04-13,5.8780
1989-04-14,5.8630
1989-04-17,5.7980
1989-04-18,5.8150
1989-04-19,5.7630
1989-04-20,5.7750
1989-04-21,5.7800
1989-04-24,5.7600
1989-04-25,5.8130
1989-04-26,5.7780
1989-04-27,5.7630
1989-04-28,5.6390
1989-05-02,5.6500
1989-05-03,5.6380
1989-05-04,5.6330
1989-05-05,5.6180
1989-05-08,5.6010
1989-05-09,5.5940
1989-05-10,5.6700
1989-05-11,5.6400
1989-05-12,5.6590
1989-05-15,5.5040
1989-05-16,5.5080
1989-05-17,5.5030
1989-05-18,5.4280
1989-05-19,5.3670
1989-05-22,5.0860
1989-05-23,5.1000
1989-05-24,5.1690
1989-05-25,5.2110
1989-05-26,5.3300
1989-05-30,5.2190
1989-05-31,5.2200
1989-06-01,5.1590
1989-06-02,5.2200
1989-06-05,5.3110
1989-06-06,5.2390
1989-06-07,5.4030
1989-06-08,5.4230
1989-06-09,5.3930
1989-06-12,5.1920
1989-06-13,5.2230
1989-06-14,5.2330
1989-06-15,5.2050
1989-06-16,5.3090
1989-06-19,5.3240
1989-06-20,5.3400
1989-06-21,5.2400
1989-06-22,5.3270
1989-06-23,5.3070
1989-06-26,5.3130
1989-06-27,5.2880
1989-06-28,5.3000
1989-06-29,5.2780
1989-06-30,5.1740
1989-07-03,5.1930
1989-07-04,5.2310
1989-07-05,5.2600
1989-07-06,5.3600
1989-07-07,5.3430
1989-07-10,5.2600
1989-07-11,5.2250
1989-07-12,5.2500
1989-07-13,5.2010
1989-07-14,5.1800
1989-07-17,5.2300
1989-07-18,5.2450
1989-07-19,5.2240
1989-07-20,5.1800
1989-07-21,5.2290
1989-07-24,5.2060
1989-07-25,5.2140
1989-07-26,5.2090
1989-07-27,5.2340
1989-07-28,5.2050
1989-07-31,5.1460
1989-08-01,5.2480
1989-08-02,5.2420
1989-08-03,5.2180
1989-08-04,5.2910
1989-08-07,5.1630
1989-08-08,5.1630
1989-08-09,5.1590
1989-08-10,5.1700
1989-08-11,5.1310
1989-08-14,5.1690
1989-08-15,5.1910
1989-08-16,5.2400
1989-08-17,5.1800
1989-08-18,5.2370
1989-08-21,5.2140
1989-08-22,5.2230
1989-08-23,5.2280
1989-08-24,5.1700
1989-08-25,5.1230
1989-08-29,5.1180
1989-08-30,5.1280
1989-08-31,5.0690
1989-09-01,5.0500
1989-09-04,5.0680
1989-09-05,5.0610
1989-09-06,5.0930
1989-09-07,5.1000
1989-09-08,5.1190
1989-09-11,5.0700
1989-09-12,5.0820
1989-09-13,5.0790
1989-09-14,5.0880
1989-09-15,5.0630
1989-09-18,5.0680
1989-09-19,5.0680
1989-09-20,5.0710
1989-09-21,5.1130
1989-09-22,5.2150
1989-09-25,5.3150
1989-09-26,5.2630
1989-09-27,5.2930
1989-09-28,5.2560
1989-09-29,5.2800
1989-10-02,5.2280
1989-10-03,5.2250
1989-10-04,5.2280
1989-10-05,5.2530
1989-10-06,5.1500
1989-10-09,5.1300
1989-10-10,5.0710
1989-10-11,5.0450
1989-10-12,5.0920
1989-10-13,5.0810
1989-10-16,5.1690
1989-10-17,5.0880
1989-10-18,5.1280
1989-10-19,5.1290
1989-10-20,5.0890
1989-10-23,5.0820
1989-10-24,5.0970
1989-10-25,5.1330
1989-10-26,5.1210
1989-10-27,5.1700
1989-10-30,5.2490
1989-10-31,5.2330
1989-11-01,5.1680
1989-11-02,5.1580
1989-11-03,5.2420
1989-11-06,5.2320
1989-11-07,5.2930
1989-11-08,5.2650
1989-11-09,5.2800
1989-11-10,5.2800
1989-11-13,5.3000
1989-11-14,5.3430
1989-11-15,5.3720
1989-11-16,5.4980
1989-11-17,5.6600
1989-11-20,5.6900
1989-11-21,5.7580
1989-11-22,5.8000
1989-11-23,5.7980
1989-11-24,5.8850
1989-11-27,5.8360
1989-11-28,5.6010
1989-11-29,5.6120
1989-11-30,5.5660
1989-12-01,5.7100
1989-12-04,5.6510
1989-12-05,5.5290
1989-12-06,5.5380
1989-12-07,5.5860
1989-12-08,5.6100
1989-12-11,5.6590
1989-12-12,5.6950
1989-12-13,5.6660
1989-12-14,5.5500
1989-12-15,5.6000
1989-12-18,5.5860
1989-12-19,5.5580
1989-12-20,5.5780
1989-12-21,5.6030
1989-12-22,5.5960
1989-12-27,5.5330
1989-12-28,5.2910
1989-12-29,5.2170
1990-01-02,5.2100
1990-01-03,5.1600
1990-01-04,5.1960
1990-01-05,5.2800
1990-01-08,5.2800
1990-01-09,5.2480
1990-01-10,5.2650
1990-01-11,5.3130
1990-01-12,5.3330
1990-01-15,5.3320
1990-01-16,5.2220
1990-01-17,5.2260
1990-01-18,5.2700
1990-01-19,5.2050
1990-01-22,5.2010
1990-01-23,5.2600
1990-01-24,5.2820
1990-01-25,5.2280
1990-01-26,5.2760
1990-01-29,5.2560
1990-01-30,5.2000
1990-01-31,5.2050
1990-02-01,5.2130
1990-02-02,5.3150
1990-02-05,5.3260
1990-02-06,5.3180
1990-02-07,5.3030
1990-02-08,5.3250
1990-02-09,5.3160
1990-02-12,5.3000
1990-02-13,5.3330
1990-02-14,5.2860
1990-02-15,5.3400
1990-02-16,5.3250
1990-02-19,5.3300
1990-02-20,5.3560
1990-02-21,5.3380
1990-02-22,5.2850
1990-02-23,5.2520
1990-02-26,5.2370
1990-02-27,5.1730
1990-02-28,5.1200
1990-03-01,5.1400
1990-03-02,5.1400
1990-03-05,5.1220
1990-03-06,5.1330
1990-03-07,5.1430
1990-03-08,5.1400
1990-03-09,5.1090
1990-03-12,5.1250
1990-03-13,5.0560
1990-03-14,5.0850
1990-03-15,5.0930
1990-03-16,5.1130
1990-03-19,5.1250
1990-03-20,5.1190
1990-03-21,5.0490
1990-03-22,5.0640
1990-03-23,5.0920
1990-03-26,4.9600
1990-03-27,4.9550
1990-03-28,5.0010
1990-03-29,4.9660
1990-03-30,4.9660
1990-04-02,4.9380
1990-04-03,5.0010
1990-04-04,5.0100
1990-04-05,5.1480
1990-04-06,5.1790
1990-04-09,5.1440
1990-04-10,5.1150
1990-04-11,5.0850
1990-04-12,5.1280
1990-04-17,5.0550
1990-04-18,5.0930
1990-04-19,5.0910
1990-04-20,5.0780
1990-04-23,5.0800
1990-04-24,5.1000
1990-04-25,5.0230
1990-04-26,4.9600
1990-04-27,4.9600
1990-04-30,4.9360
1990-05-01,4.9530
1990-05-02,4.9960
1990-05-03,5.0100
1990-05-04,5.0600
1990-05-08,5.0330
1990-05-09,4.9980
1990-05-10,5.0330
1990-05-11,5.0490
1990-05-14,5.0520
1990-05-15,5.0320
1990-05-16,5.0200
1990-05-17,5.0280
1990-05-18,5.0400
1990-05-21,5.1340
1990-05-22,5.1250
1990-05-23,5.0950
1990-05-24,5.2190
1990-05-25,5.2250
1990-05-29,5.2360
1990-05-30,5.1300
1990-05-31,5.0700
1990-06-01,5.0740
1990-06-04,5.0500
1990-06-05,5.0500
1990-06-06,5.0910
1990-06-07,4.9860
1990-06-08,5.0130
1990-06-11,4.9950
1990-06-12,5.0100
1990-06-13,4.9900
1990-06-14,4.9100
1990-06-15,4.8380
1990-06-18,4.8350
1990-06-19,4.8390
1990-06-20,4.8230
1990-06-21,4.8380
1990-06-22,4.8220
1990-06-25,4.8430
1990-06-26,4.8040
1990-06-27,4.8110
1990-06-28,4.8250
1990-06-29,4.8400
1990-07-02,4.9080
1990-07-03,4.9580
1990-07-04,4.9350
1990-07-05,4.8990
1990-07-06,4.8800
1990-07-09,4.8800
1990-07-10,4.8000
1990-07-11,4.8130
1990-07-12,4.8260
1990-07-13,4.8960
1990-07-16,4.9160
1990-07-17,4.8500
1990-07-18,4.8270
1990-07-19,4.8810
1990-07-20,4.8650
1990-07-23,4.8820
1990-07-24,4.9000
1990-07-25,4.8740
1990-07-26,4.8530
1990-07-27,4.8370
1990-07-30,4.8300
1990-07-31,4.8550
1990-08-01,4.8130
1990-08-02,4.9330
1990-08-03,4.8260
1990-08-06,4.8750
1990-08-07,4.9310
1990-08-08,4.8720
1990-08-09,4.8830
1990-08-10,4.9400
1990-08-13,5.0850
1990-08-14,5.2020
1990-08-15,5.1330
1990-08-16,5.0650
1990-08-17,5.2100
1990-08-20,5.2010
1990-08-21,5.1600
1990-08-22,5.1170
1990-08-23,5.2160
1990-08-24,5.1340
1990-08-28,4.9200
1990-08-29,4.8600
1990-08-30,4.8380
1990-08-31,4.8300
1990-09-03,4.8500
1990-09-04,4.8170
1990-09-05,4.7580
1990-09-06,4.8000
1990-09-07,4.7830
1990-09-10,4.7700
1990-09-11,4.7500
1990-09-12,4.7950
1990-09-13,4.8180
1990-09-14,4.8060
1990-09-17,4.7870
1990-09-18,4.7850
1990-09-19,4.8000
1990-09-20,4.7950
1990-09-21,4.8100
1990-09-24,4.8290
1990-09-25,4.9280
1990-09-26,4.8250
1990-09-27,4.7780
1990-09-28,4.7950
1990-10-01,4.7860
1990-10-02,4.6900
1990-10-03,4.6920
1990-10-04,4.7100
1990-10-05,4.7150
1990-10-08,4.6680
1990-10-09,4.6930
1990-10-10,4.6280
1990-10-11,4.3850
1990-10-12,4.2480
1990-10-15,4.2590
1990-10-16,4.2030
1990-10-17,4.2190
1990-10-18,4.2480
1990-10-19,4.2430
1990-10-22,4.2310
1990-10-23,4.2300
1990-10-24,4.2270
1990-10-25,4.2300
1990-10-26,4.2200
1990-10-29,4.0700
1990-10-30,4.1370
1990-10-31,4.2230
1990-11-01,4.1810
1990-11-02,4.2300
1990-11-05,4.1750
1990-11-06,4.2230
1990-11-07,4.2270
1990-11-08,4.2630
1990-11-09,4.2440
1990-11-12,4.2120
1990-11-13,4.2100
1990-11-14,4.2000
1990-11-15,4.1750
1990-11-16,4.1400
1990-11-19,4.1300
1990-11-20,4.1440
1990-11-21,4.1100
1990-11-22,4.1530
1990-11-23,4.1450
1990-11-26,4.1900
1990-11-27,4.1230
1990-11-28,4.1140
1990-11-29,4.1310
1990-11-30,4.0870
1990-12-03,4.1290
1990-12-04,4.1640
1990-12-05,4.1520
1990-12-06,4.1210
1990-12-07,4.1480
1990-12-10,4.0980
1990-12-11,4.0830
1990-12-12,4.0640
1990-12-13,4.0130
1990-12-14,3.9640
1990-12-17,3.9500
1990-12-18,3.9650
1990-12-19,3.9710
1990-12-20,4.1040
1990-12-21,4.1490
1990-12-24,4.0420
1990-12-27,4.0980
1990-12-28,4.0950
1990-12-31,4.1930
1991-01-02,4.1640
1991-01-03,4.0970
1991-01-04,4.2100
1991-01-07,4.2030
1991-01-08,4.2500
1991-01-09,4.0850
1991-01-10,4.1390
1991-01-11,4.1510
1991-01-14,4.1950
1991-01-15,4.2050
1991-01-16,4.2240
1991-01-17,4.0980
1991-01-18,4.0410
1991-01-21,4.0380
1991-01-22,4.0290
1991-01-23,3.9780
1991-01-24,3.8730
1991-01-25,3.8350
1991-01-28,3.8060
1991-01-29,3.8580
1991-01-30,3.8090
1991-01-31,3.8260
1991-02-01,3.8790
1991-02-04,3.8630
1991-02-05,3.8220
1991-02-06,3.8100
1991-02-07,3.8000
1991-02-08,3.8330
1991-02-11,3.8160
1991-02-12,3.6600
1991-02-13,3.7200
1991-02-14,3.7690
1991-02-15,3.8190
1991-02-18,3.7760
1991-02-19,3.7400
1991-02-20,3.6990
1991-02-21,3.6630
1991-02-22,3.6200
1991-02-25,3.5480
1991-02-26,3.6270
1991-02-27,3.6140
1991-02-28,3.6790
1991-03-01,3.7550
1991-03-04,3.7550
1991-03-05,3.8200
1991-03-06,3.8310
1991-03-07,3.9080
1991-03-08,4.0010
1991-03-11,4.1700
1991-03-12,3.9790
1991-03-13,4.0590
1991-03-14,4.0300
1991-03-15,4.0330
1991-03-18,4.0530
1991-03-19,3.9440
1991-03-20,4.0380
1991-03-21,3.9760
1991-03-22,4.0080
1991-03-25,3.9530
1991-03-26,3.9180
1991-03-27,3.8990
1991-03-28,3.8360
1991-04-02,3.9350
1991-04-03,4.0650
1991-04-04,4.0580
1991-04-05,4.0380
1991-04-08,3.9600
1991-04-09,4.0000
1991-04-10,4.0240
1991-04-11,3.9870
1991-04-12,4.0180
1991-04-15,3.9780
1991-04-16,4.0240
1991-04-17,4.0700
1991-04-18,4.1210
1991-04-19,3.9530
1991-04-22,3.9200
1991-04-23,3.9450
1991-04-24,3.9380
1991-04-25,3.8740
1991-04-26,3.9000
1991-04-29,3.8880
1991-04-30,3.9340
1991-05-01,3.9730
1991-05-02,3.9340
1991-05-03,4.0180
1991-05-07,4.0250
1991-05-08,4.0250
1991-05-09,4.0630
1991-05-10,4.0330
1991-05-13,4.0360
1991-05-14,4.0030
1991-05-15,4.1170
1991-05-16,4.1000
1991-05-17,4.0170
1991-05-20,4.0050
1991-05-21,4.0400
1991-05-22,4.0900
1991-05-23,4.0380
1991-05-24,4.0500
1991-05-28,4.0590
1991-05-29,4.1420
1991-05-30,4.1180
1991-05-31,4.1330
1991-06-03,4.1560
1991-06-04,4.1530
1991-06-05,4.1660
1991-06-06,4.2420
1991-06-07,4.4920
1991-06-10,4.5710
1991-06-11,4.4810
1991-06-12,4.5140
1991-06-13,4.4650
1991-06-14,4.5100
1991-06-17,4.3890
1991-06-18,4.4780
1991-06-19,4.4320
1991-06-20,4.4430
1991-06-21,4.4430
1991-06-24,4.3410
1991-06-25,4.3600
1991-06-26,4.4180
1991-06-27,4.3550
1991-06-28,4.4540
1991-07-01,4.4530
1991-07-02,4.4240
1991-07-03,4.4280
1991-07-04,4.4950
1991-07-05,4.5340
1991-07-08,4.5050
1991-07-09,4.4620
1991-07-10,4.4770
1991-07-11,4.4200
1991-07-12,4.3800
1991-07-15,4.3900
1991-07-16,4.3730
1991-07-17,4.4030
1991-07-18,4.4480
1991-07-19,4.3950
1991-07-22,4.4020
1991-07-23,4.3250
1991-07-24,4.2310
1991-07-25,4.1280
1991-07-26,4.1010
1991-07-29,4.1090
1991-07-30,4.0480
1991-07-31,4.0680
1991-08-01,4.0540
1991-08-02,3.9720
1991-08-05,3.9350
1991-08-06,3.9590
1991-08-07,3.9650
1991-08-08,3.9730
1991-08-09,3.9670
1991-08-12,3.9920
1991-08-13,3.9540
1991-08-14,3.9460
1991-08-15,3.9700
1991-08-16,3.9620
1991-08-19,4.0480
1991-08-20,4.0030
1991-08-21,3.9300
1991-08-22,3.9430
1991-08-23,3.8800
1991-08-27,3.9540
1991-08-28,3.9500
1991-08-29,3.9410
1991-08-30,3.8150
1991-09-02,3.8310
1991-09-03,3.8740
1991-09-04,3.9280
1991-09-05,3.8630
1991-09-06,3.8710
1991-09-09,4.0030
1991-09-10,4.0640
1991-09-11,3.9700
1991-09-12,3.9720
1991-09-13,3.9650
1991-09-16,4.0600
1991-09-17,4.0780
1991-09-18,4.0940
1991-09-19,4.0950
1991-09-20,4.0730
1991-09-23,4.1230
1991-09-24,4.2450
1991-09-25,4.2350
1991-09-26,4.2220
1991-09-27,4.0900
1991-09-30,4.1350
1991-10-01,4.1470
1991-10-02,4.2160
1991-10-03,4.1740
1991-10-04,4.1730
1991-10-07,4.1300
1991-10-08,4.0710
1991-10-09,4.0830
1991-10-10,4.1180
1991-10-11,4.0500
1991-10-14,4.0990
1991-10-15,4.0770
1991-10-16,4.0530
1991-10-17,4.1250
1991-10-18,4.1200
1991-10-21,4.1730
1991-10-22,4.1580
1991-10-23,4.1450
1991-10-24,4.0870
1991-10-25,4.1220
1991-10-28,4.0840
1991-10-29,4.0530
1991-10-30,4.1130
1991-10-31,4.0900
1991-11-01,4.1020
1991-11-04,4.0790
1991-11-05,4.1050
1991-11-06,4.0730
1991-11-07,4.0700
1991-11-08,4.0250
1991-11-11,4.0380
1991-11-12,4.0350
1991-11-13,4.0490
1991-11-14,4.0440
1991-11-15,4.0100
1991-11-18,4.0520
1991-11-19,4.0440
1991-11-20,4.0780
1991-11-21,4.0960
1991-11-22,4.1330
1991-11-25,4.1380
1991-11-26,4.0890
1991-11-27,4.0980
1991-11-28,4.1000
1991-11-29,4.0650
1991-12-02,4.0930
1991-12-03,4.0650
1991-12-04,4.0530
1991-12-05,4.0480
1991-12-06,4.0650
1991-12-09,4.0690
1991-12-10,4.0440
1991-12-11,4.0050
1991-12-12,3.9480
1991-12-13,3.8550
1991-12-16,3.8710
1991-12-17,3.8540
1991-12-18,3.8850
1991-12-19,3.8540
1991-12-20,3.8230
1991-12-23,3.8900
1991-12-24,3.9000
1991-12-27,3.9030
1991-12-30,3.8600
1991-12-31,3.8600
1992-01-02,3.8680
1992-01-03,3.9850
1992-01-06,3.9390
1992-01-07,3.9490
1992-01-08,3.9450
1992-01-09,3.9800
1992-01-10,4.1380
1992-01-13,4.0720
1992-01-14,4.0480
1992-01-15,4.1400
1992-01-16,4.1360
1992-01-17,4.3350
1992-01-20,4.2300
1992-01-21,4.2590
1992-01-22,4.2550
1992-01-23,4.2940
1992-01-24,4.2000
1992-01-27,4.1700
1992-01-28,4.2040
1992-01-29,4.1610
1992-01-30,4.2350
1992-01-31,4.1310
1992-02-03,4.1780
1992-02-04,4.1660
1992-02-05,4.1680
1992-02-06,4.2190
1992-02-07,4.1950
1992-02-10,4.1870
1992-02-11,4.1790
1992-02-12,4.1950
1992-02-13,4.2100
1992-02-14,4.1930
1992-02-17,4.1530
1992-02-18,4.1320
1992-02-19,4.0580
1992-02-20,4.0960
1992-02-21,4.1030
1992-02-24,4.0770
1992-02-25,4.1250
1992-02-26,4.0650
1992-02-27,4.1000
1992-02-28,4.1190
1992-03-02,4.0950
1992-03-03,4.1210
1992-03-04,4.1060
1992-03-05,4.1100
1992-03-06,4.1540
1992-03-09,4.1580
1992-03-10,4.1680
1992-03-11,4.1530
1992-03-12,4.1430
1992-03-13,4.1060
1992-03-16,4.1070
1992-03-17,4.0430
1992-03-18,4.0720
1992-03-19,4.0160
1992-03-20,4.1000
1992-03-23,4.1080
1992-03-24,4.1080
1992-03-25,4.1090
1992-03-26,4.0900
1992-03-27,4.0930
1992-03-30,4.1540
1992-03-31,4.1200
1992-04-01,4.1520
1992-04-02,4.0900
1992-04-03,4.0880
1992-04-06,4.0940
1992-04-07,4.0950
1992-04-08,4.0920
1992-04-09,4.0960
1992-04-10,4.1320
1992-04-13,4.1250
1992-04-14,4.0850
1992-04-15,4.1030
1992-04-16,4.0310
1992-04-21,3.9850
1992-04-22,3.9900
1992-04-23,4.0200
1992-04-24,3.9900
1992-04-27,3.9900
1992-04-28,3.9780
1992-04-29,3.9350
1992-04-30,3.9820
1992-05-01,4.0140
1992-05-05,4.0130
1992-05-06,4.0650
1992-05-07,4.0450
1992-05-08,4.0360
1992-05-11,4.1100
1992-05-12,4.0830
1992-05-13,4.0830
1992-05-14,4.0960
1992-05-15,4.1180
1992-05-18,4.0980
1992-05-19,4.1150
1992-05-20,4.0770
1992-05-21,4.0750
1992-05-22,4.0700
1992-05-26,4.0880
1992-05-27,4.1030
1992-05-28,4.0750
1992-05-29,4.0580
1992-06-01,4.0280
1992-06-02,4.0720
1992-06-03,4.0900
1992-06-04,4.0610
1992-06-05,4.0830
1992-06-08,4.0540
1992-06-09,4.0550
1992-06-10,4.0560
1992-06-11,4.0570
1992-06-12,4.1070
1992-06-15,4.1220
1992-06-16,4.1040
1992-06-17,4.1070
1992-06-18,4.0880
1992-06-19,4.1110
1992-06-22,4.0480
1992-06-23,4.0560
1992-06-24,4.0390
1992-06-25,4.0350
1992-06-26,4.0220
1992-06-29,3.9930
1992-06-30,4.0260
1992-07-01,4.0490
1992-07-02,4.0650
1992-07-03,4.0400
1992-07-06,4.0530
1992-07-07,3.9180
1992-07-08,3.9060
1992-07-09,3.9090
1992-07-10,3.9650
1992-07-13,3.9360
1992-07-14,3.9500
1992-07-15,3.9510
1992-07-16,3.9380
1992-07-17,3.9210
1992-07-20,3.9950
1992-07-21,3.9530
1992-07-22,3.9630
1992-07-23,4.0130
1992-07-24,3.9800
1992-07-27,3.9730
1992-07-28,3.9730
1992-07-29,3.9400
1992-07-30,3.9150
1992-07-31,3.9530
1992-08-03,3.9420
1992-08-04,3.8760
1992-08-05,3.8800
1992-08-06,3.9020
1992-08-07,3.9280
1992-08-10,3.9760
1992-08-11,3.9430
1992-08-12,3.8940
1992-08-13,3.8090
1992-08-14,3.8140
1992-08-17,3.8200
1992-08-18,3.7900
1992-08-19,3.8040
1992-08-20,3.7290
1992-08-21,3.7350
1992-08-24,3.7620
1992-08-25,3.7070
1992-08-26,3.6480
1992-08-27,3.6950
1992-08-28,3.7190
1992-09-01,3.7520
1992-09-02,3.7200
1992-09-03,3.7170
1992-09-04,3.7420
1992-09-07,3.7280
1992-09-08,3.7250
1992-09-09,3.7480
1992-09-10,3.7300
1992-09-11,3.6880
1992-09-14,3.7480
1992-09-15,3.7850
1992-09-16,3.8380
1992-09-17,3.8280
1992-09-18,3.8080
1992-09-21,3.8230
1992-09-22,3.7910
1992-09-23,3.8350
1992-09-24,3.8200
1992-09-25,3.8220
1992-09-28,3.8090
1992-09-29,3.7250
1992-09-30,3.7660
1992-10-01,3.7530
1992-10-02,3.7330
1992-10-05,3.7470
1992-10-06,3.7590
1992-10-07,3.7520
1992-10-08,3.7340
1992-10-09,3.7460
1992-10-12,3.7440
1992-10-13,3.7180
1992-10-14,3.7050
1992-10-15,3.7250
1992-10-16,3.7100
1992-10-19,3.7230
1992-10-20,3.7400
1992-10-21,3.8140
1992-10-22,3.8000
1992-10-23,3.7990
1992-10-26,3.7530
1992-10-27,3.7500
1992-10-28,3.7650
1992-10-29,3.7670
1992-10-30,3.7640
1992-11-02,3.7570
1992-11-03,3.7930
1992-11-04,3.7950
1992-11-05,3.8730
1992-11-06,3.9080
1992-11-09,3.8590
1992-11-10,3.7130
1992-11-11,3.6880
1992-11-12,3.6880
1992-11-13,3.7990
1992-11-16,3.7620
1992-11-17,3.7570
1992-11-18,3.7680
1992-11-19,3.7490
1992-11-20,3.7730
1992-11-23,3.7520
1992-11-24,3.7580
1992-11-25,3.7600
1992-11-26,3.7630
1992-11-27,3.7500
1992-11-30,3.7330
1992-12-01,3.7600
1992-12-02,3.7580
1992-12-03,3.7590
1992-12-04,3.7630
1992-12-07,3.7590
1992-12-08,3.7590
1992-12-09,3.7140
1992-12-10,3.7050
1992-12-11,3.7240
1992-12-14,3.7280
1992-12-15,3.7170
1992-12-16,3.7140
1992-12-17,3.7500
1992-12-18,3.7750
1992-12-21,3.7500
1992-12-22,3.7340
1992-12-23,3.6980
1992-12-24,3.6850
1992-12-29,3.6750
1992-12-30,3.6630
1992-12-31,3.6700
1993-01-04,3.6600
1993-01-05,3.6540
1993-01-06,3.7000
1993-01-07,3.6990
1993-01-08,3.6600
1993-01-11,3.6660
1993-01-12,3.6780
1993-01-13,3.6690
1993-01-14,3.6920
1993-01-15,3.6670
1993-01-18,3.6730
1993-01-19,3.6870
1993-01-20,3.6850
1993-01-21,3.7160
1993-01-22,3.7130
1993-01-25,3.6950
1993-01-26,3.7020
1993-01-27,3.6750
1993-01-28,3.6900
1993-01-29,3.7080
1993-02-01,3.6600
1993-02-02,3.6690
1993-02-03,3.6740
1993-02-04,3.6700
1993-02-05,3.6700
1993-02-08,3.6580
1993-02-09,3.6830
1993-02-10,3.7130
1993-02-11,3.7680
1993-02-12,3.7420
1993-02-15,3.6880
1993-02-16,3.6870
1993-02-17,3.7050
1993-02-18,3.6560
1993-02-19,3.6400
1993-02-22,3.5820
1993-02-23,3.5800
1993-02-24,3.6020
1993-02-25,3.5900
1993-02-26,3.5670
1993-03-01,3.5830
1993-03-02,3.5850
1993-03-03,3.5840
1993-03-04,3.5730
1993-03-05,3.5870
1993-03-08,3.5750
1993-03-09,3.5600
1993-03-10,3.5700
1993-03-11,3.6000
1993-03-12,3.6400
1993-03-15,3.6250
1993-03-16,3.6500
1993-03-17,3.6590
1993-03-18,3.6420
1993-03-19,3.6780
1993-03-22,3.6830
1993-03-23,3.6650
1993-03-24,3.6540
1993-03-25,3.6830
1993-03-26,3.7180
1993-03-29,3.7040
1993-03-30,3.7780
1993-03-31,3.8900
1993-04-01,3.8580
1993-04-02,3.9720
1993-04-05,3.8580
1993-04-06,3.8750
1993-04-07,3.7920
1993-04-08,3.8780
1993-04-13,3.8730
1993-04-14,3.9020
1993-04-15,3.9330
1993-04-16,3.8700
1993-04-19,3.9750
1993-04-20,3.9530
1993-04-21,3.9120
1993-04-22,3.8780
1993-04-23,3.9330
1993-04-26,4.0190
1993-04-27,4.1030
1993-04-28,4.0450
1993-04-29,4.3600
1993-04-30,4.2990
1993-05-04,4.2740
1993-05-05,4.2520
1993-05-06,4.3030
1993-05-07,4.3630
1993-05-10,4.2780
1993-05-11,4.2440
1993-05-12,4.2330
1993-05-13,4.5200
1993-05-14,4.4350
1993-05-17,4.4620
1993-05-18,4.4030
1993-05-19,4.7440
1993-05-20,4.5130
1993-05-21,4.5230
1993-05-24,4.7230
1993-05-25,4.5220
1993-05-26,4.5550
1993-05-27,4.5910
1993-05-28,4.7140
1993-06-01,4.6150
1993-06-02,4.3650
1993-06-03,4.3850
1993-06-04,4.5000
1993-06-07,4.3550
1993-06-08,4.3930
1993-06-09,4.3680
1993-06-10,4.3050
1993-06-11,4.3100
1993-06-14,4.2200
1993-06-15,4.2250
1993-06-16,4.3180
1993-06-17,4.3260
1993-06-18,4.3430
1993-06-21,4.2900
1993-06-22,4.2970
1993-06-23,4.2660
1993-06-24,4.4300
1993-06-25,4.4030
1993-06-28,4.5050
1993-06-29,4.4550
1993-06-30,4.5750
1993-07-01,4.5480
1993-07-02,4.8350
1993-07-05,4.8850
1993-07-06,5.0700
1993-07-07,5.1680
1993-07-08,5.1150
1993-07-09,4.9900
1993-07-12,5.0650
1993-07-13,4.9780
1993-07-14,5.0950
1993-07-15,4.9250
1993-07-16,5.0450
1993-07-19,5.0690
1993-07-20,5.0450
1993-07-21,5.0500
1993-07-22,4.9380
1993-07-23,5.0280
1993-07-26,4.9670
1993-07-27,5.1050
1993-07-28,5.0650
1993-07-29,5.1450
1993-07-30,5.3000
1993-08-02,5.4200
1993-08-03,5.3770
1993-08-04,5.2900
1993-08-05,5.1700
1993-08-06,4.8200
1993-08-09,4.6750
1993-08-10,4.7960
1993-08-11,4.7850
1993-08-12,4.6860
1993-08-13,4.5930
1993-08-16,4.7720
1993-08-17,4.7350
1993-08-18,4.6930
1993-08-19,4.7250
1993-08-20,4.6580
1993-08-23,4.7830
1993-08-24,4.7640
1993-08-25,4.7480
1993-08-26,4.7250
1993-08-27,4.6880
1993-08-31,4.8430
1993-09-01,4.8330
1993-09-02,4.7200
1993-09-03,4.5550
1993-09-06,4.5250
1993-09-07,4.5030
1993-09-08,4.2550
1993-09-09,4.2430
1993-09-10,4.2780
1993-09-13,4.0640
1993-09-14,3.9240
1993-09-15,4.0380
1993-09-16,4.0570
1993-09-17,4.0980
1993-09-20,4.1110
1993-09-21,4.1080
1993-09-22,4.0740
1993-09-23,4.0390
1993-09-24,4.1420
1993-09-27,4.1080
1993-09-28,4.0450
1993-09-29,4.0630
1993-09-30,4.0300
1993-10-01,4.0580
1993-10-04,4.0880
1993-10-05,4.0500
1993-10-06,4.1530
1993-10-07,4.3300
1993-10-08,4.3650
1993-10-11,4.3780
1993-10-12,4.2870
1993-10-13,4.4480
1993-10-14,4.4340
1993-10-15,4.3330
1993-10-18,4.3550
1993-10-19,4.4540
1993-10-20,4.4930
1993-10-21,4.5120
1993-10-22,4.4360
1993-10-25,4.4330
1993-10-26,4.3930
1993-10-27,4.3880
1993-10-28,4.4200
1993-10-29,4.4030
1993-11-01,4.2850
1993-11-02,4.2120
1993-11-03,4.2130
1993-11-04,4.3820
1993-11-05,4.4780
1993-11-08,4.5180
1993-11-09,4.5430
1993-11-10,4.5330
1993-11-11,4.5680
1993-11-12,4.5800
1993-11-15,4.5180
1993-11-16,4.5780
1993-11-17,4.5500
1993-11-18,4.6120
1993-11-19,4.6930
1993-11-22,4.7330
1993-11-23,4.6830
1993-11-24,4.6450
1993-11-25,4.6420
1993-11-26,4.6720
1993-11-29,4.6320
1993-11-30,4.4670
1993-12-01,4.4290
1993-12-02,4.6600
1993-12-03,4.6080
1993-12-06,4.8400
1993-12-07,4.8350
1993-12-08,4.9600
1993-12-09,4.9780
1993-12-10,4.9870
1993-12-13,5.1000
1993-12-14,5.1380
1993-12-15,5.0950
1993-12-16,5.0950
1993-12-17,5.0180
1993-12-20,5.1230
1993-12-21,5.1080
1993-12-22,4.9980
1993-12-23,5.0350
1993-12-24,5.0250
1993-12-29,5.0900
1993-12-30,5.1080
1993-12-31,5.1150
1994-01-04,5.2770
1994-01-05,5.2330
1994-01-06,5.0200
1994-01-07,5.1100
1994-01-10,4.9120
1994-01-11,5.0430
1994-01-12,5.1050
1994-01-13,5.0560
1994-01-14,5.2080
1994-01-17,5.3440
1994-01-18,5.3280
1994-01-19,5.3230
1994-01-20,5.3200
1994-01-21,5.1850
1994-01-24,5.0400
1994-01-25,5.1330
1994-01-26,5.0750
1994-01-27,5.1150
1994-01-28,4.9740
1994-01-31,5.0580
1994-02-01,5.1200
1994-02-02,5.2800
1994-02-03,5.2830
1994-02-04,5.4550
1994-02-07,5.3080
1994-02-08,5.2250
1994-02-09,5.2450
1994-02-10,5.2950
1994-02-11,5.2130
1994-02-14,5.2600
1994-02-15,5.3250
1994-02-16,5.2500
1994-02-17,5.2980
1994-02-18,5.2300
1994-02-21,5.1800
1994-02-22,5.1600
1994-02-23,5.1830
1994-02-24,5.2130
1994-02-25,5.1830
1994-02-28,5.2430
1994-03-01,5.3280
1994-03-02,5.2350
1994-03-03,5.2630
1994-03-04,5.1860
1994-03-07,5.2330
1994-03-08,5.1800
1994-03-09,5.2150
1994-03-10,5.2980
1994-03-11,5.4450
1994-03-14,5.3680
1994-03-15,5.4500
1994-03-16,5.4230
1994-03-17,5.3600
1994-03-18,5.4350
1994-03-21,5.4080
1994-03-22,5.4480
1994-03-23,5.5900
1994-03-24,5.7480
1994-03-25,5.7300
1994-03-28,5.7000
1994-03-29,5.6200
1994-03-30,5.6100
1994-03-31,5.7350
1994-04-05,5.6450
1994-04-06,5.5250
1994-04-07,5.4980
1994-04-08,5.4640
1994-04-11,5.4550
1994-04-12,5.2820
1994-04-13,5.3360
1994-04-14,5.3400
1994-04-15,5.2950
1994-04-18,5.2460
1994-04-19,5.2380
1994-04-20,5.2440
1994-04-21,5.2650
1994-04-22,5.2000
1994-04-25,5.0940
1994-04-26,5.1210
1994-04-27,5.1650
1994-04-28,5.1650
1994-04-29,5.2800
1994-05-03,5.2880
1994-05-04,5.2130
1994-05-05,5.1180
1994-05-06,5.0680
1994-05-09,5.3950
1994-05-10,5.3920
1994-05-11,5.2650
1994-05-12,5.4030
1994-05-13,5.4230
1994-05-16,5.3930
1994-05-17,5.5300
1994-05-18,5.4440
1994-05-19,5.5700
1994-05-20,5.5330
1994-05-23,5.7150
1994-05-24,5.7300
1994-05-25,5.5680
1994-05-26,5.5120
1994-05-27,5.4500
1994-05-31,5.4950
1994-06-01,5.5430
1994-06-02,5.3480
1994-06-03,5.3380
1994-06-06,5.2730
1994-06-07,5.2800
1994-06-08,5.3290
1994-06-09,5.3550
1994-06-10,5.3870
1994-06-13,5.3250
1994-06-14,5.4180
1994-06-15,5.3550
1994-06-16,5.5300
1994-06-17,5.4700
1994-06-20,5.6050
1994-06-21,5.4830
1994-06-22,5.5440
1994-06-23,5.3650
1994-06-24,5.4070
1994-06-27,5.3900
1994-06-28,5.2650
1994-06-29,5.2700
1994-06-30,5.2510
1994-07-01,5.3550
1994-07-04,5.3860
1994-07-05,5.4080
1994-07-06,5.3180
1994-07-07,5.2400
1994-07-08,5.2380
1994-07-11,5.2480
1994-07-12,5.3150
1994-07-13,5.2150
1994-07-14,5.1630
1994-07-15,5.2230
1994-07-18,5.2550
1994-07-19,5.2120
1994-07-20,5.3220
1994-07-21,5.2600
1994-07-22,5.2530
1994-07-25,5.2600
1994-07-26,5.3200
1994-07-27,5.3230
1994-07-28,5.3330
1994-07-29,5.2930
1994-08-01,5.3300
1994-08-02,5.2850
1994-08-03,5.2130
1994-08-04,5.1550
1994-08-05,5.1750
1994-08-08,5.1130
1994-08-09,5.1130
1994-08-10,5.1590
1994-08-11,5.1150
1994-08-12,5.1930
1994-08-15,5.0500
1994-08-16,5.0730
1994-08-17,5.1280
1994-08-18,5.1080
1994-08-19,5.1730
1994-08-22,5.2270
1994-08-23,5.2130
1994-08-24,5.2140
1994-08-25,5.2530
1994-08-26,5.2550
1994-08-30,5.3820
1994-08-31,5.3580
1994-09-01,5.4020
1994-09-02,5.4380
1994-09-05,5.4080
1994-09-06,5.4380
1994-09-07,5.5100
1994-09-08,5.5100
1994-09-09,5.4500
1994-09-12,5.5100
1994-09-13,5.4560
1994-09-14,5.4630
1994-09-15,5.3950
1994-09-16,5.3850
1994-09-19,5.4300
1994-09-20,5.4800
1994-09-21,5.6720
1994-09-22,5.6030
1994-09-23,5.7100
1994-09-26,5.6570
1994-09-27,5.6650
1994-09-28,5.7000
1994-09-29,5.6230
1994-09-30,5.6200
1994-10-03,5.5250
1994-10-04,5.6050
1994-10-05,5.5970
1994-10-06,5.5960
1994-10-07,5.6550
1994-10-10,5.6140
1994-10-11,5.5580
1994-10-12,5.5080
1994-10-13,5.5080
1994-10-14,5.3700
1994-10-17,5.3930
1994-10-18,5.4140
1994-10-19,5.3550
1994-10-20,5.4100
1994-10-21,5.4000
1994-10-24,5.3150
1994-10-25,5.3300
1994-10-26,5.3080
1994-10-27,5.3880
1994-10-28,5.3680
1994-10-31,5.3450
1994-11-01,5.2230
1994-11-02,5.2780
1994-11-03,5.3200
1994-11-04,5.2650
1994-11-07,5.2280
1994-11-08,5.2070
1994-11-09,5.2000
1994-11-10,5.1350
1994-11-11,5.1780
1994-11-14,5.1580
1994-11-15,5.2140
1994-11-16,5.1900
1994-11-17,5.2350
1994-11-18,5.2280
1994-11-21,5.1490
1994-11-22,5.1500
1994-11-23,5.1700
1994-11-24,5.1500
1994-11-25,5.1730
1994-11-28,5.1720
1994-11-29,5.1400
1994-11-30,5.0750
1994-12-01,4.9180
1994-12-02,4.9320
1994-12-05,4.7400
1994-12-06,4.6480
1994-12-07,4.6880
1994-12-08,4.6400
1994-12-09,4.6700
1994-12-12,4.7280
1994-12-13,4.8130
1994-12-14,4.7650
1994-12-15,4.7650
1994-12-16,4.8230
1994-12-19,4.7700
1994-12-20,4.8140
1994-12-21,4.8300
1994-12-22,4.7880
1994-12-23,4.7530
1994-12-28,4.8100
1994-12-29,4.9030
1994-12-30,4.8500
1995-01-03,4.8420
1995-01-04,4.7150
1995-01-05,4.6230
1995-01-06,4.7030
1995-01-09,4.6450
1995-01-10,4.6830
1995-01-11,4.6780
1995-01-12,4.7380
1995-01-13,4.8400
1995-01-16,4.7690
1995-01-17,4.8000
1995-01-18,4.9000
1995-01-19,4.9230
1995-01-20,4.8450
1995-01-23,4.9150
1995-01-24,4.8150
1995-01-25,4.8130
1995-01-26,4.7800
1995-01-27,4.7640
1995-01-30,4.6750
1995-01-31,4.6980
1995-02-01,4.6780
1995-02-02,4.6750
1995-02-03,4.7350
1995-02-06,4.6950
1995-02-07,4.7000
1995-02-08,4.6670
1995-02-09,4.7300
1995-02-10,4.7610
1995-02-13,4.7370
1995-02-14,4.7450
1995-02-15,4.7630
1995-02-16,4.7350
1995-02-17,4.7280
1995-02-20,4.7830
1995-02-21,4.7780
1995-02-22,4.7550
1995-02-23,4.8240
1995-02-24,4.8100
1995-02-27,4.6500
1995-02-28,4.4900
1995-03-01,4.4730
1995-03-02,4.4160
1995-03-03,4.4340
1995-03-06,4.4190
1995-03-07,4.5340
1995-03-08,4.6760
1995-03-09,4.6310
1995-03-10,4.6080
1995-03-13,4.6230
1995-03-14,4.7180
1995-03-15,4.7300
1995-03-16,4.7000
1995-03-17,4.6730
1995-03-20,4.6800
1995-03-21,4.6880
1995-03-22,4.5830
1995-03-23,4.6930
1995-03-24,4.6960
1995-03-27,4.6300
1995-03-28,4.6560
1995-03-29,4.7310
1995-03-30,4.7630
1995-03-31,5.1600
1995-04-03,5.3020
1995-04-04,5.2100
1995-04-05,5.3630
1995-04-06,5.3650
1995-04-07,5.4070
1995-04-10,5.3300
1995-04-11,5.2100
1995-04-12,5.3370
1995-04-13,5.2500
1995-04-18,5.6550
1995-04-19,5.9150
1995-04-20,5.6500
1995-04-21,5.6430
1995-04-24,5.7030
1995-04-25,5.6280
1995-04-26,5.6850
1995-04-27,5.5750
1995-04-28,5.8290
1995-05-01,5.6980
1995-05-02,5.8680
1995-05-03,5.8830
1995-05-04,5.9750
1995-05-05,6.0380
1995-05-09,5.9200
1995-05-10,5.4750
1995-05-11,5.4250
1995-05-12,5.3900
1995-05-15,5.3280
1995-05-16,5.3970
1995-05-17,5.3830
1995-05-18,5.3610
1995-05-19,5.4450
1995-05-22,5.3680
1995-05-23,5.2750
1995-05-24,5.3980
1995-05-25,5.4860
1995-05-26,5.4880
1995-05-30,5.4600
1995-05-31,5.2950
1995-06-01,5.2630
1995-06-02,5.3530
1995-06-05,5.2300
1995-06-06,5.3430
1995-06-07,5.3350
1995-06-08,5.3730
1995-06-09,5.3450
1995-06-12,5.4320
1995-06-13,5.3880
1995-06-14,5.3650
1995-06-15,5.3300
1995-06-16,5.4550
1995-06-19,5.4330
1995-06-20,5.5080
1995-06-21,5.4900
1995-06-22,5.4280
1995-06-23,5.3530
1995-06-26,5.3300
1995-06-27,5.3350
1995-06-28,5.3280
1995-06-29,5.2620
1995-06-30,5.3280
1995-07-03,5.0840
1995-07-04,5.0700
1995-07-05,5.0710
1995-07-06,5.0730
1995-07-07,5.1180
1995-07-10,5.1680
1995-07-11,5.1230
1995-07-12,5.1580
1995-07-13,5.2650
1995-07-14,5.1880
1995-07-17,5.2260
1995-07-18,5.3550
1995-07-19,5.3380
1995-07-20,5.1560
1995-07-21,5.1630
1995-07-24,5.2230
1995-07-25,5.1740
1995-07-26,5.1520
1995-07-27,5.1830
1995-07-28,5.0800
1995-07-31,5.0980
1995-08-01,5.0300
1995-08-02,5.1500
1995-08-03,5.1400
1995-08-04,5.2030
1995-08-07,5.1650
1995-08-08,5.2250
1995-08-09,5.2910
1995-08-10,5.2550
1995-08-11,5.3130
1995-08-14,5.2280
1995-08-15,5.3830
1995-08-16,5.3600
1995-08-17,5.4960
1995-08-18,5.6600
1995-08-21,5.7990
1995-08-22,5.7050
1995-08-23,5.5600
1995-08-24,5.6750
1995-08-25,5.5800
1995-08-29,5.5850
1995-08-30,5.4550
1995-08-31,5.3230
1995-09-01,5.3450
1995-09-04,5.3080
1995-09-05,5.2850
1995-09-06,5.2130
1995-09-07,5.3830
1995-09-08,5.4970
1995-09-11,5.3980
1995-09-12,5.5230
1995-09-13,5.5430
1995-09-14,5.4480
1995-09-15,5.4900
1995-09-18,5.4850
1995-09-19,5.5620
1995-09-20,5.4790
1995-09-21,5.3630
1995-09-22,5.4620
1995-09-25,5.4050
1995-09-26,5.4880
1995-09-27,5.4550
1995-09-28,5.4810
1995-09-29,5.5280
1995-10-02,5.4250
1995-10-03,5.3400
1995-10-04,5.3350
1995-10-05,5.3500
1995-10-06,5.3230
1995-10-09,5.4430
1995-10-10,5.4350
1995-10-11,5.4180
1995-10-12,5.4230
1995-10-13,5.3830
1995-10-16,5.3840
1995-10-17,5.3500
1995-10-18,5.3530
1995-10-19,5.3490
1995-10-20,5.3280
1995-10-23,5.3700
1995-10-24,5.3530
1995-10-25,5.3450
1995-10-26,5.4390
1995-10-27,5.4000
1995-10-30,5.3300
1995-10-31,5.3600
1995-11-01,5.3330
1995-11-02,5.3100
1995-11-03,5.3580
1995-11-06,5.2880
1995-11-07,5.2830
1995-11-08,5.3800
1995-11-09,5.3580
1995-11-10,5.4290
1995-11-13,5.4230
1995-11-14,5.3230
1995-11-15,5.3380
1995-11-16,5.3280
1995-11-17,5.3600
1995-11-20,5.3530
1995-11-21,5.3750
1995-11-22,5.3030
1995-11-23,5.2080
1995-11-24,5.2360
1995-11-27,5.2750
1995-11-28,5.2750
1995-11-29,5.2210
1995-11-30,5.1800
1995-12-01,5.2180
1995-12-04,5.1850
1995-12-05,5.2200
1995-12-06,5.2560
1995-12-07,5.2450
1995-12-08,5.2480
1995-12-11,5.2530
1995-12-12,5.2280
1995-12-13,5.1580
1995-12-14,5.1050
1995-12-15,5.1430
1995-12-18,5.1500
1995-12-19,5.1750
1995-12-20,5.1230
1995-12-21,5.1580
1995-12-22,5.1220
1995-12-27,5.1580
1995-12-28,5.1330
1995-12-29,5.1420
1996-01-02,5.1650
1996-01-03,5.3500
1996-01-04,5.3480
1996-01-05,5.5000
1996-01-08,5.5300
1996-01-09,5.5090
1996-01-10,5.5380
1996-01-11,5.5570
1996-01-12,5.4630
1996-01-15,5.4000
1996-01-16,5.4580
1996-01-17,5.4930
1996-01-18,5.4650
1996-01-19,5.4130
1996-01-22,5.5040
1996-01-23,5.5900
1996-01-24,5.5400
1996-01-25,5.5180
1996-01-26,5.6160
1996-01-29,5.5080
1996-01-30,5.5750
1996-01-31,5.5200
1996-02-01,5.5950
1996-02-02,5.8280
1996-02-05,5.7980
1996-02-06,5.7530
1996-02-07,5.8230
1996-02-08,5.6550
1996-02-09,5.7250
1996-02-12,5.6380
1996-02-13,5.7080
1996-02-14,5.6900
1996-02-15,5.7480
1996-02-16,5.6790
1996-02-19,5.7050
1996-02-20,5.6900
1996-02-21,5.5500
1996-02-22,5.5930
1996-02-23,5.5140
1996-02-26,5.4930
1996-02-27,5.4850
1996-02-28,5.4630
1996-02-29,5.5230
1996-03-01,5.5250
1996-03-04,5.4930
1996-03-05,5.3500
1996-03-06,5.3600
1996-03-07,5.3730
1996-03-08,5.4300
1996-03-11,5.4880
1996-03-12,5.4980
1996-03-13,5.5750
1996-03-14,5.5860
1996-03-15,5.5700
1996-03-18,5.5500
1996-03-19,5.5480
1996-03-20,5.5030
1996-03-21,5.5650
1996-03-22,5.6030
1996-03-25,5.6300
1996-03-26,5.6400
1996-03-27,5.6880
1996-03-28,5.6390
1996-03-29,5.5180
1996-04-01,5.5180
1996-04-02,5.5280
1996-04-03,5.5100
1996-04-04,5.5250
1996-04-09,5.5450
1996-04-10,5.4630
1996-04-11,5.5320
1996-04-12,5.5370
1996-04-15,5.4980
1996-04-16,5.4700
1996-04-17,5.3120
1996-04-18,5.3340
1996-04-19,5.2540
1996-04-22,5.2850
1996-04-23,5.3280
1996-04-24,5.3180
1996-04-25,5.3200
1996-04-26,5.3700
1996-04-29,5.2900
1996-04-30,5.2780
1996-05-01,5.3250
1996-05-02,5.3850
1996-05-03,5.4100
1996-05-07,5.4580
1996-05-08,5.4830
1996-05-09,5.4330
1996-05-10,5.4200
1996-05-13,5.3750
1996-05-14,5.3630
1996-05-15,5.4000
1996-05-16,5.3750
1996-05-17,5.3640
1996-05-20,5.2900
1996-05-21,5.2850
1996-05-22,5.2930
1996-05-23,5.3360
1996-05-24,5.3110
1996-05-28,5.3400
1996-05-29,5.3680
1996-05-30,5.3380
1996-05-31,5.3350
1996-06-03,5.3840
1996-06-04,5.3620
1996-06-05,5.2050
1996-06-06,5.1550
1996-06-07,5.2000
1996-06-10,5.2000
1996-06-11,5.1700
1996-06-12,5.1230
1996-06-13,5.1130
1996-06-14,4.9780
1996-06-17,5.1660
1996-06-18,5.1800
1996-06-19,5.2110
1996-06-20,5.1120
1996-06-21,5.1090
1996-06-24,5.1060
1996-06-25,5.1780
1996-06-26,5.1480
1996-06-27,5.1050
1996-06-28,5.0260
1996-07-01,5.0480
1996-07-02,5.0680
1996-07-03,5.1380
1996-07-04,5.0750
1996-07-05,5.0740
1996-07-08,5.1200
1996-07-09,5.0750
1996-07-10,5.1200
1996-07-11,5.0980
1996-07-12,5.1340
1996-07-15,5.1350
1996-07-16,5.1520
1996-07-17,4.9950
1996-07-18,5.0000
1996-07-19,5.0150
1996-07-22,4.9730
1996-07-23,5.0300
1996-07-24,4.9830
1996-07-25,4.9870
1996-07-26,4.9880
1996-07-29,5.0880
1996-07-30,5.0690
1996-07-31,5.1130
1996-08-01,5.1500
1996-08-02,5.1250
1996-08-05,5.1030
1996-08-06,5.0700
1996-08-07,5.0500
1996-08-08,5.0400
1996-08-09,5.1200
1996-08-12,5.0450
1996-08-13,5.0760
1996-08-14,5.0880
1996-08-15,5.0410
1996-08-16,5.0830
1996-08-19,5.0830
1996-08-20,5.2030
1996-08-21,5.2080
1996-08-22,5.1880
1996-08-23,5.2130
1996-08-27,5.2550
1996-08-28,5.2120
1996-08-29,5.1800
1996-08-30,5.1950
1996-09-02,5.1830
1996-09-03,5.1980
1996-09-04,5.1530
1996-09-05,5.1980
1996-09-06,5.1400
1996-09-09,5.1180
1996-09-10,5.0850
1996-09-11,5.0900
1996-09-12,5.0830
1996-09-13,5.0460
1996-09-16,5.0450
1996-09-17,5.0620
1996-09-18,5.0460
1996-09-19,5.0580
1996-09-20,4.9450
1996-09-23,4.8750
1996-09-24,4.9100
1996-09-25,4.9350
1996-09-26,4.8730
1996-09-27,4.8480
1996-09-30,4.8810
1996-10-01,4.8480
1996-10-02,4.9130
1996-10-03,4.9130
1996-10-04,4.8990
1996-10-07,4.8600
1996-10-08,4.8930
1996-10-09,4.8800
1996-10-10,4.9750
1996-10-11,5.0330
1996-10-14,5.0400
1996-10-15,5.0200
1996-10-16,5.0180
1996-10-17,4.9750
1996-10-18,4.8880
1996-10-21,4.8980
1996-10-22,4.9530
1996-10-23,4.9830
1996-10-24,4.9840
1996-10-25,4.9030
1996-10-28,4.9190
1996-10-29,4.8950
1996-10-30,4.8260
1996-10-31,4.8250
1996-11-01,4.8010
1996-11-04,4.8140
1996-11-05,4.8320
1996-11-06,4.7900
1996-11-07,4.7430
1996-11-08,4.8280
1996-11-11,4.8350
1996-11-12,4.9050
1996-11-13,4.9000
1996-11-14,4.8930
1996-11-15,4.8450
1996-11-18,4.9080
1996-11-19,4.8740
1996-11-20,4.8990
1996-11-21,4.9300
1996-11-22,4.8600
1996-11-25,4.8350
1996-11-26,4.7610
1996-11-27,4.7400
1996-11-28,4.7280
1996-11-29,4.7430
1996-12-02,4.7330
1996-12-03,4.7100
1996-12-04,4.8250
1996-12-05,4.7540
1996-12-06,4.8880
1996-12-09,4.7650
1996-12-10,4.8140
1996-12-11,4.8650
1996-12-12,4.8300
1996-12-13,4.8330
1996-12-16,4.8100
1996-12-17,4.8050
1996-12-18,4.8500
1996-12-19,4.8640
1996-12-20,4.8750
1996-12-23,4.8250
1996-12-24,4.8450
1996-12-27,4.8840
1996-12-30,4.8800
1996-12-31,4.7980
1997-01-02,4.7700
1997-01-03,4.7030
1997-01-06,4.6650
1997-01-07,4.6830
1997-01-08,4.6550
1997-01-09,4.6630
1997-01-10,4.7500
1997-01-13,4.7600
1997-01-14,4.6930
1997-01-15,4.6540
1997-01-16,4.6780
1997-01-17,4.7490
1997-01-20,4.7450
1997-01-21,4.7300
1997-01-22,4.6980
1997-01-23,4.7300
1997-01-24,4.9730
1997-01-27,4.9410
1997-01-28,5.0300
1997-01-29,4.9180
1997-01-30,4.8780
1997-01-31,4.9580
1997-02-03,4.8790
1997-02-04,4.9050
1997-02-05,4.8550
1997-02-06,4.8750
1997-02-07,4.8000
1997-02-10,4.9180
1997-02-11,4.9350
1997-02-12,4.8200
1997-02-13,5.1230
1997-02-14,5.1430
1997-02-17,5.2180
1997-02-18,5.2320
1997-02-19,5.2030
1997-02-20,5.1650
1997-02-21,5.2400
1997-02-24,5.2150
1997-02-25,5.1870
1997-02-26,5.2290
1997-02-27,5.2530
1997-02-28,5.2530
1997-03-03,5.3080
1997-03-04,5.2830
1997-03-05,5.2140
1997-03-06,5.1850
1997-03-07,5.1750
1997-03-10,5.1380
1997-03-11,5.2500
1997-03-12,5.2280
1997-03-13,5.2300
1997-03-14,5.2730
1997-03-17,5.2550
1997-03-18,5.2100
1997-03-19,5.1690
1997-03-20,5.2400
1997-03-21,5.1860
1997-03-24,5.1290
1997-03-25,5.1680
1997-03-26,5.0930
1997-03-27,5.1300
1997-04-01,5.0350
1997-04-02,4.9760
1997-04-03,4.8620
1997-04-04,4.7430
1997-04-07,4.7630
1997-04-08,4.8330
1997-04-09,4.7700
1997-04-10,4.7730
1997-04-11,4.7930
1997-04-14,4.7250
1997-04-15,4.7200
1997-04-16,4.7280
1997-04-17,4.8350
1997-04-18,4.7250
1997-04-21,4.7500
1997-04-22,4.7630
1997-04-23,4.7230
1997-04-24,4.7130
1997-04-25,4.7430
1997-04-28,4.7240
1997-04-29,4.6430
1997-04-30,4.6630
1997-05-01,4.6750
1997-05-02,4.7350
1997-05-06,4.7520
1997-05-07,4.7210
1997-05-08,4.7530
1997-05-09,4.8330
1997-05-12,4.8600
1997-05-13,4.8250
1997-05-14,4.8740
1997-05-15,4.8350
1997-05-16,4.8380
1997-05-19,4.6800
1997-05-20,4.7180
1997-05-21,4.6720
1997-05-22,4.6750
1997-05-23,4.6580
1997-05-27,4.7480
1997-05-28,4.7600
1997-05-29,4.7230
1997-05-30,4.8570
1997-06-02,4.7330
1997-06-03,4.7450
1997-06-04,4.7250
1997-06-05,4.7330
1997-06-06,4.9000
1997-06-09,4.8140
1997-06-10,4.7590
1997-06-11,4.7700
1997-06-12,4.7450
1997-06-13,4.7100
1997-06-16,4.7050
1997-06-17,4.7200
1997-06-18,4.7980
1997-06-19,4.7250
1997-06-20,4.7500
1997-06-23,4.7230
1997-06-24,4.8000
1997-06-25,4.7730
1997-06-26,4.7700
1997-06-27,4.7500
1997-06-30,4.7150
1997-07-01,4.6450
1997-07-02,4.6450
1997-07-03,4.6540
1997-07-04,4.5480
1997-07-07,4.4740
1997-07-08,4.2500
1997-07-09,4.2780
1997-07-10,4.3450
1997-07-11,4.3590
1997-07-14,4.3430
1997-07-15,4.2780
1997-07-16,4.3180
1997-07-17,4.2240
1997-07-18,4.2650
1997-07-21,4.3200
1997-07-22,4.2800
1997-07-23,4.2950
1997-07-24,4.2830
1997-07-25,4.3130
1997-07-28,4.3450
1997-07-29,4.3630
1997-07-30,4.3640
1997-07-31,4.3830
1997-08-01,4.4740
1997-08-04,4.4600
1997-08-05,4.5080
1997-08-06,4.3400
1997-08-07,4.3250
1997-08-08,4.3830
1997-08-11,4.3930
1997-08-12,4.4320
1997-08-13,4.4600
1997-08-14,4.4790
1997-08-15,4.4100
1997-08-18,4.5250
1997-08-19,4.5140
1997-08-20,4.5100
1997-08-21,4.5180
1997-08-22,4.4980
1997-08-26,4.6590
1997-08-27,4.6550
1997-08-28,4.6590
1997-08-29,4.7250
1997-09-01,4.6600
1997-09-02,4.7030
1997-09-03,4.6330
1997-09-04,4.6730
1997-09-05,4.7050
1997-09-08,4.7150
1997-09-09,4.6750
1997-09-10,4.7350
1997-09-11,4.7380
1997-09-12,4.7830
1997-09-15,4.7580
1997-09-16,4.7130
1997-09-17,4.5870
1997-09-18,4.6320
1997-09-19,4.7210
1997-09-22,4.7130
1997-09-23,4.6850
1997-09-24,4.7230
1997-09-25,4.7510
1997-09-26,4.7650
1997-09-29,4.8700
1997-09-30,5.1680
1997-10-01,5.1850
1997-10-02,5.1450
1997-10-03,5.1530
1997-10-06,5.2800
1997-10-07,5.1810
1997-10-08,5.2510
1997-10-09,5.2380
1997-10-10,5.1430
1997-10-13,5.1850
1997-10-14,5.1250
1997-10-15,4.9900
1997-10-16,5.1030
1997-10-17,4.9150
1997-10-20,4.9390
1997-10-21,4.9550
1997-10-22,4.9700
1997-10-23,5.0750
1997-10-24,4.9030
1997-10-27,4.8280
1997-10-28,4.8250
1997-10-29,4.7940
1997-10-30,4.8060
1997-10-31,4.8150
1997-11-03,4.7830
1997-11-04,4.8430
1997-11-05,4.8500
1997-11-06,4.8500
1997-11-07,4.9500
1997-11-10,4.8700
1997-11-11,4.9380
1997-11-12,4.9450
1997-11-13,5.0230
1997-11-14,5.0580
1997-11-17,5.1350
1997-11-18,5.1080
1997-11-19,5.1230
1997-11-20,5.2300
1997-11-21,5.2500
1997-11-24,5.4750
1997-11-25,5.3310
1997-11-26,5.2350
1997-11-27,5.2680
1997-11-28,5.2980
1997-12-01,5.2350
1997-12-02,5.3150
1997-12-03,5.3150
1997-12-04,5.2950
1997-12-05,5.3100
1997-12-08,5.4300
1997-12-09,5.3830
1997-12-10,5.8350
1997-12-11,6.0500
1997-12-12,5.7850
1997-12-15,5.9600
1997-12-16,5.8380
1997-12-17,6.0500
1997-12-18,6.0100
1997-12-19,6.0850
1997-12-22,6.0550
1997-12-23,6.0300
1997-12-24,6.2680
1997-12-29,6.2400
1997-12-30,6.2030
1997-12-31,5.9950
1998-01-02,5.9400
1998-01-05,5.8800
1998-01-06,6.0200
1998-01-07,6.0950
1998-01-08,6.0640
1998-01-09,5.7400
1998-01-12,5.5330
1998-01-13,5.5900
1998-01-14,5.7000
1998-01-15,5.7950
1998-01-16,5.8930
1998-01-19,5.7650
1998-01-20,5.8000
1998-01-21,5.7950
1998-01-22,5.8800
1998-01-23,5.8250
1998-01-26,5.9380
1998-01-27,6.0480
1998-01-28,6.0180
1998-01-29,6.1580
1998-01-30,6.0480
1998-02-02,6.2500
1998-02-03,6.3850
1998-02-04,7.0500
1998-02-05,7.5460
1998-02-06,7.8100
1998-02-09,7.1900
1998-02-10,7.1350
1998-02-11,7.0900
1998-02-12,7.0000
1998-02-13,7.0800
1998-02-16,7.0900
1998-02-17,7.2150
1998-02-18,6.7150
1998-02-19,6.6900
1998-02-20,6.7650
1998-02-23,6.4750
1998-02-24,6.3900
1998-02-25,6.3400
1998-02-26,6.0480
1998-02-27,6.3700
1998-03-02,6.6050
1998-03-03,6.4980
1998-03-04,6.3900
1998-03-05,6.3200
1998-03-06,6.3100
1998-03-09,6.0640
1998-03-10,6.1180
1998-03-11,6.3130
1998-03-12,6.1750
1998-03-13,6.2350
1998-03-16,6.1180
1998-03-17,6.0730
1998-03-18,5.8000
1998-03-19,5.8450
1998-03-20,5.9330
1998-03-23,6.3230
1998-03-24,6.4600
1998-03-25,6.3380
1998-03-26,6.3600
1998-03-27,6.3750
1998-03-30,6.3500
1998-03-31,6.3450
1998-04-01,6.4650
1998-04-02,6.4540
1998-04-03,6.7300
1998-04-06,6.6350
1998-04-07,6.3850
1998-04-08,6.4600
1998-04-09,6.4100
1998-04-14,6.4100
1998-04-15,6.2400
1998-04-16,6.0700
1998-04-17,6.2750
1998-04-20,6.2740
1998-04-21,6.2300
1998-04-22,6.3100
1998-04-23,6.3200
1998-04-24,6.3150
1998-04-27,6.2150
1998-04-28,6.1350
1998-04-29,6.1050
1998-04-30,6.2150
1998-05-01,6.1700
1998-05-05,6.2350
1998-05-06,6.0780
1998-05-07,5.8800
1998-05-08,6.0080
1998-05-11,5.7900
1998-05-12,5.7880
1998-05-13,5.4600
1998-05-14,5.5600
1998-05-15,5.6630
1998-05-18,5.4200
1998-05-19,5.2530
1998-05-20,5.2100
1998-05-21,5.3400
1998-05-22,5.3100
1998-05-26,5.2800
1998-05-27,5.0850
1998-05-28,5.1750
1998-05-29,4.9570
1998-06-01,5.1430
1998-06-02,5.1180
1998-06-03,5.1900
1998-06-04,5.1750
1998-06-05,5.2300
1998-06-08,5.2550
1998-06-09,5.4600
1998-06-10,5.3550
1998-06-11,5.3080
1998-06-12,5.1650
1998-06-15,5.0930
1998-06-16,5.1350
1998-06-17,5.2800
1998-06-18,5.3180
1998-06-19,5.2950
1998-06-22,5.3100
1998-06-23,5.3600
1998-06-24,5.3350
1998-06-25,5.2930
1998-06-26,5.3900
1998-06-29,5.3050
1998-06-30,5.3580
1998-07-01,5.5250
1998-07-02,5.4450
1998-07-03,5.3430
1998-07-06,5.3200
1998-07-07,5.3450
1998-07-08,5.3300
1998-07-09,5.3350
1998-07-10,5.2950
1998-07-13,5.2680
1998-07-14,5.3300
1998-07-15,5.3200
1998-07-16,5.3630
1998-07-17,5.2850
1998-07-20,5.3900
1998-07-21,5.4230
1998-07-22,5.6500
1998-07-23,5.6730
1998-07-24,5.8330
1998-07-27,5.6250
1998-07-28,5.6400
1998-07-29,5.6700
1998-07-30,5.5400
1998-07-31,5.5250
1998-08-03,5.4080
1998-08-04,5.3850
1998-08-05,5.4730
1998-08-06,5.4200
1998-08-07,5.4100
1998-08-10,5.2850
1998-08-11,5.2000
1998-08-12,5.2450
1998-08-13,5.1050
1998-08-14,5.1400
1998-08-17,5.1300
1998-08-18,5.1200
1998-08-19,5.1000
1998-08-20,5.1030
1998-08-21,5.1600
1998-08-24,5.1600
1998-08-25,5.0730
1998-08-26,4.9650
1998-08-27,4.9750
1998-08-28,4.7850
1998-09-01,4.7300
1998-09-02,4.8480
1998-09-03,4.8100
1998-09-04,4.9800
1998-09-07,5.0400
1998-09-08,5.0100
1998-09-09,4.8500
1998-09-10,4.9800
1998-09-11,5.0530
1998-09-14,4.9600
1998-09-15,4.9300
1998-09-16,4.9500
1998-09-17,4.9430
1998-09-18,4.9950
1998-09-21,5.0050
1998-09-22,4.8950
1998-09-23,4.8800
1998-09-24,5.0600
1998-09-25,5.1850
1998-09-28,5.1400
1998-09-29,5.3550
1998-09-30,5.3850
1998-10-01,5.3600
1998-10-02,5.3050
1998-10-05,5.1550
1998-10-06,5.0880
1998-10-07,5.1300
1998-10-08,5.2200
1998-10-09,5.0130
1998-10-12,4.8450
1998-10-13,4.8650
1998-10-14,4.8030
1998-10-15,4.8200
1998-10-16,4.9600
1998-10-19,4.9000
1998-10-20,4.8550
1998-10-21,4.8900
1998-10-22,4.8800
1998-10-23,4.8650
1998-10-26,4.8600
1998-10-27,5.0000
1998-10-28,5.0600
1998-10-29,5.0450
1998-10-30,5.0550
1998-11-02,5.0350
1998-11-03,4.9600
1998-11-04,4.9250
1998-11-05,4.9500
1998-11-06,5.0350
1998-11-09,4.9950
1998-11-10,5.0000
1998-11-11,4.9880
1998-11-12,4.9850
1998-11-13,5.1280
1998-11-16,5.0350
1998-11-17,4.9500
1998-11-18,4.9550
1998-11-19,5.0100
1998-11-20,4.9600
1998-11-23,4.9150
1998-11-24,4.9180
1998-11-25,4.9150
1998-11-26,4.9200
1998-11-27,4.9350
1998-11-30,4.9250
1998-12-01,4.8750
1998-12-02,4.8750
1998-12-03,4.6900
1998-12-04,4.7830
1998-12-07,4.7600
1998-12-08,4.7800
1998-12-09,4.8200
1998-12-10,4.8350
1998-12-11,4.8350
1998-12-14,4.7850
1998-12-15,4.8700
1998-12-16,4.9430
1998-12-17,5.0180
1998-12-18,4.9350
1998-12-21,4.9500
1998-12-22,4.8900
1998-12-23,4.8900
1998-12-24,4.9050
1998-12-29,4.9150
1998-12-30,5.0300
1998-12-31,5.0050
1999-01-04,4.9950
1999-01-05,4.9100
1999-01-06,5.1530
1999-01-07,5.2900
1999-01-08,5.2100
1999-01-11,5.2550
1999-01-12,5.3550
1999-01-13,5.1850
1999-01-14,5.1400
1999-01-15,5.1050
1999-01-18,5.1300
1999-01-19,5.1250
1999-01-20,5.1300
1999-01-21,5.1530
1999-01-22,5.1350
1999-01-25,5.0950
1999-01-26,5.1500
1999-01-27,5.0800
1999-01-28,5.0880
1999-01-29,5.2380
1999-02-01,5.2750
1999-02-02,5.2800
1999-02-03,5.5400
1999-02-04,5.6200
1999-02-05,5.6900
1999-02-08,5.5750
1999-02-09,5.5300
1999-02-10,5.5250
1999-02-11,5.4950
1999-02-12,5.6400
1999-02-15,5.7500
1999-02-16,5.6650
1999-02-17,5.3850
1999-02-18,5.4630
1999-02-19,5.6000
1999-02-22,5.5750
1999-02-23,5.5050
1999-02-24,5.5000
1999-02-25,5.4200
1999-02-26,5.5800
1999-03-01,5.6200
1999-03-02,5.4850
1999-03-03,5.3450
1999-03-04,5.2230
1999-03-05,5.2950
1999-03-08,5.2450
1999-03-09,5.3150
1999-03-10,5.2400
1999-03-11,5.2850
1999-03-12,5.3080
1999-03-15,5.2050
1999-03-16,5.0550
1999-03-17,5.0430
1999-03-18,5.0400
1999-03-19,5.0350
1999-03-22,5.0700
1999-03-23,5.1300
1999-03-24,5.0950
1999-03-25,5.0550
1999-03-26,5.0580
1999-03-29,5.0930
1999-03-30,5.1150
1999-03-31,5.0250
1999-04-01,5.0100
1999-04-06,4.9450
1999-04-07,4.9580
1999-04-08,4.9780
1999-04-09,4.9150
1999-04-12,4.9800
1999-04-13,4.8900
1999-04-14,4.9400
1999-04-15,4.8800
1999-04-16,5.0200
1999-04-19,5.0650
1999-04-20,5.1450
1999-04-21,5.1150
1999-04-22,5.1530
1999-04-23,5.1830
1999-04-26,5.1450
1999-04-27,5.0980
1999-04-28,5.2050
1999-04-29,5.2750
1999-04-30,5.4400
1999-05-04,5.3250
1999-05-05,5.2950
1999-05-06,5.4300
1999-05-07,5.2730
1999-05-10,5.3750
1999-05-11,5.3830
1999-05-12,5.4000
1999-05-13,5.3650
1999-05-14,5.4700
1999-05-17,5.3600
1999-05-18,5.3750
1999-05-19,5.2850
1999-05-20,5.3150
1999-05-21,5.3050
1999-05-24,5.1450
1999-05-25,5.0850
1999-05-26,5.0500
1999-05-27,4.9550
1999-05-28,4.9350
1999-06-01,4.8800
1999-06-02,4.9800
1999-06-03,4.9600
1999-06-04,4.9030
1999-06-07,4.9800
1999-06-08,4.9800
1999-06-09,4.9280
1999-06-10,5.0200
1999-06-11,5.0900
1999-06-14,5.1150
1999-06-15,5.0730
1999-06-16,5.0100
1999-06-17,5.0480
1999-06-18,5.0650
1999-06-21,4.9700
1999-06-22,5.0200
1999-06-23,5.0700
1999-06-24,5.1000
1999-06-25,5.1250
1999-06-28,5.0730
1999-06-29,5.1500
1999-06-30,5.2180
1999-07-01,5.3100
1999-07-02,5.2400
1999-07-05,5.2700
1999-07-06,5.2580
1999-07-07,5.1750
1999-07-08,5.2250
1999-07-09,5.2150
1999-07-12,5.2280
1999-07-13,5.0890
1999-07-14,5.1200
1999-07-15,5.0500
1999-07-16,5.1100
1999-07-19,5.0500
1999-07-20,5.0500
1999-07-21,5.0250
1999-07-22,5.1150
1999-07-23,5.1300
1999-07-26,5.1150
1999-07-27,5.1600
1999-07-28,5.1500
1999-07-29,5.3230
1999-07-30,5.4480
1999-08-02,5.3600
1999-08-03,5.4100
1999-08-04,5.5200
1999-08-05,5.4550
1999-08-06,5.3850
1999-08-09,5.3580
1999-08-10,5.2800
1999-08-11,5.3400
1999-08-12,5.3950
1999-08-13,5.3400
1999-08-16,5.2580
1999-08-17,5.2350
1999-08-18,5.2400
1999-08-19,5.2050
1999-08-20,5.1880
1999-08-23,5.2450
1999-08-24,5.1300
1999-08-25,5.1100
1999-08-26,5.0750
1999-08-27,5.1200
1999-08-31,5.0780
1999-09-01,5.1950
1999-09-02,5.1430
1999-09-03,5.1900
1999-09-06,5.1350
1999-09-07,5.1600
1999-09-08,5.1650
1999-09-09,5.1880
1999-09-10,5.2000
1999-09-13,5.1900
1999-09-14,5.1350
1999-09-15,5.1300
1999-09-16,5.1000
1999-09-17,5.0980
1999-09-20,5.1150
1999-09-21,5.1400
1999-09-22,5.2550
1999-09-23,5.2600
1999-09-24,5.2500
1999-09-27,5.3180
1999-09-28,5.4400
1999-09-29,5.7100
1999-09-30,5.5750
1999-10-01,5.6730
1999-10-04,5.6050
1999-10-05,5.7100
1999-10-06,5.4730
1999-10-07,5.5780
1999-10-08,5.5550
1999-10-11,5.5200
1999-10-12,5.5650
1999-10-13,5.5500
1999-10-14,5.6500
1999-10-15,5.3800
1999-10-18,5.3450
1999-10-19,5.2300
1999-10-20,5.2400
1999-10-21,5.1730
1999-10-22,5.2100
1999-10-25,5.2400
1999-10-26,5.2630
1999-10-27,5.1850
1999-10-28,5.2100
1999-10-29,5.2900
1999-11-01,5.1950
1999-11-02,5.2100
1999-11-03,5.2200
1999-11-04,5.2200
1999-11-05,5.2100
1999-11-08,5.0550
1999-11-09,5.0780
1999-11-10,5.1100
1999-11-11,5.1250
1999-11-12,5.0750
1999-11-15,5.0700
1999-11-16,5.0950
1999-11-17,5.1680
1999-11-18,5.1000
1999-11-19,5.1300
1999-11-22,5.1350
1999-11-23,5.1730
1999-11-24,5.2500
1999-11-25,5.1980
1999-11-26,5.1980
1999-11-29,5.2200
1999-11-30,5.1800
1999-12-01,5.1900
1999-12-02,5.1600
1999-12-03,5.0850
1999-12-06,5.0700
1999-12-07,5.1350
1999-12-08,5.1400
1999-12-09,5.0900
1999-12-10,5.1080
1999-12-13,5.1150
1999-12-14,5.1030
1999-12-15,5.1850
1999-12-16,5.1600
1999-12-17,5.2000
1999-12-20,5.2000
1999-12-21,5.1750
1999-12-22,5.1650
1999-12-23,5.1980
1999-12-24,5.1900
1999-12-29,5.1900
1999-12-30,5.3300
2000-01-04,5.3030
2000-01-05,5.2850
2000-01-06,5.1400
2000-01-07,5.1350
2000-01-10,5.1450
2000-01-11,5.1550
2000-01-12,5.1450
2000-01-13,5.0900
2000-01-14,5.0950
2000-01-17,5.1250
2000-01-18,5.1300
2000-01-19,5.1030
2000-01-20,5.1300
2000-01-21,5.1800
2000-01-24,5.2100
2000-01-25,5.2680
2000-01-26,5.2000
2000-01-27,5.2950
2000-01-28,5.3700
2000-01-31,5.2600
2000-02-01,5.2430
2000-02-02,5.2080
2000-02-03,5.2000
2000-02-04,5.2300
2000-02-07,5.4480
2000-02-08,5.2700
2000-02-09,5.3630
2000-02-10,5.3600
2000-02-11,5.3600
2000-02-14,5.2350
2000-02-15,5.2400
2000-02-16,5.2300
2000-02-17,5.2850
2000-02-18,5.2300
2000-02-21,5.2400
2000-02-22,5.2400
2000-02-23,5.2550
2000-02-24,5.2200
2000-02-25,5.1500
2000-02-28,5.0780
2000-02-29,5.0950
2000-03-01,5.1250
2000-03-02,5.0350
2000-03-03,5.0200
2000-03-06,5.0900
2000-03-07,5.0500
2000-03-08,5.0650
2000-03-09,5.0500
2000-03-10,5.1100
2000-03-13,5.0930
2000-03-14,5.0800
2000-03-15,5.0800
2000-03-16,5.1150
2000-03-17,5.0600
2000-03-20,5.0650
2000-03-21,5.0350
2000-03-22,5.1300
2000-03-23,5.1050
2000-03-24,5.0800
2000-03-27,5.0900
2000-03-28,5.0650
2000-03-29,5.0500
2000-03-30,4.9400
2000-03-31,4.9350
2000-04-03,5.0400
2000-04-04,4.9900
2000-04-05,5.1100
2000-04-06,5.0950
2000-04-07,5.0850
2000-04-10,5.0800
2000-04-11,5.1180
2000-04-12,5.0950
2000-04-13,5.1000
2000-04-14,5.1300
2000-04-17,5.1350
2000-04-18,5.0850
2000-04-19,5.1030
2000-04-20,5.0950
2000-04-25,4.9600
2000-04-26,4.9700
2000-04-27,4.9750
2000-04-28,4.9380
2000-05-02,5.0050
2000-05-03,5.0000
2000-05-04,5.0000
2000-05-05,5.0750
2000-05-08,4.9850
2000-05-09,4.9900
2000-05-10,5.0250
2000-05-11,5.0000
2000-05-12,4.9700
2000-05-15,4.9800
2000-05-16,5.0050
2000-05-17,5.0400
2000-05-18,4.9650
2000-05-19,4.9800
2000-05-22,4.9780
2000-05-23,4.9950
2000-05-24,4.9800
2000-05-25,4.9680
2000-05-26,4.9150
2000-05-30,4.9400
2000-05-31,4.9000
2000-06-01,4.8950
2000-06-02,4.9100
2000-06-05,5.0300
2000-06-06,5.0050
2000-06-07,5.0450
2000-06-08,5.0550
2000-06-09,5.0350
2000-06-12,5.0100
2000-06-13,5.0880
2000-06-14,4.9950
2000-06-15,5.0600
2000-06-16,5.0500
2000-06-19,5.0400
2000-06-20,4.9900
2000-06-21,5.0200
2000-06-22,4.9300
2000-06-23,4.9550
2000-06-26,4.9400
2000-06-27,4.9550
2000-06-28,4.9350
2000-06-29,4.9780
2000-06-30,5.0180
2000-07-03,4.9950
2000-07-04,4.9900
2000-07-05,4.9900
2000-07-06,4.9700
2000-07-07,4.9850
2000-07-10,4.9750
2000-07-11,4.9750
2000-07-12,4.9550
2000-07-13,4.9550
2000-07-14,4.9600
2000-07-17,5.0050
2000-07-18,5.0150
2000-07-19,4.9900
2000-07-20,4.9600
2000-07-21,4.9880
2000-07-24,4.9250
2000-07-25,4.9200
2000-07-26,4.9650
2000-07-27,4.9350
2000-07-28,4.9500
2000-07-31,4.9500
2000-08-01,4.9780
2000-08-02,4.9600
2000-08-03,4.9580
2000-08-04,4.9480
2000-08-07,4.9200
2000-08-08,4.9250
2000-08-09,4.8700
2000-08-10,4.8750
2000-08-11,4.9000
2000-08-14,4.9100
2000-08-15,4.8650
2000-08-16,4.8450
2000-08-17,4.8700
2000-08-18,4.8530
2000-08-21,4.8350
2000-08-22,4.8280
2000-08-23,4.8100
2000-08-24,4.7600
2000-08-25,4.8600
2000-08-29,4.8850
2000-08-30,4.8930
2000-08-31,4.9100
2000-09-01,4.9400
2000-09-04,4.9550
2000-09-05,4.9430
2000-09-06,4.9500
2000-09-07,4.9100
2000-09-08,4.8900
2000-09-11,4.8650
2000-09-12,4.8550
2000-09-13,4.8800
2000-09-14,4.8650
2000-09-15,4.8680
2000-09-18,4.8550
2000-09-19,4.8480
2000-09-20,4.8550
2000-09-21,4.8200
2000-09-22,4.8830
2000-09-25,4.8930
2000-09-26,4.8980
2000-09-27,4.9000
2000-09-28,4.9380
2000-09-29,4.8880
2000-10-02,4.8830
2000-10-03,4.8800
2000-10-04,4.8850
2000-10-05,4.8750
2000-10-06,4.8550
2000-10-09,4.8600
2000-10-10,4.8650
2000-10-11,4.8850
2000-10-12,4.8530
2000-10-13,4.8830
2000-10-16,4.8600
2000-10-17,4.8450
2000-10-18,4.8400
2000-10-19,4.8300
2000-10-20,4.8150
2000-10-23,4.8300
2000-10-24,4.7800
2000-10-25,4.7800
2000-10-26,4.7500
2000-10-27,4.7180
2000-10-30,4.7550
2000-10-31,4.7400
2000-11-01,4.7500
2000-11-02,4.7500
2000-11-03,4.7100
2000-11-06,4.7300
2000-11-07,4.7400
2000-11-08,4.7150
2000-11-09,4.7230
2000-11-10,4.7250
2000-11-13,4.6700
2000-11-14,4.6630
2000-11-15,4.6600
2000-11-16,4.6700
2000-11-17,4.6530
2000-11-20,4.6450
2000-11-21,4.6480
2000-11-22,4.6200
2000-11-23,4.6200
2000-11-24,4.6150
2000-11-27,4.6200
2000-11-28,4.6930
2000-11-29,4.6950
2000-11-30,4.6300
2000-12-01,4.6850
2000-12-04,4.6650
2000-12-05,4.6930
2000-12-06,4.7100
2000-12-07,4.7450
2000-12-08,4.7100
2000-12-11,4.6600
2000-12-12,4.6600
2000-12-13,4.6500
2000-12-14,4.6380
2000-12-15,4.6100
2000-12-18,4.5750
2000-12-19,4.5700
2000-12-20,4.6100
2000-12-21,4.6050
2000-12-22,4.6000
2000-12-27,4.6300
2000-12-28,4.5950
2000-12-29,4.5750
2001-01-02,4.5900
2001-01-03,4.5250
2001-01-04,4.4950
2001-01-05,4.5200
2001-01-08,4.5700
2001-01-09,4.5500
2001-01-10,4.5300
2001-01-11,4.5450
2001-01-12,4.5600
2001-01-15,4.6000
2001-01-16,4.6050
2001-01-17,4.6680
2001-01-18,4.7250
2001-01-19,4.8200
2001-01-22,4.7750
2001-01-23,4.8050
2001-01-24,4.7650
2001-01-25,4.7780
2001-01-26,4.7850
2001-01-29,4.7850
2001-01-30,4.7980
2001-01-31,4.7900
2001-02-01,4.7980
2001-02-02,4.7450
2001-02-05,4.7200
2001-02-06,4.6600
2001-02-07,4.6300
2001-02-08,4.5800
2001-02-09,4.5700
2001-02-12,4.5550
2001-02-13,4.5700
2001-02-14,4.5500
2001-02-15,4.5150
2001-02-16,4.5000
2001-02-19,4.4950
2001-02-20,4.4980
2001-02-21,4.4200
2001-02-22,4.4250
2001-02-23,4.4500
2001-02-26,4.4350
2001-02-27,4.4630
2001-02-28,4.4300
2001-03-01,4.5100
2001-03-02,4.4200
2001-03-05,4.4000
2001-03-06,4.4200
2001-03-07,4.4200
2001-03-08,4.4600
2001-03-09,4.5050
2001-03-12,4.5100
2001-03-13,4.4150
2001-03-14,4.4500
2001-03-15,4.4200
2001-03-16,4.3500
2001-03-19,4.3250
2001-03-20,4.3350
2001-03-21,4.3350
2001-03-22,4.3400
2001-03-23,4.3450
2001-03-26,4.3500
2001-03-27,4.3650
2001-03-28,4.4280
2001-03-29,4.3600
2001-03-30,4.3300
2001-04-02,4.2950
2001-04-03,4.3250
2001-04-04,4.3250
2001-04-05,4.3450
2001-04-06,4.3500
2001-04-09,4.3500
2001-04-10,4.3250
2001-04-11,4.3300
2001-04-12,4.3650
2001-04-17,4.4050
2001-04-18,4.3250
2001-04-19,4.3750
2001-04-20,4.4300
2001-04-23,4.4200
2001-04-24,4.4300
2001-04-25,4.4350
2001-04-26,4.3800
2001-04-27,4.4000
2001-04-30,4.3650
2001-05-01,4.3380
2001-05-02,4.3850
2001-05-03,4.3850
2001-05-04,4.3600
2001-05-08,4.3250
2001-05-09,4.3230
2001-05-10,4.3950
2001-05-11,4.3450
2001-05-14,4.3400
2001-05-15,4.3400
2001-05-16,4.3350
2001-05-17,4.4200
2001-05-18,4.4500
2001-05-21,4.5850
2001-05-22,4.5150
2001-05-23,4.5200
2001-05-24,4.6250
2001-05-25,4.5680
2001-05-29,4.5200
2001-05-30,4.5130
2001-05-31,4.4250
2001-06-01,4.3950
2001-06-04,4.4050
2001-06-05,4.3480
2001-06-06,4.3600
2001-06-07,4.3350
2001-06-08,4.3450
2001-06-11,4.3600
2001-06-12,4.3330
2001-06-13,4.3850
2001-06-14,4.3980
2001-06-15,4.4500
2001-06-18,4.3750
2001-06-19,4.4300
2001-06-20,4.4000
2001-06-21,4.3500
2001-06-22,4.3350
2001-06-25,4.3200
2001-06-26,4.3000
2001-06-27,4.3530
2001-06-28,4.3050
2001-06-29,4.3350
2001-07-02,4.3050
2001-07-03,4.2900
2001-07-04,4.2700
2001-07-05,4.2600
2001-07-06,4.2250
2001-07-09,4.2650
2001-07-10,4.2650
2001-07-11,4.2550
2001-07-12,4.2600
2001-07-13,4.2530
2001-07-16,4.3100
2001-07-17,4.2200
2001-07-18,4.2400
2001-07-19,4.2700
2001-07-20,4.2200
2001-07-23,4.2580
2001-07-24,4.2600
2001-07-25,4.2400
2001-07-26,4.2400
2001-07-27,4.2500
2001-07-30,4.2250
2001-07-31,4.2150
2001-08-01,4.2400
2001-08-02,4.2330
2001-08-03,4.2400
2001-08-06,4.2200
2001-08-07,4.1400
2001-08-08,4.1550
2001-08-09,4.1550
2001-08-10,4.2200
2001-08-13,4.1750
2001-08-14,4.1600
2001-08-15,4.2300
2001-08-16,4.1700
2001-08-17,4.2150
2001-08-20,4.2400
2001-08-21,4.1650
2001-08-22,4.2050
2001-08-23,4.1950
2001-08-24,4.2200
2001-08-28,4.2100
2001-08-29,4.2100
2001-08-30,4.2030
2001-08-31,4.2000
2001-09-03,4.1950
2001-09-04,4.1750
2001-09-05,4.1900
2001-09-06,4.1800
2001-09-07,4.1850
2001-09-10,4.1800
2001-09-11,4.1800
2001-09-12,4.2200
2001-09-13,4.2150
2001-09-14,4.2700
2001-09-17,4.2900
2001-09-18,4.3650
2001-09-19,4.4650
2001-09-20,4.6200
2001-09-21,4.6000
2001-09-24,4.5080
2001-09-25,4.5200
2001-09-26,4.5530
2001-09-27,4.5450
2001-09-28,4.5850
2001-10-01,4.5800
2001-10-02,4.5950
2001-10-03,4.5880
2001-10-04,4.6100
2001-10-05,4.6450
2001-10-08,4.6450
2001-10-09,4.6300
2001-10-10,4.4880
2001-10-11,4.4150
2001-10-12,4.4200
2001-10-15,4.4200
2001-10-16,4.3550
2001-10-17,4.3750
2001-10-18,4.3450
2001-10-19,4.2400
2001-10-22,4.2350
2001-10-23,4.2250
2001-10-24,4.2450
2001-10-25,4.1900
2001-10-26,4.2050
2001-10-29,4.2150
2001-10-30,4.2880
2001-10-31,4.2750
2001-11-01,4.2350
2001-11-02,4.2200
2001-11-05,4.1250
2001-11-06,4.1250
2001-11-07,4.1450
2001-11-08,4.1300
2001-11-09,4.1050
2001-11-12,4.1500
2001-11-13,4.1130
2001-11-14,4.1800
2001-11-15,4.1100
2001-11-16,4.1180
2001-11-19,4.1100
2001-11-20,4.0800
2001-11-21,4.0650
2001-11-22,4.0650
2001-11-23,4.0950
2001-11-26,4.0700
2001-11-27,4.0700
2001-11-28,4.0900
2001-11-29,4.1380
2001-11-30,4.1400
2001-12-03,4.1800
2001-12-04,4.2080
2001-12-05,4.1450
2001-12-06,4.2200
2001-12-07,4.2700
2001-12-10,4.2350
2001-12-11,4.2450
2001-12-12,4.2900
2001-12-13,4.2700
2001-12-14,4.3600
2001-12-17,4.3850
2001-12-18,4.4400
2001-12-19,4.4900
2001-12-20,4.3850
2001-12-21,4.5200
2001-12-24,4.5400
2001-12-27,4.5400
2001-12-28,4.5000
2001-12-31,4.5200
2002-01-02,4.5900
2002-01-03,4.6300
2002-01-04,4.6800
2002-01-07,4.7150
2002-01-08,4.7700
2002-01-09,4.7500
2002-01-10,4.8450
2002-01-11,4.7600
2002-01-14,4.6680
2002-01-15,4.5550
2002-01-16,4.6700
2002-01-17,4.5650
2002-01-18,4.4130
2002-01-21,4.3550
2002-01-22,4.3400
2002-01-23,4.2980
2002-01-24,4.2930
2002-01-25,4.3330
2002-01-28,4.2850
2002-01-29,4.2350
2002-01-30,4.2950
2002-01-31,4.2750
2002-02-01,4.2480
2002-02-04,4.3000
2002-02-05,4.3000
2002-02-06,4.4750
2002-02-07,4.3650
2002-02-08,4.3800
2002-02-11,4.4000
2002-02-12,4.3880
2002-02-13,4.4400
2002-02-14,4.5100
2002-02-15,4.5800
2002-02-18,4.5450
2002-02-19,4.5150
2002-02-20,4.4950
2002-02-21,4.4050
2002-02-22,4.4450
2002-02-25,4.3950
2002-02-26,4.3750
2002-02-27,4.4500
2002-02-28,4.4350
2002-03-01,4.4950
2002-03-04,4.5980
2002-03-05,4.5700
2002-03-06,4.5250
2002-03-07,4.4800
2002-03-08,4.4850
2002-03-11,4.5300
2002-03-12,4.4930
2002-03-13,4.5030
2002-03-14,4.5430
2002-03-15,4.4850
2002-03-18,4.4850
2002-03-19,4.5080
2002-03-20,4.5150
2002-03-21,4.5130
2002-03-22,4.5050
2002-03-25,4.5350
2002-03-26,4.5630
2002-03-27,4.6420
2002-03-28,4.6750
2002-04-02,4.6650
2002-04-03,4.7000
2002-04-04,4.6130
2002-04-05,4.6150
2002-04-08,4.5580
2002-04-09,4.5650
2002-04-10,4.5550
2002-04-11,4.6150
2002-04-12,4.5650
2002-04-15,4.5800
2002-04-16,4.4600
2002-04-17,4.4450
2002-04-18,4.4600
2002-04-19,4.5030
2002-04-22,4.5400
2002-04-23,4.5250
2002-04-24,4.5830
2002-04-25,4.5900
2002-04-26,4.6200
2002-04-29,4.6350
2002-04-30,4.6000
2002-05-01,4.5400
2002-05-02,4.5200
2002-05-03,4.5650
2002-05-07,4.6200
2002-05-08,4.6200
2002-05-09,4.5600
2002-05-10,4.6230
2002-05-13,4.6900
2002-05-14,4.6150
2002-05-15,4.6000
2002-05-16,4.6350
2002-05-17,4.6400
2002-05-20,4.6600
2002-05-21,4.7850
2002-05-22,4.8200
2002-05-23,4.7750
2002-05-24,4.8550
2002-05-27,4.7700
2002-05-28,4.8200
2002-05-29,4.9100
2002-05-30,4.9050
2002-05-31,5.0450
2002-06-05,5.0500
2002-06-06,4.9350
2002-06-07,5.0080
2002-06-10,4.9400
2002-06-11,4.8900
2002-06-12,4.8800
2002-06-13,4.8650
2002-06-14,4.8900
2002-06-17,4.8200
2002-06-18,4.8450
2002-06-19,4.8950
2002-06-20,4.8600
2002-06-21,4.8800
2002-06-24,4.9050
2002-06-25,4.8500
2002-06-26,4.8800
2002-06-27,4.8200
2002-06-28,4.8700
2002-07-01,4.8000
2002-07-02,4.8650
2002-07-03,4.9150
2002-07-04,4.9100
2002-07-05,4.9100
2002-07-08,4.9400
2002-07-09,4.9650
2002-07-10,5.0430
2002-07-11,5.0200
2002-07-12,5.0600
2002-07-15,5.0450
2002-07-16,5.0980
2002-07-17,5.0000
2002-07-18,4.9950
2002-07-19,5.0100
2002-07-22,5.0500
2002-07-23,4.9880
2002-07-24,4.8600
2002-07-25,4.8600
2002-07-26,4.8250
2002-07-29,4.6500
2002-07-30,4.6600
2002-07-31,4.6600
2002-08-01,4.5400
2002-08-02,4.6250
2002-08-05,4.6200
2002-08-06,4.6050
2002-08-07,4.6400
2002-08-08,4.6800
2002-08-09,4.6300
2002-08-12,4.7050
2002-08-13,4.6000
2002-08-14,4.6300
2002-08-15,4.4850
2002-08-16,4.5050
2002-08-19,4.4980
2002-08-20,4.4350
2002-08-21,4.4400
2002-08-22,4.4200
2002-08-23,4.4400
2002-08-27,4.4400
2002-08-28,4.5000
2002-08-29,4.4950
2002-08-30,4.5650
2002-09-02,4.4700
2002-09-03,4.4850
2002-09-04,4.4650
2002-09-05,4.5050
2002-09-06,4.5300
2002-09-09,4.5350
2002-09-10,4.5400
2002-09-11,4.5300
2002-09-12,4.5480
2002-09-13,4.5900
2002-09-16,4.5450
2002-09-17,4.5500
2002-09-18,4.5800
2002-09-19,4.6480
2002-09-20,4.6200
2002-09-23,4.6380
2002-09-24,4.6250
2002-09-25,4.6200
2002-09-26,4.5550
2002-09-27,4.5100
2002-09-30,4.5330
2002-10-01,4.5230
2002-10-02,4.4850
2002-10-03,4.4880
2002-10-04,4.4750
2002-10-07,4.4850
2002-10-08,4.4400
2002-10-09,4.3550
2002-10-10,4.3450
2002-10-11,4.2950
2002-10-14,4.3330
2002-10-15,4.3050
2002-10-16,4.3150
2002-10-17,4.3550
2002-10-18,4.3400
2002-10-21,4.3750
2002-10-22,4.3780
2002-10-23,4.4100
2002-10-24,4.3900
2002-10-25,4.3750
2002-10-28,4.4200
2002-10-29,4.4300
2002-10-30,4.4780
2002-10-31,4.4750
2002-11-01,4.5450
2002-11-04,4.4500
2002-11-05,4.5000
2002-11-06,4.4700
2002-11-07,4.5030
2002-11-08,4.5880
2002-11-11,4.5300
2002-11-12,4.5650
2002-11-13,4.5730
2002-11-14,4.5550
2002-11-15,4.5500
2002-11-18,4.5400
2002-11-19,4.5500
2002-11-20,4.5450
2002-11-21,4.5350
2002-11-22,4.4600
2002-11-25,4.5000
2002-11-26,4.4700
2002-11-27,4.4400
2002-11-28,4.4300
2002-11-29,4.4300
2002-12-02,4.4300
2002-12-03,4.4430
2002-12-04,4.5700
2002-12-05,4.6150
2002-12-06,4.6530
2002-12-09,4.6250
2002-12-10,4.5800
2002-12-11,4.6250
2002-12-12,4.6500
2002-12-13,4.7430
2002-12-16,4.7000
2002-12-17,4.7250
2002-12-18,4.6200
2002-12-19,4.7200
2002-12-20,4.6650
2002-12-23,4.6250
2002-12-24,4.6150
2002-12-27,4.6700
2002-12-30,4.7200
2002-12-31,4.6650
2003-01-02,4.7400
2003-01-03,4.7850
2003-01-06,4.9100
2003-01-07,4.8400
2003-01-08,4.7750
2003-01-09,4.8330
2003-01-10,4.8400
2003-01-13,4.8200
2003-01-14,4.8100
2003-01-15,4.7330
2003-01-16,4.7700
2003-01-17,4.8130
2003-01-20,4.7850
2003-01-21,4.7600
2003-01-22,4.8250
2003-01-23,4.8500
2003-01-24,4.7800
2003-01-27,4.9050
2003-01-28,4.8000
2003-01-29,4.8500
2003-01-30,4.7850
2003-01-31,4.8730
2003-02-03,4.8450
2003-02-04,4.8500
2003-02-05,4.9280
2003-02-06,4.7750
2003-02-07,4.7100
2003-02-10,4.6500
2003-02-11,4.5730
2003-02-12,4.5650
2003-02-13,4.5230
2003-02-14,4.5300
2003-02-17,4.4930
2003-02-18,4.5100
2003-02-19,4.5780
2003-02-20,4.6400
2003-02-21,4.6380
2003-02-24,4.6750
2003-02-25,4.6980
2003-02-26,4.6250
2003-02-27,4.6500
2003-02-28,4.5950
2003-03-03,4.6100
2003-03-04,4.6780
2003-03-05,4.6580
2003-03-06,4.6300
2003-03-07,4.6680
2003-03-10,4.6750
2003-03-11,4.6550
2003-03-12,4.6650
2003-03-13,4.5850
2003-03-14,4.5400
2003-03-17,4.5700
2003-03-18,4.4700
2003-03-19,4.4800
2003-03-20,4.4050
2003-03-21,4.4030
2003-03-24,4.3780
2003-03-25,4.3950
2003-03-26,4.3800
2003-03-27,4.4080
2003-03-28,4.3850
2003-03-31,4.4600
2003-04-01,4.4380
2003-04-02,4.3950
2003-04-03,4.3700
2003-04-04,4.3900
2003-04-07,4.3850
2003-04-08,4.4200
2003-04-09,4.4750
2003-04-10,4.4700
2003-04-11,4.4650
2003-04-14,4.4800
2003-04-15,4.5150
2003-04-16,4.4900
2003-04-17,4.4800
2003-04-22,4.5430
2003-04-23,4.5650
2003-04-24,4.6050
2003-04-25,4.6200
2003-04-28,4.6250
2003-04-29,4.5550
2003-04-30,4.6050
2003-05-01,4.6600
2003-05-02,4.7500
2003-05-06,4.7950
2003-05-07,4.7600
2003-05-08,4.7250
2003-05-09,4.7800
2003-05-12,4.7900
2003-05-13,4.8350
2003-05-14,4.8150
2003-05-15,4.8650
2003-05-16,4.7900
2003-05-19,4.8300
2003-05-20,4.8400
2003-05-21,4.7400
2003-05-22,4.7150
2003-05-23,4.6750
2003-05-27,4.6830
2003-05-28,4.5900
2003-05-29,4.6100
2003-05-30,4.5600
2003-06-02,4.5000
2003-06-03,4.5150
2003-06-04,4.5200
2003-06-05,4.4800
2003-06-06,4.5300
2003-06-09,4.5200
2003-06-10,4.5100
2003-06-11,4.4830
2003-06-12,4.4950
2003-06-13,4.5100
2003-06-16,4.5900
2003-06-17,4.6150
2003-06-18,4.5700
2003-06-19,4.5230
2003-06-20,4.5550
2003-06-23,4.5300
2003-06-24,4.5400
2003-06-25,4.5050
2003-06-26,4.5300
2003-06-27,4.5250
2003-06-30,4.5050
2003-07-01,4.5550
2003-07-02,4.5750
2003-07-03,4.6250
2003-07-04,4.6550
2003-07-07,4.6550
2003-07-08,4.6900
2003-07-09,4.7400
2003-07-10,4.8250
2003-07-11,4.7550
2003-07-14,4.7950
2003-07-15,4.7800
2003-07-16,4.6700
2003-07-17,4.6800
2003-07-18,4.6600
2003-07-21,4.7300
2003-07-22,4.7530
2003-07-23,4.8330
2003-07-24,5.0600
2003-07-25,5.0150
2003-07-28,5.0800
2003-07-29,5.0200
2003-07-30,5.1000
2003-07-31,5.0800
2003-08-01,5.1200
2003-08-04,5.0350
2003-08-05,4.9800
2003-08-06,4.9300
2003-08-07,4.9350
2003-08-08,5.0500
2003-08-11,4.9800
2003-08-12,4.9800
2003-08-13,4.8700
2003-08-14,5.0400
2003-08-15,5.0150
2003-08-18,4.9150
2003-08-19,4.9200
2003-08-20,4.9950
2003-08-21,4.9850
2003-08-22,4.9300
2003-08-26,4.9500
2003-08-27,4.9950
2003-08-28,5.0900
2003-08-29,5.1050
2003-09-01,5.1550
2003-09-02,5.1100
2003-09-03,4.9750
2003-09-04,5.0150
2003-09-05,5.0000
2003-09-08,5.0950
2003-09-09,5.1350
2003-09-10,5.2100
2003-09-11,5.2250
2003-09-12,5.3150
2003-09-15,5.1550
2003-09-16,5.1650
2003-09-17,5.1600
2003-09-18,5.3000
2003-09-19,5.2000
2003-09-22,5.3100
2003-09-23,5.2550
2003-09-24,5.2250
2003-09-25,5.3180
2003-09-26,5.1900
2003-09-29,5.1250
2003-09-30,5.1150
2003-10-01,5.1250
2003-10-02,5.0750
2003-10-03,5.0800
2003-10-06,4.8350
2003-10-07,4.8400
2003-10-08,4.8900
2003-10-09,4.8150
2003-10-10,4.8550
2003-10-13,4.8850
2003-10-14,4.9400
2003-10-15,4.9050
2003-10-16,4.9100
2003-10-17,4.9200
2003-10-20,4.9150
2003-10-21,5.0000
2003-10-22,5.0800
2003-10-23,5.1450
2003-10-24,5.1480
2003-10-27,5.1250
2003-10-28,5.1500
2003-10-29,5.0930
2003-10-30,5.1850
2003-10-31,5.1350
2003-11-03,5.0600
2003-11-04,4.9330
2003-11-05,5.0080
2003-11-06,4.9550
2003-11-07,4.9650
2003-11-10,5.0300
2003-11-11,5.0600
2003-11-12,5.0750
2003-11-13,5.3200
2003-11-14,5.3000
2003-11-17,5.3850
2003-11-18,5.2050
2003-11-19,5.3200
2003-11-20,5.2650
2003-11-21,5.2350
2003-11-24,5.2400
2003-11-25,5.2100
2003-11-26,5.3000
2003-11-27,5.3400
2003-11-28,5.3500
2003-12-01,5.3600
2003-12-02,5.4600
2003-12-03,5.4700
2003-12-04,5.4400
2003-12-05,5.4150
2003-12-08,5.5050
2003-12-09,5.5400
2003-12-10,5.6050
2003-12-11,5.5400
2003-12-12,5.6200
2003-12-15,5.5550
2003-12-16,5.6600
2003-12-17,5.6300
2003-12-18,5.7000
2003-12-19,5.6650
2003-12-22,5.7250
2003-12-23,5.6850
2003-12-24,5.7200
2003-12-29,5.8600
2003-12-30,5.9100
2003-12-31,5.9650
2004-01-02,5.9850
2004-01-05,5.9750
2004-01-06,6.2800
2004-01-07,6.2150
2004-01-08,6.2000
2004-01-09,6.2450
2004-01-12,6.6500
2004-01-13,6.6150
2004-01-14,6.5450
2004-01-15,6.3150
2004-01-16,6.2050
2004-01-19,6.3350
2004-01-20,6.3900
2004-01-21,6.3000
2004-01-22,6.2600
2004-01-23,6.3450
2004-01-26,6.2450
2004-01-27,6.2400
2004-01-28,6.5400
2004-01-29,6.5350
2004-01-30,6.2250
2004-02-02,6.2050
2004-02-03,6.1750
2004-02-04,6.0800
2004-02-05,6.1400
2004-02-06,6.0950
2004-02-09,6.3450
2004-02-10,6.4350
2004-02-11,6.2850
2004-02-12,6.5400
2004-02-13,6.5630
2004-02-16,6.5350
2004-02-17,6.6400
2004-02-18,6.8200
2004-02-19,6.6180
2004-02-20,6.6080
2004-02-23,6.4900
2004-02-24,6.5380
2004-02-25,6.7580
2004-02-26,6.3630
2004-02-27,6.5800
2004-03-01,6.7300
2004-03-02,6.8600
2004-03-03,6.5950
2004-03-04,6.8200
2004-03-05,6.7950
2004-03-08,6.9200
2004-03-09,6.9200
2004-03-10,7.1700
2004-03-11,7.0950
2004-03-12,7.2050
2004-03-15,7.1050
2004-03-16,7.1550
2004-03-17,7.1550
2004-03-18,7.2350
2004-03-19,7.4250
2004-03-22,7.6500
2004-03-23,7.5400
2004-03-24,7.6750
2004-03-25,7.5400
2004-03-26,7.4900
2004-03-29,7.6700
2004-03-30,7.6100
2004-03-31,7.8250
2004-04-01,7.9400
2004-04-02,8.2900
2004-04-05,8.1950
2004-04-06,8.1400
2004-04-07,8.1550
2004-04-08,8.0850
2004-04-13,7.8550
2004-04-14,7.1550
2004-04-15,6.8600
2004-04-16,7.1150
2004-04-19,7.2750
2004-04-20,7.0350
2004-04-21,6.4200
2004-04-22,6.1400
2004-04-23,6.1900
2004-04-26,6.2250
2004-04-27,6.2750
2004-04-28,6.2300
2004-04-29,5.5700
2004-04-30,5.9500
2004-05-04,6.1000
2004-05-05,6.0850
2004-05-06,6.0300
2004-05-07,5.8000
2004-05-10,5.4950
2004-05-11,5.6700
2004-05-12,5.6350
2004-05-13,5.5500
2004-05-14,5.5600
2004-05-17,5.8100
2004-05-18,5.7400
2004-05-19,5.7200
2004-05-20,5.8350
2004-05-21,5.8600
2004-05-24,5.8350
2004-05-25,6.0300
2004-05-26,6.1100
2004-05-27,6.0700
2004-05-28,6.1650
2004-06-01,6.1700
2004-06-02,6.0900
2004-06-03,5.8200
2004-06-04,5.7600
2004-06-07,5.8650
2004-06-08,5.9000
2004-06-09,5.7400
2004-06-10,5.6580
2004-06-11,5.6900
2004-06-14,5.6600
2004-06-15,5.6300
2004-06-16,5.6500
2004-06-17,5.7550
2004-06-18,5.9500
2004-06-21,5.9400
2004-06-22,5.8000
2004-06-23,5.8800
2004-06-24,5.8750
2004-06-25,6.1500
2004-06-28,6.1780
2004-06-29,5.8900
2004-06-30,5.9100
2004-07-01,5.8750
2004-07-02,5.8850
2004-07-05,6.0350
2004-07-06,6.0250
2004-07-07,6.0350
2004-07-08,6.2000
2004-07-09,6.5000
2004-07-12,6.5300
2004-07-13,6.3800
2004-07-14,6.4150
2004-07-15,6.5400
2004-07-16,6.6200
2004-07-19,6.7050
2004-07-20,6.5750
2004-07-21,6.4700
2004-07-22,6.3450
2004-07-23,6.3100
2004-07-26,6.2950
2004-07-27,6.2400
2004-07-28,6.1900
2004-07-29,6.3200
2004-07-30,6.4200
2004-08-02,6.6400
2004-08-03,6.5000
2004-08-04,6.6200
2004-08-05,6.6400
2004-08-06,6.6800
2004-08-09,6.7000
2004-08-10,6.6800
2004-08-11,6.6000
2004-08-12,6.5800
2004-08-13,6.4800
2004-08-16,6.6900
2004-08-17,6.7100
2004-08-18,6.6950
2004-08-19,6.8200
2004-08-20,6.8050
2004-08-23,6.7700
2004-08-24,6.6500
2004-08-25,6.5700
2004-08-26,6.6000
2004-08-27,6.6750
2004-08-31,6.7400
2004-09-01,6.7300
2004-09-02,6.7600
2004-09-03,6.7130
2004-09-06,6.5400
2004-09-07,6.5150
2004-09-08,6.1800
2004-09-09,6.1300
2004-09-10,6.1400
2004-09-13,6.1300
2004-09-14,6.1900
2004-09-15,6.1850
2004-09-16,6.2680
2004-09-17,6.2650
2004-09-20,6.2050
2004-09-21,6.2800
2004-09-22,6.3000
2004-09-23,6.3900
2004-09-24,6.4200
2004-09-27,6.3900
2004-09-28,6.5900
2004-09-29,6.5300
2004-09-30,6.6650
2004-10-01,6.8400
2004-10-04,6.8300
2004-10-05,6.7350
2004-10-06,7.1500
2004-10-07,7.1300
2004-10-08,7.1500
2004-10-11,7.2350
2004-10-12,7.0250
2004-10-13,6.7850
2004-10-14,6.9950
2004-10-15,7.0600
2004-10-18,7.0400
2004-10-19,6.9600
2004-10-20,7.2400
2004-10-21,7.3250
2004-10-22,7.2050
2004-10-25,7.4400
2004-10-26,7.3100
2004-10-27,7.3200
2004-10-28,7.0600
2004-10-29,7.1600
2004-11-01,7.2400
2004-11-02,7.1950
2004-11-03,7.0450
2004-11-04,7.2550
2004-11-05,7.3600
2004-11-08,7.4450
2004-11-09,7.4300
2004-11-10,7.5000
2004-11-11,7.4150
2004-11-12,7.4850
2004-11-15,7.5900
2004-11-16,7.5050
2004-11-17,7.6230
2004-11-18,7.6600
2004-11-19,7.5850
2004-11-22,7.6150
2004-11-23,7.5650
2004-11-24,7.5600
2004-11-25,7.6900
2004-11-26,7.6700
2004-11-29,7.6500
2004-11-30,7.7550
2004-12-01,7.7150
2004-12-02,8.0400
2004-12-03,7.8300
2004-12-06,8.0000
2004-12-07,7.8430
2004-12-08,7.4800
2004-12-09,6.9000
2004-12-10,6.7100
2004-12-13,6.8280
2004-12-14,6.7650
2004-12-15,6.7800
2004-12-16,6.7850
2004-12-17,6.6850
2004-12-20,6.8100
2004-12-21,6.8500
2004-12-22,6.8450
2004-12-23,6.8800
2004-12-24,6.8850
2004-12-29,6.9700
2004-12-30,6.7700
2004-12-31,6.8150
2005-01-04,6.3900
2005-01-05,6.4550
2005-01-06,6.4200
2005-01-07,6.4600
2005-01-10,6.4700
2005-01-11,6.5230
2005-01-12,6.5800
2005-01-13,6.7080
2005-01-14,6.6300
2005-01-17,6.5950
2005-01-18,6.5800
2005-01-19,6.6800
2005-01-20,6.5200
2005-01-21,6.5800
2005-01-24,6.8100
2005-01-25,6.7900
2005-01-26,6.7200
2005-01-27,6.7850
2005-01-28,6.7700
2005-01-31,6.7200
2005-02-01,6.7000
2005-02-02,6.7300
2005-02-03,6.7050
2005-02-04,6.6550
2005-02-07,6.5950
2005-02-08,6.4850
2005-02-09,6.5500
2005-02-10,6.5780
2005-02-11,6.9800
2005-02-14,7.2450
2005-02-15,7.2450
2005-02-16,7.1300
2005-02-17,7.2550
2005-02-18,7.3200
2005-02-21,7.3650
2005-02-22,7.5500
2005-02-23,7.4500
2005-02-24,7.4700
2005-02-25,7.2430
2005-02-28,7.3500
2005-03-01,7.2600
2005-03-02,7.1300
2005-03-03,7.2900
2005-03-04,7.1700
2005-03-07,7.3500
2005-03-08,7.4000
2005-03-09,7.5700
2005-03-10,7.5200
2005-03-11,7.4150
2005-03-14,7.4750
2005-03-15,7.4150
2005-03-16,7.4100
2005-03-17,7.3600
2005-03-18,7.3350
2005-03-21,7.2500
2005-03-22,7.1100
2005-03-23,6.9150
2005-03-24,6.9350
2005-03-29,6.9200
2005-03-30,6.9600
2005-03-31,7.1880
2005-04-01,7.1050
2005-04-04,6.9600
2005-04-05,6.9400
2005-04-06,7.0500
2005-04-07,7.1200
2005-04-08,7.0300
2005-04-11,7.1850
2005-04-12,7.2350
2005-04-13,7.1600
2005-04-14,7.1050
2005-04-15,7.0100
2005-04-18,7.0450
2005-04-19,7.0550
2005-04-20,7.2050
2005-04-21,7.2850
2005-04-22,7.2350
2005-04-25,7.2150
2005-04-26,7.2650
2005-04-27,7.2150
2005-04-28,7.0950
2005-04-29,6.9800
2005-05-03,6.8500
2005-05-04,6.8950
2005-05-05,7.0500
2005-05-06,7.0350
2005-05-09,6.9550
2005-05-10,7.0600
2005-05-11,7.0800
2005-05-12,7.0050
2005-05-13,6.8800
2005-05-16,6.8850
2005-05-17,6.9700
2005-05-18,7.0200
2005-05-19,7.1800
2005-05-20,7.1000
2005-05-23,6.9800
2005-05-24,7.0080
2005-05-25,7.0100
2005-05-26,7.0800
2005-05-27,7.1700
2005-05-31,7.1300
2005-06-01,7.3800
2005-06-02,7.4800
2005-06-03,7.5300
2005-06-06,7.4600
2005-06-07,7.5250
2005-06-08,7.4000
2005-06-09,7.3800
2005-06-10,7.2400
2005-06-13,7.2000
2005-06-14,7.2550
2005-06-15,7.2550
2005-06-16,7.3750
2005-06-17,7.3950
2005-06-20,7.3700
2005-06-21,7.2150
2005-06-22,7.2400
2005-06-23,7.2200
2005-06-24,7.2850
2005-06-27,7.2400
2005-06-28,7.2150
2005-06-29,7.0700
2005-06-30,7.1000
2005-07-01,7.0200
2005-07-04,6.9100
2005-07-05,6.8900
2005-07-06,6.8850
2005-07-07,7.0300
2005-07-08,6.9430
2005-07-11,7.0400
2005-07-12,7.1030
2005-07-13,7.0350
2005-07-14,6.9850
2005-07-15,6.9650
2005-07-18,6.9950
2005-07-19,6.9450
2005-07-20,6.9650
2005-07-21,7.0950
2005-07-22,7.1150
2005-07-25,7.1100
2005-07-26,7.0750
2005-07-27,6.9900
2005-07-28,7.0650
2005-07-29,7.1450
2005-08-01,7.2500
2005-08-02,7.2400
2005-08-03,7.2550
2005-08-04,7.2250
2005-08-05,7.2030
2005-08-08,7.1300
2005-08-09,6.9950
2005-08-10,7.0700
2005-08-11,7.0850
2005-08-12,7.1750
2005-08-15,7.0650
2005-08-16,6.9800
2005-08-17,7.0000
2005-08-18,6.9600
2005-08-19,6.9950
2005-08-22,6.9900
2005-08-23,7.0550
2005-08-24,6.9650
2005-08-25,6.9450
2005-08-26,6.8450
2005-08-30,6.7550
2005-08-31,6.7400
2005-09-01,6.8550
2005-09-02,7.0200
2005-09-05,7.0550
2005-09-06,7.0250
2005-09-07,7.0200
2005-09-08,7.0400
2005-09-09,6.9850
2005-09-12,6.9750
2005-09-13,6.9850
2005-09-14,6.9550
2005-09-15,7.0280
2005-09-16,7.0800
2005-09-19,7.3100
2005-09-20,7.3300
2005-09-21,7.2850
2005-09-22,7.4230
2005-09-23,7.2900
2005-09-26,7.2250
2005-09-27,7.2950
2005-09-28,7.2700
2005-09-29,7.4000
2005-09-30,7.5300
2005-10-03,7.3750
2005-10-04,7.4300
2005-10-05,7.3450
2005-10-06,7.4300
2005-10-07,7.6200
2005-10-10,7.7750
2005-10-11,7.7600
2005-10-12,7.8450
2005-10-13,7.7350
2005-10-14,7.6700
2005-10-17,7.8600
2005-10-18,7.7750
2005-10-19,7.7300
2005-10-20,7.6000
2005-10-21,7.6000
2005-10-24,7.6150
2005-10-25,7.7200
2005-10-26,7.8300
2005-10-27,7.8100
2005-10-28,7.7900
2005-10-31,7.7650
2005-11-01,7.5350
2005-11-02,7.4200
2005-11-03,7.5750
2005-11-04,7.5550
2005-11-07,7.4850
2005-11-08,7.5230
2005-11-09,7.6500
2005-11-10,7.7400
2005-11-11,7.6980
2005-11-14,7.8280
2005-11-15,7.7700
2005-11-16,7.7850
2005-11-17,8.0950
2005-11-18,8.1100
2005-11-21,8.1100
2005-11-22,8.1650
2005-11-23,8.0500
2005-11-24,8.1350
2005-11-25,8.2000
2005-11-28,8.2680
2005-11-29,8.2900
2005-11-30,8.2100
2005-12-01,8.3150
2005-12-02,8.5350
2005-12-05,8.5900
2005-12-06,8.6000
2005-12-07,8.8200
2005-12-08,8.7900
2005-12-09,8.9700
2005-12-12,9.2250
2005-12-13,8.7400
2005-12-14,8.3900
2005-12-15,8.3900
2005-12-16,8.6100
2005-12-19,8.6150
2005-12-20,8.5500
2005-12-21,8.2750
2005-12-22,8.3850
2005-12-23,8.5000
2005-12-28,8.7600
2005-12-29,8.9050
2005-12-30,8.8300
2006-01-03,9.0400
2006-01-04,9.1400
2006-01-05,8.9900
2006-01-06,8.8300
2006-01-09,9.1000
2006-01-10,9.0400
2006-01-11,8.9000
2006-01-12,9.0000
2006-01-13,9.0100
2006-01-16,9.1900
2006-01-17,9.0350
2006-01-18,8.8750
2006-01-19,8.9050
2006-01-20,9.0800
2006-01-23,8.9250
2006-01-24,9.0000
2006-01-25,9.4250
2006-01-26,9.4900
2006-01-27,9.6900
2006-01-30,9.6550
2006-01-31,9.9100
2006-02-01,9.7700
2006-02-02,9.8200
2006-02-03,9.8100
2006-02-06,9.7600
2006-02-07,9.7200
2006-02-08,9.2750
2006-02-09,9.5000
2006-02-10,9.5500
2006-02-13,9.2600
2006-02-14,9.2200
2006-02-15,9.3200
2006-02-16,9.2000
2006-02-17,9.4600
2006-02-20,9.5400
2006-02-21,9.4900
2006-02-22,9.5300
2006-02-23,9.5730
2006-02-24,9.5400
2006-02-27,9.6650
2006-02-28,9.6950
2006-03-01,9.8000
2006-03-02,9.7880
2006-03-03,10.2600
2006-03-06,10.2200
2006-03-07,9.9950
2006-03-08,9.9500
2006-03-09,9.8750
2006-03-10,9.8550
2006-03-13,10.0150
2006-03-14,10.0650
2006-03-15,10.2500
2006-03-16,10.2750
2006-03-17,10.3650
2006-03-20,10.3400
2006-03-21,10.2800
2006-03-22,10.5300
2006-03-23,10.5000
2006-03-24,10.6800
2006-03-27,10.8950
2006-03-28,10.8100
2006-03-29,10.8750
2006-03-30,11.4500
2006-03-31,11.7550
2006-04-03,11.5850
2006-04-04,11.7450
2006-04-05,11.6550
2006-04-06,12.0300
2006-04-07,12.1650
2006-04-10,12.4180
2006-04-11,12.6700
2006-04-12,12.7500
2006-04-13,12.6100
2006-04-18,13.6350
2006-04-19,14.2700
2006-04-20,14.3100
2006-04-21,12.1850
2006-04-24,12.7800
2006-04-25,12.4650
2006-04-26,12.7200
2006-04-27,12.5200
2006-04-28,12.5550
2006-05-02,13.9200
2006-05-03,14.4200
2006-05-04,13.6850
2006-05-05,14.0700
2006-05-08,13.7500
2006-05-09,13.8950
2006-05-10,14.3400
2006-05-11,14.4300
2006-05-12,14.9400
2006-05-15,13.2500
2006-05-16,13.2200
2006-05-17,13.8200
2006-05-18,13.1200
2006-05-19,12.4300
2006-05-22,12.1600
2006-05-23,12.8700
2006-05-24,12.8000
2006-05-25,12.5700
2006-05-26,12.7000
2006-05-30,12.9000
2006-05-31,13.1300
2006-06-01,12.0500
2006-06-02,12.1500
2006-06-05,12.3700
2006-06-06,11.8700
2006-06-07,11.4600
2006-06-08,11.5500
2006-06-09,11.4100
2006-06-12,11.0200
2006-06-13,10.4700
2006-06-14,9.7200
2006-06-15,10.1500
2006-06-16,10.2800
2006-06-19,9.8900
2006-06-20,10.1500
2006-06-21,10.2700
2006-06-22,10.5400
2006-06-23,10.0900
2006-06-26,10.3600
2006-06-27,10.2600
2006-06-28,10.3800
2006-06-29,10.3800
2006-06-30,10.7000
2006-07-03,11.2800
2006-07-04,11.2300
2006-07-05,11.4500
2006-07-06,11.3100
2006-07-07,11.5100
2006-07-10,11.0400
2006-07-11,11.2900
2006-07-12,11.7500
2006-07-13,11.6200
2006-07-14,11.6300
2006-07-17,11.5000
2006-07-18,11.0100
2006-07-19,10.5200
2006-07-20,11.0800
2006-07-21,11.0100
2006-07-24,10.7400
2006-07-25,11.0100
2006-07-26,10.9000
2006-07-27,11.2200
2006-07-28,11.3400
2006-07-31,11.4400
2006-08-01,11.3550
2006-08-02,11.7500
2006-08-03,12.0650
2006-08-04,12.2000
2006-08-07,12.4500
2006-08-08,12.1300
2006-08-09,12.2650
2006-08-10,12.4300
2006-08-11,12.2750
2006-08-14,11.7600
2006-08-15,11.9900
2006-08-16,12.1500
2006-08-17,12.2800
2006-08-18,12.0100
2006-08-21,12.2400
2006-08-22,12.2000
2006-08-23,12.4200
2006-08-24,12.5800
2006-08-25,12.4000
2006-08-29,12.1400
2006-08-30,12.2200
2006-08-31,12.6000
2006-09-01,12.7500
2006-09-04,12.9950
2006-09-05,13.1500
2006-09-06,12.9500
2006-09-07,13.0600
2006-09-08,12.2900
2006-09-11,11.7600
2006-09-12,11.3400
2006-09-13,11.0000
2006-09-14,11.3500
2006-09-15,10.7000
2006-09-18,10.9700
2006-09-19,10.9100
2006-09-20,10.7400
2006-09-21,11.0200
2006-09-22,11.2800
2006-09-25,11.0500
2006-09-26,11.1100
2006-09-27,11.5800
2006-09-28,11.6600
2006-09-29,11.5500
2006-10-02,11.5800
2006-10-03,11.3400
2006-10-04,10.8250
2006-10-05,10.9600
2006-10-06,11.0100
2006-10-09,11.3350
2006-10-10,11.2100
2006-10-11,11.1400
2006-10-12,11.3000
2006-10-13,11.4000
2006-10-16,11.7200
2006-10-17,11.8500
2006-10-18,11.7600
2006-10-19,11.6200
2006-10-20,11.9800
2006-10-23,11.7100
2006-10-24,11.5700
2006-10-25,11.7500
2006-10-26,11.9700
2006-10-27,12.0500
2006-10-30,12.1300
2006-10-31,12.0800
2006-11-01,12.3600
2006-11-02,12.4100
2006-11-03,12.6200
2006-11-06,12.5100
2006-11-07,12.6200
2006-11-08,12.6050
2006-11-09,12.5950
2006-11-10,13.0250
2006-11-13,12.8600
2006-11-14,12.8500
2006-11-15,12.6900
2006-11-16,12.9400
2006-11-17,12.7500
2006-11-20,12.9200
2006-11-21,12.9200
2006-11-22,13.0700
2006-11-23,13.1200
2006-11-24,13.3650
2006-11-27,13.4850
2006-11-28,13.4400
2006-11-29,13.6500
2006-11-30,13.6800
2006-12-01,13.8500
2006-12-04,14.0500
2006-12-05,14.0450
2006-12-06,13.6800
2006-12-07,13.6700
2006-12-08,13.8400
2006-12-11,13.7200
2006-12-12,13.8500
2006-12-13,13.7950
2006-12-14,13.7700
2006-12-15,13.7300
2006-12-18,12.9700
2006-12-19,12.4600
2006-12-20,12.8000
2006-12-21,12.5200
2006-12-22,12.5000
2006-12-27,12.8600
2006-12-28,12.8400
2006-12-29,12.9000
2007-01-02,13.0100
2007-01-03,12.9100
2007-01-04,12.6200
2007-01-05,12.7000
2007-01-08,12.2100
2007-01-09,12.3600
2007-01-10,12.4500
2007-01-11,12.4100
2007-01-12,12.4300
2007-01-15,12.8850
2007-01-16,12.8400
2007-01-17,12.5500
2007-01-18,12.8400
2007-01-19,12.7200
2007-01-22,12.8650
2007-01-23,13.0900
2007-01-24,13.2000
2007-01-25,13.3800
2007-01-26,13.2200
2007-01-29,13.2500
2007-01-30,13.1500
2007-01-31,13.3600
2007-02-01,13.5800
2007-02-02,13.6600
2007-02-05,13.2900
2007-02-06,13.6600
2007-02-07,13.6500
2007-02-08,13.5300
2007-02-09,13.8400
2007-02-12,13.7800
2007-02-13,13.7900
2007-02-14,13.9600
2007-02-15,13.9800
2007-02-16,13.9000
2007-02-19,14.0300
2007-02-20,13.9000
2007-02-21,13.7400
2007-02-22,14.2500
2007-02-23,14.2800
2007-02-26,14.5800
2007-02-27,14.4900
2007-02-28,14.3100
2007-03-01,14.2900
2007-03-02,13.5300
2007-03-05,12.6050
2007-03-06,12.9350
2007-03-07,12.8900
2007-03-08,13.0900
2007-03-09,13.0700
2007-03-12,12.9700
2007-03-13,12.9200
2007-03-14,12.6500
2007-03-15,12.9000
2007-03-16,13.0700
2007-03-19,13.1600
2007-03-20,13.2500
2007-03-21,13.3300
2007-03-22,13.3750
2007-03-23,13.3700
2007-03-26,13.2600
2007-03-27,13.3400
2007-03-28,13.3600
2007-03-29,13.3400
2007-03-30,13.3500
2007-04-02,13.3350
2007-04-03,13.2800
2007-04-04,13.4500
2007-04-05,13.5800
2007-04-10,13.8400
2007-04-11,13.9200
2007-04-12,13.8400
2007-04-13,13.8800
2007-04-16,14.0900
2007-04-17,13.9600
2007-04-18,13.9600
2007-04-19,13.8350
2007-04-20,13.8700
2007-04-23,13.8600
2007-04-24,14.0300
2007-04-25,13.7900
2007-04-26,13.6600
2007-04-27,13.3500
2007-04-30,13.5000
2007-05-01,13.4500
2007-05-02,13.1800
2007-05-03,13.3300
2007-05-04,13.4000
2007-05-08,13.4800
2007-05-09,13.4500
2007-05-10,13.2900
2007-05-11,13.0400
2007-05-14,13.1900
2007-05-15,13.0200
2007-05-16,13.1600
2007-05-17,12.9000
2007-05-18,12.8700
2007-05-21,12.9300
2007-05-22,13.0700
2007-05-23,12.9600
2007-05-24,13.0400
2007-05-25,12.9250
2007-05-29,13.0300
2007-05-30,13.1100
2007-05-31,13.2500
2007-06-01,13.5300
2007-06-04,13.6700
2007-06-05,13.7100
2007-06-06,13.6900
2007-06-07,13.6500
2007-06-08,13.3100
2007-06-11,13.1600
2007-06-12,13.1500
2007-06-13,12.8600
2007-06-14,13.0400
2007-06-15,13.0600
2007-06-18,13.3100
2007-06-19,13.1900
2007-06-20,13.3400
2007-06-21,13.1700
2007-06-22,13.1550
2007-06-25,12.9600
2007-06-26,12.8500
2007-06-27,12.2600
2007-06-28,12.4250
2007-06-29,12.5400
2007-07-02,12.4700
2007-07-03,12.6000
2007-07-04,12.6050
2007-07-05,12.6000
2007-07-06,12.4000
2007-07-09,12.7400
2007-07-10,12.7600
2007-07-11,12.9500
2007-07-12,12.9500
2007-07-13,13.1250
2007-07-16,13.0300
2007-07-17,12.9000
2007-07-18,12.9400
2007-07-19,13.2500
2007-07-20,13.2900
2007-07-23,13.3400
2007-07-24,13.3400
2007-07-25,13.1750
2007-07-26,13.1300
2007-07-27,12.7500
2007-07-30,12.7300
2007-07-31,12.9300
2007-08-01,12.7700
2007-08-02,12.9600
2007-08-03,12.9600
2007-08-06,13.1000
2007-08-07,12.9900
2007-08-08,13.0300
2007-08-09,12.9750
2007-08-10,12.6900
2007-08-13,12.8700
2007-08-14,12.7600
2007-08-15,12.5100
2007-08-16,12.3650
2007-08-17,11.6900
2007-08-20,11.9500
2007-08-21,11.6700
2007-08-22,11.6800
2007-08-23,11.8800
2007-08-24,11.7000
2007-08-28,11.8300
2007-08-29,11.8000
2007-08-30,11.8600
2007-08-31,11.9500
2007-09-03,12.1000
2007-09-04,12.0950
2007-09-05,12.2150
2007-09-06,12.2450
2007-09-07,12.5700
2007-09-10,12.5600
2007-09-11,12.5700
2007-09-12,12.6600
2007-09-13,12.4700
2007-09-14,12.5000
2007-09-17,12.5900
2007-09-18,12.9600
2007-09-19,12.9950
2007-09-20,13.1700
2007-09-21,13.4700
2007-09-24,13.6200
2007-09-25,13.2800
2007-09-26,13.4400
2007-09-27,13.5100
2007-09-28,13.6500
2007-10-01,13.7750
2007-10-02,13.2800
2007-10-03,13.3500
2007-10-04,13.2200
2007-10-05,13.4350
2007-10-08,13.2900
2007-10-09,13.2100
2007-10-10,13.6200
2007-10-11,13.6700
2007-10-12,13.7900
2007-10-15,13.9500
2007-10-16,13.6600
2007-10-17,13.6000
2007-10-18,13.6800
2007-10-19,13.8300
2007-10-22,13.3500
2007-10-23,13.5700
2007-10-24,13.4400
2007-10-25,13.7250
2007-10-26,14.0700
2007-10-29,14.4100
2007-10-30,14.1750
2007-10-31,14.3200
2007-11-01,14.3600
2007-11-02,14.3200
2007-11-05,14.4900
2007-11-06,14.9600
2007-11-07,15.8200
2007-11-08,15.3600
2007-11-09,15.1500
2007-11-12,15.1400
2007-11-13,14.6750
2007-11-14,14.9700
2007-11-15,14.8200
2007-11-16,14.4500
2007-11-19,14.5200
2007-11-20,14.3600
2007-11-21,14.5500
2007-11-22,14.5200
2007-11-23,14.5500
2007-11-26,14.8850
2007-11-27,14.6500
2007-11-28,14.2750
2007-11-29,14.3800
2007-11-30,14.2300
2007-12-03,13.8600
2007-12-04,14.2500
2007-12-05,14.3400
2007-12-06,14.0600
2007-12-07,14.4400
2007-12-10,14.3800
2007-12-11,14.6150
2007-12-12,14.6350
2007-12-13,14.6100
2007-12-14,14.0100
2007-12-17,13.7450
2007-12-18,13.9700
2007-12-19,13.9800
2007-12-20,13.9700
2007-12-21,14.2800
2007-12-24,14.3500
2007-12-27,14.6700
2007-12-28,14.7500
2007-12-31,14.7600
2008-01-02,14.9300
2008-01-03,15.3800
2008-01-04,15.2750
2008-01-07,15.2400
2008-01-08,15.4850
2008-01-09,16.0000
2008-01-10,15.6200
2008-01-11,16.0600
2008-01-14,16.5000
2008-01-15,16.2400
2008-01-16,15.8500
2008-01-17,15.8800
2008-01-18,15.8250
2008-01-21,15.7700
2008-01-22,15.5700
2008-01-23,15.9500
2008-01-24,16.3500
2008-01-25,16.5300
2008-01-28,16.4400
2008-01-29,16.7500
2008-01-30,16.7600
2008-01-31,16.7400
2008-02-01,17.1900
2008-02-04,16.7000
2008-02-05,16.5100
2008-02-06,16.4800
2008-02-07,16.7000
2008-02-08,16.9500
2008-02-11,17.3700
2008-02-12,17.4600
2008-02-13,16.9800
2008-02-14,17.2600
2008-02-15,17.3800
2008-02-18,17.0100
2008-02-19,17.2500
2008-02-20,17.4200
2008-02-21,17.9800
2008-02-22,17.9400
2008-02-25,18.0600
2008-02-26,18.1200
2008-02-27,19.3300
2008-02-28,19.2400
2008-02-29,19.6200
2008-03-03,20.1600
2008-03-04,20.3200
2008-03-05,19.4800
2008-03-06,20.8000
2008-03-07,20.2200
2008-03-10,19.5700
2008-03-11,20.2500
2008-03-12,19.7000
2008-03-13,20.7900
2008-03-14,20.4100
2008-03-17,20.9200
2008-03-18,20.3800
2008-03-19,19.8800
2008-03-20,17.5300
2008-03-25,17.5750
2008-03-26,18.0700
2008-03-27,18.2000
2008-03-28,18.3600
2008-03-31,17.9900
2008-04-01,16.7400
2008-04-02,16.8900
2008-04-03,17.1500
2008-04-04,17.4500
2008-04-07,17.9600
2008-04-08,18.0000
2008-04-09,17.4900
2008-04-10,18.3200
2008-04-11,17.9500
2008-04-14,17.4500
2008-04-15,17.8600
2008-04-16,18.0700
2008-04-17,18.5600
2008-04-18,18.1800
2008-04-21,17.8600
2008-04-22,17.5600
2008-04-23,17.5500
2008-04-24,17.0900
2008-04-25,16.6800
2008-04-28,16.9400
2008-04-29,16.7800
2008-04-30,16.4700
2008-05-01,16.6400
2008-05-02,16.1900
2008-05-06,16.7000
2008-05-07,16.6900
2008-05-08,16.5800
2008-05-09,16.9700
2008-05-12,16.7400
2008-05-13,17.0800
2008-05-14,16.6900
2008-05-15,16.6000
2008-05-16,16.8300
2008-05-19,17.1800
2008-05-20,17.0300
2008-05-21,17.7700
2008-05-22,17.8200
2008-05-23,18.1000
2008-05-27,18.1400
2008-05-28,17.2600
2008-05-29,17.1700
2008-05-30,16.8500
2008-06-02,16.8600
2008-06-03,16.8200
2008-06-04,16.6700
2008-06-05,16.6500
2008-06-06,17.1900
2008-06-09,17.4600
2008-06-10,16.9400
2008-06-11,16.5800
2008-06-12,16.5900
2008-06-13,16.3100
2008-06-16,16.7300
2008-06-17,17.2200
2008-06-18,17.0000
2008-06-19,17.2200
2008-06-20,17.4400
2008-06-23,17.1900
2008-06-24,16.8500
2008-06-25,16.7000
2008-06-26,16.8800
2008-06-27,17.4000
2008-06-30,17.6500
2008-07-01,17.5600
2008-07-02,17.9200
2008-07-03,18.3100
2008-07-04,18.0100
2008-07-07,17.8500
2008-07-08,17.6200
2008-07-09,17.8200
2008-07-10,18.1700
2008-07-11,18.3800
2008-07-14,18.6900
2008-07-15,19.3000
2008-07-16,18.8300
2008-07-17,18.6700
2008-07-18,18.5500
2008-07-21,18.3500
2008-07-22,18.6000
2008-07-23,17.5900
2008-07-24,17.5200
2008-07-25,17.5500
2008-07-28,17.4700
2008-07-29,17.4200
2008-07-30,17.1200
2008-07-31,17.4800
2008-08-01,17.5900
2008-08-04,17.3700
2008-08-05,16.6700
2008-08-06,16.7400
2008-08-07,16.5900
2008-08-08,15.7600
2008-08-11,15.3350
2008-08-12,14.4500
2008-08-13,14.6800
2008-08-14,14.8600
2008-08-15,12.8200
2008-08-18,13.0100
2008-08-19,13.0100
2008-08-20,13.2700
2008-08-21,13.5900
2008-08-22,13.6200
2008-08-26,13.0500
2008-08-27,13.7600
2008-08-28,13.7800
2008-08-29,13.7600
2008-09-01,13.5800
2008-09-02,13.1800
2008-09-03,12.7900
2008-09-04,13.0200
2008-09-05,12.7200
2008-09-08,12.3800
2008-09-09,12.0400
2008-09-10,11.2700
2008-09-11,10.6600
2008-09-12,10.8000
2008-09-15,10.8400
2008-09-16,10.8800
2008-09-17,10.7700
2008-09-18,12.9300
2008-09-19,12.1500
2008-09-22,12.9850
2008-09-23,13.3800
2008-09-24,13.2900
2008-09-25,13.3400
2008-09-26,13.1800
2008-09-29,13.0600
2008-09-30,12.9600
2008-10-01,12.2800
2008-10-02,12.2500
2008-10-03,11.2000
2008-10-06,11.2900
2008-10-07,11.6400
2008-10-08,11.6500
2008-10-09,11.6400
2008-10-10,11.7400
2008-10-13,10.6100
2008-10-14,10.8900
2008-10-15,10.9200
2008-10-16,9.9900
2008-10-17,9.5600
2008-10-20,9.7900
2008-10-21,9.8600
2008-10-22,9.8400
2008-10-23,9.3400
2008-10-24,8.8800
2008-10-27,9.0100
2008-10-28,9.0900
2008-10-29,9.3800
2008-10-30,10.0200
2008-10-31,9.2800
2008-11-03,10.0500
2008-11-04,9.9500
2008-11-05,10.2800
2008-11-06,10.4100
2008-11-07,10.1300
2008-11-10,10.3100
2008-11-11,9.9400
2008-11-12,9.6500
2008-11-13,9.3650
2008-11-14,9.3300
2008-11-17,9.5000
2008-11-18,9.3800
2008-11-19,9.4000
2008-11-20,9.3900
2008-11-21,9.1700
2008-11-24,10.0400
2008-11-25,10.3300
2008-11-26,10.3000
2008-11-27,10.2600
2008-11-28,10.1200
2008-12-01,9.9100
2008-12-02,9.4100
2008-12-03,9.4300
2008-12-04,9.5800
2008-12-05,9.4600
2008-12-08,9.7300
2008-12-09,9.8300
2008-12-10,9.9600
2008-12-11,10.3900
2008-12-12,10.0700
2008-12-15,10.3300
2008-12-16,10.5000
2008-12-17,10.9800
2008-12-18,11.2900
2008-12-19,10.6100
2008-12-22,10.9700
2008-12-23,10.7000
2008-12-24,10.2900
2008-12-29,10.9300
2008-12-30,10.8300
2008-12-31,10.7900
2009-01-02,11.0800
2009-01-05,11.0700
2009-01-06,10.8500
2009-01-07,11.4100
2009-01-08,10.8800
2009-01-09,11.2200
2009-01-12,11.0900
2009-01-13,10.6200
2009-01-14,10.7700
2009-01-15,10.5100
2009-01-16,10.7800
2009-01-19,11.1600
2009-01-20,11.3200
2009-01-21,11.3400
2009-01-22,11.3200
2009-01-23,11.4600
2009-01-26,12.1000
2009-01-27,11.9100
2009-01-28,11.9800
2009-01-29,11.7400
2009-01-30,12.5100
2009-02-02,12.4300
2009-02-03,12.3700
2009-02-04,12.4000
2009-02-05,12.8000
2009-02-06,12.8900
2009-02-09,13.0100
2009-02-10,12.9600
2009-02-11,13.3900
2009-02-12,13.3400
2009-02-13,13.3700
2009-02-16,13.5500
2009-02-17,13.9000
2009-02-18,14.0500
2009-02-19,14.2600
2009-02-20,14.2800
2009-02-23,14.3600
2009-02-24,14.3900
2009-02-25,13.8100
2009-02-26,13.4800
2009-02-27,13.2100
2009-03-02,13.1400
2009-03-03,12.6800
2009-03-04,12.8700
2009-03-05,13.1500
2009-03-06,13.4600
2009-03-09,13.3600
2009-03-10,12.7100
2009-03-11,12.6200
2009-03-12,12.8400
2009-03-13,13.1100
2009-03-16,13.0600
2009-03-17,12.8600
2009-03-18,12.6100
2009-03-19,13.1300
2009-03-20,13.6500
2009-03-23,13.7600
2009-03-24,13.5100
2009-03-25,13.1600
2009-03-26,13.6000
2009-03-27,13.2200
2009-03-30,12.9600
2009-03-31,13.1100
2009-04-01,12.9800
2009-04-02,12.8800
2009-04-03,12.8600
2009-04-06,12.4100
2009-04-07,12.1700
2009-04-08,12.2800
2009-04-09,12.3000
2009-04-14,12.6500
2009-04-15,12.9350
2009-04-16,12.6500
2009-04-17,11.9800
2009-04-20,12.0600
2009-04-21,12.1400
2009-04-22,12.1200
2009-04-23,12.4300
2009-04-24,12.7800
2009-04-27,12.9800
2009-04-28,12.5600
2009-04-29,12.5000
2009-04-30,12.6300
2009-05-01,12.1500
2009-05-05,13.1100
2009-05-06,13.4400
2009-05-07,14.0100
2009-05-08,13.9000
2009-05-11,13.9000
2009-05-12,14.0900
2009-05-13,14.1400
2009-05-14,13.8400
2009-05-15,13.9200
2009-05-18,13.7900
2009-05-19,13.8800
2009-05-20,14.2900
2009-05-21,14.2300
2009-05-22,14.6600
2009-05-26,14.3000
2009-05-27,14.5000
2009-05-28,14.8800
2009-05-29,15.5200
2009-06-01,15.8600
2009-06-02,15.6200
2009-06-03,15.9700
2009-06-04,15.3050
2009-06-05,15.6500
2009-06-08,14.8400
2009-06-09,14.9300
2009-06-10,15.3900
2009-06-11,15.0900
2009-06-12,15.0700
2009-06-15,14.3100
2009-06-16,14.3000
2009-06-17,14.0200
2009-06-18,14.1900
2009-06-19,14.2300
2009-06-22,13.8300
2009-06-23,13.7700
2009-06-24,13.8800
2009-06-25,13.8700
2009-06-26,14.2600
2009-06-29,14.0700
2009-06-30,13.9400
2009-07-01,13.6500
2009-07-02,13.4100
2009-07-03,13.4400
2009-07-06,13.0300
2009-07-07,13.3200
2009-07-08,13.0500
2009-07-09,12.8900
2009-07-10,12.6300
2009-07-13,12.4700
2009-07-14,12.8800
2009-07-15,13.2700
2009-07-16,13.2100
2009-07-17,13.1600
2009-07-20,13.7400
2009-07-21,13.5200
2009-07-22,13.4000
2009-07-23,13.7600
2009-07-24,13.7800
2009-07-27,14.0600
2009-07-28,14.0200
2009-07-29,13.6000
2009-07-30,13.4000
2009-07-31,13.6300
2009-08-03,14.2900
2009-08-04,14.0800
2009-08-05,14.6700
2009-08-06,14.6700
2009-08-07,14.6500
2009-08-10,14.4700
2009-08-11,14.3550
2009-08-12,14.2800
2009-08-13,15.0700
2009-08-14,14.9800
2009-08-17,14.1300
2009-08-18,14.0900
2009-08-19,13.5850
2009-08-20,14.0400
2009-08-21,14.0100
2009-08-24,14.4100
2009-08-25,14.1100
2009-08-26,14.3200
2009-08-27,14.2000
2009-08-28,14.5400
2009-09-01,14.7400
2009-09-02,14.9100
2009-09-03,15.7300
2009-09-04,15.9500
2009-09-07,16.2100
2009-09-08,16.7500
2009-09-09,16.2400
2009-09-10,16.0900
2009-09-11,16.8900
2009-09-14,16.3500
2009-09-15,16.5200
2009-09-16,17.2900
2009-09-17,17.3800
2009-09-18,17.1100
2009-09-21,16.6800
2009-09-22,17.2400
2009-09-23,17.1000
2009-09-24,16.7600
2009-09-25,16.2000
2009-09-28,15.9100
2009-09-29,16.0700
2009-09-30,16.4500
2009-10-01,16.5500
2009-10-02,16.2100
2009-10-05,16.2300
2009-10-06,16.9500
2009-10-07,17.4000
2009-10-08,17.8000
2009-10-09,17.6300
2009-10-12,17.8900
2009-10-13,17.9900
2009-10-14,17.9300
2009-10-15,17.5400
2009-10-16,17.3100
2009-10-19,17.5200
2009-10-20,17.7550
2009-10-21,17.3900
2009-10-22,17.5500
2009-10-23,17.6500
2009-10-26,17.6100
2009-10-27,17.0600
2009-10-28,16.3300
2009-10-29,16.3300
2009-10-30,16.5700
2009-11-02,16.5800
2009-11-03,16.3500
2009-11-04,17.4800
2009-11-05,17.3800
2009-11-06,17.5250
2009-11-09,17.6800
2009-11-10,17.2600
2009-11-11,17.6300
2009-11-12,17.5100
2009-11-13,17.3230
2009-11-16,17.7400
2009-11-17,18.1000
2009-11-18,18.7400
2009-11-19,18.2000
2009-11-20,18.1800
2009-11-23,18.7600
2009-11-24,18.5700
2009-11-25,18.6300
2009-11-26,18.4900
2009-11-27,17.9800
2009-11-30,18.1400
2009-12-01,18.7200
2009-12-02,19.1800
2009-12-03,19.1100
2009-12-04,18.8300
2009-12-07,18.0400
2009-12-08,18.1100
2009-12-09,17.7700
2009-12-10,17.3900
2009-12-11,17.5100
2009-12-14,17.1900
2009-12-15,17.1800
2009-12-16,17.6000
2009-12-17,17.4000
2009-12-18,17.3100
2009-12-21,17.2700
2009-12-22,16.9500
2009-12-23,16.9200
2009-12-24,17.3200
2009-12-29,17.4200
2009-12-30,16.9200
2009-12-31,16.9900
2010-01-04,17.1700
2010-01-05,17.5700
2010-01-06,17.8900
2010-01-07,18.0900
2010-01-08,18.1200
2010-01-11,18.8400
2010-01-12,18.4100
2010-01-13,18.3500
2010-01-14,18.5800
2010-01-15,18.5200
2010-01-18,18.6600
2010-01-19,18.5000
2010-01-20,18.4800
2010-01-21,17.6800
2010-01-22,17.2800
2010-01-25,17.1600
2010-01-26,16.7900
2010-01-27,16.7400
2010-01-28,16.6200
2010-01-29,16.2900
2010-02-01,16.2300
2010-02-02,16.7800
2010-02-03,16.7900
2010-02-04,16.1300
2010-02-05,15.1700
2010-02-08,15.1400
2010-02-09,15.2000
2010-02-10,15.6000
2010-02-11,15.3700
2010-02-12,15.3300
2010-02-15,15.5700
2010-02-16,15.8200
2010-02-17,16.2100
2010-02-18,15.8300
2010-02-19,15.9500
2010-02-22,16.4400
2010-02-23,16.1000
2010-02-24,15.7600
2010-02-25,15.9200
2010-02-26,16.1200
2010-03-01,16.5000
2010-03-02,16.5700
2010-03-03,17.1700
2010-03-04,17.3400
2010-03-05,17.2500
2010-03-08,17.3300
2010-03-09,17.0500
2010-03-10,17.4700
2010-03-11,16.9100
2010-03-12,17.3100
2010-03-15,17.0200
2010-03-16,17.2400
2010-03-17,17.5400
2010-03-18,17.4900
2010-03-19,17.3100
2010-03-22,16.7800
2010-03-23,16.7800
2010-03-24,16.6800
2010-03-25,16.7900
2010-03-26,16.8500
2010-03-29,17.1500
2010-03-30,17.4100
2010-03-31,17.5000
2010-04-01,17.6900
2010-04-06,17.9200
2010-04-07,17.9700
2010-04-08,17.9800
2010-04-09,18.3400
2010-04-12,18.4900
2010-04-13,18.1600
2010-04-14,18.3900
2010-04-15,18.2700
2010-04-16,18.3500
2010-04-19,17.5000
2010-04-20,18.0000
2010-04-21,17.8200
2010-04-22,17.9800
2010-04-23,17.8900
2010-04-26,18.3500
2010-04-27,18.1600
2010-04-28,17.9600
2010-04-29,18.1500
2010-04-30,18.6200
2010-05-04,18.7100
2010-05-05,17.6300
2010-05-06,17.6900
2010-05-07,17.7000
2010-05-10,18.4600
2010-05-11,18.4200
2010-05-12,19.5900
2010-05-13,19.4300
2010-05-14,19.6400
2010-05-17,19.1100
2010-05-18,18.8200
2010-05-19,18.5300
2010-05-20,17.9300
2010-05-21,17.7200
2010-05-24,17.7800
2010-05-25,17.6300
2010-05-26,18.2700
2010-05-27,18.3600
2010-05-28,18.5300
2010-06-01,18.3000
2010-06-02,18.4300
2010-06-03,18.2700
2010-06-04,17.7600
2010-06-07,17.3600
2010-06-08,18.3400
2010-06-09,18.2700
2010-06-10,17.9800
2010-06-11,18.3100
2010-06-14,18.4300
2010-06-15,18.4200
2010-06-16,18.5100
2010-06-17,18.5000
2010-06-18,18.7700
2010-06-21,19.3700
2010-06-22,18.6250
2010-06-23,18.9100
2010-06-24,18.3800
2010-06-25,18.6500
2010-06-28,19.1100
2010-06-29,18.5700
2010-06-30,18.7400
2010-07-01,18.6500
2010-07-02,17.9800
2010-07-05,17.8500
2010-07-06,17.8500
2010-07-07,17.6500
2010-07-08,18.0000
2010-07-09,17.8700
2010-07-12,18.0600
2010-07-13,18.0000
2010-07-14,18.2900
2010-07-15,18.4200
2010-07-16,18.2500
2010-07-19,17.7800
2010-07-20,17.5500
2010-07-21,17.8800
2010-07-22,17.8200
2010-07-23,18.1700
2010-07-26,18.0100
2010-07-27,18.1600
2010-07-28,17.6300
2010-07-29,17.6000
2010-07-30,17.6600
2010-08-02,18.1100
2010-08-03,18.4200
2010-08-04,18.5000
2010-08-05,18.3500
2010-08-06,18.3000
2010-08-09,18.4800
2010-08-10,18.0900
2010-08-11,18.1200
2010-08-12,17.9200
2010-08-13,18.0600
2010-08-16,18.2000
2010-08-17,18.5400
2010-08-18,18.3600
2010-08-19,18.4500
2010-08-20,18.1400
2010-08-23,17.9400
2010-08-24,17.8800
2010-08-25,18.6300
2010-08-26,19.1100
2010-08-27,19.0300
2010-08-31,18.8700
2010-09-01,19.4700
2010-09-02,19.4500
2010-09-03,19.6600
2010-09-06,19.8600
2010-09-07,19.6500
2010-09-08,20.0200
2010-09-09,19.9700
2010-09-10,19.9000
2010-09-13,19.9300
2010-09-14,20.3100
2010-09-15,20.4400
2010-09-16,20.7600
2010-09-17,20.8500
2010-09-20,20.9100
2010-09-21,20.7600
2010-09-22,21.0800
2010-09-23,21.0800
2010-09-24,21.3500
2010-09-27,21.5400
2010-09-28,21.1650
2010-09-29,21.8700
2010-09-30,22.0700
2010-10-01,21.9500
2010-10-04,22.0300
2010-10-05,22.2400
2010-10-06,22.9200
2010-10-07,23.3800
2010-10-08,22.3700
2010-10-11,23.3100
2010-10-12,23.0300
2010-10-13,23.5300
2010-10-14,24.4900
2010-10-15,24.4200
2010-10-18,24.0200
2010-10-19,24.2600
2010-10-20,23.7100
2010-10-21,23.9000
2010-10-22,23.0500
2010-10-25,23.7100
2010-10-26,23.4800
2010-10-27,23.7700
2010-10-28,23.7300
2010-10-29,23.9600
2010-11-01,24.9100
2010-11-02,24.7300
2010-11-03,25.0000
2010-11-04,25.3800
2010-11-05,26.1400
2010-11-08,26.7200
2010-11-09,28.5500
2010-11-10,27.5300
2010-11-11,27.7500
2010-11-12,26.7900
2010-11-15,26.0100
2010-11-16,25.4800
2010-11-17,25.2000
2010-11-18,26.5700
2010-11-19,27.0700
2010-11-22,27.4200
2010-11-23,27.3100
2010-11-24,27.4100
2010-11-25,27.4400
2010-11-26,26.6200
2010-11-29,26.7400
2010-11-30,27.1300
2010-12-01,28.7400
2010-12-02,28.5000
2010-12-03,28.7400
2010-12-06,29.6000
2010-12-07,30.5000
2010-12-08,29.0200
2010-12-09,28.4100
2010-12-10,28.7900
2010-12-13,29.3300
2010-12-14,29.8800
2010-12-15,29.0600
2010-12-16,29.1500
2010-12-17,28.7800
2010-12-20,29.2100
2010-12-21,29.2500
2010-12-22,29.3500
2010-12-23,29.1800
2010-12-24,29.0700
2010-12-29,30.4400
2010-12-30,30.7000
2010-12-31,30.6300
2011-01-04,30.6700
2011-01-05,29.2100
2011-01-06,29.0800
2011-01-07,28.3900
2011-01-10,28.7900
2011-01-11,29.5400
2011-01-12,29.6000
2011-01-13,29.2200
2011-01-14,28.5200
2011-01-17,28.1900
2011-01-18,28.7900
2011-01-19,29.3200
2011-01-20,28.4100
2011-01-21,27.1400
2011-01-24,27.5600
2011-01-25,26.7000
2011-01-26,27.1000
2011-01-27,27.3900
2011-01-28,26.6800
2011-01-31,27.7500
2011-02-01,28.3200
2011-02-02,28.2700
2011-02-03,28.3000
2011-02-04,28.9100
2011-02-07,29.2100
2011-02-08,29.4200
2011-02-09,30.2200
2011-02-10,29.8000
2011-02-11,30.0000
2011-02-14,30.1600
2011-02-15,30.7200
2011-02-16,30.7700
2011-02-17,30.6100
2011-02-18,31.9400
2011-02-21,33.4300
2011-02-22,32.8900
2011-02-23,33.2900
2011-02-24,33.2800
2011-02-25,32.5400
2011-02-28,33.4900
2011-03-01,34.3700
2011-03-02,34.7500
2011-03-03,34.5300
2011-03-04,34.4300
2011-03-07,36.6000
2011-03-08,36.3700
2011-03-09,36.1700
2011-03-10,35.1900
2011-03-11,34.1000
2011-03-14,36.1800
2011-03-15,33.8800
2011-03-16,34.7300
2011-03-17,34.4700
2011-03-18,35.1500
2011-03-21,36.1600
2011-03-22,35.9500
2011-03-23,36.5800
2011-03-24,37.7800
2011-03-25,37.6800
2011-03-28,36.6200
2011-03-29,36.6200
2011-03-30,37.5300
2011-03-31,37.8700
2011-04-01,37.6300
2011-04-04,38.4600
2011-04-05,38.0800
2011-04-06,39.6300
2011-04-07,39.5100
2011-04-08,40.2200
2011-04-11,41.3700
2011-04-12,40.4400
2011-04-13,40.2200
2011-04-14,40.6700
2011-04-15,42.6100
2011-04-18,42.7900
2011-04-19,43.2200
2011-04-20,44.7900
2011-04-21,46.2600
2011-04-26,45.4800
2011-04-27,45.3000
2011-04-28,48.7000
2011-05-03,43.6100
2011-05-04,40.2900
2011-05-05,37.8400
2011-05-06,34.2000
2011-05-09,38.0000
2011-05-10,38.4000
2011-05-11,39.1800
2011-05-12,32.5000
2011-05-13,36.2000
2011-05-16,34.3500
2011-05-17,34.2800
2011-05-18,34.5900
2011-05-19,35.7500
2011-05-20,34.8000
2011-05-23,34.7000
2011-05-24,35.8500
2011-05-25,37.1700
2011-05-26,36.9500
2011-05-27,37.6900
2011-05-31,38.6500
2011-06-01,37.9500
2011-06-02,37.2200
2011-06-03,35.1900
2011-06-06,36.8700
2011-06-07,37.4100
2011-06-08,36.2200
2011-06-09,37.0300
2011-06-10,37.3800
2011-06-13,35.5100
2011-06-14,34.6800
2011-06-15,35.2600
2011-06-16,35.5500
2011-06-17,35.3900
2011-06-20,35.5800
2011-06-21,36.2200
2011-06-22,35.9100
2011-06-23,36.0100
2011-06-24,34.7300
2011-06-27,34.0100
2011-06-28,33.9600
2011-06-29,34.3900
2011-06-30,35.0200
2011-07-01,33.8500
2011-07-04,34.1000
2011-07-05,34.7600
2011-07-06,35.3800
2011-07-07,35.8600
2011-07-08,36.2800
2011-07-11,36.3600
2011-07-12,34.9100
2011-07-13,36.7500
2011-07-14,39.4000
2011-07-15,38.1700
2011-07-18,40.3300
2011-07-19,40.3200
2011-07-20,38.5900
2011-07-21,39.7800
2011-07-22,39.6700
2011-07-25,40.7800
2011-07-26,40.3400
2011-07-27,40.8100
2011-07-28,40.1900
2011-07-29,39.6300
2011-08-01,39.3100
2011-08-02,39.7300
2011-08-03,41.0400
2011-08-04,41.6200
2011-08-05,39.2400
2011-08-08,39.8600
2011-08-09,38.3600
2011-08-10,38.3100
2011-08-11,39.1800
2011-08-12,38.2900
2011-08-15,39.1800
2011-08-16,39.3600
2011-08-17,40.0200
2011-08-18,40.3200
2011-08-19,41.9800
2011-08-22,43.4900
2011-08-23,42.8800
2011-08-24,42.0800
2011-08-25,39.0000
2011-08-26,41.0600
2011-08-30,40.9000
2011-08-31,41.3500
2011-09-01,41.4700
2011-09-02,42.5000
2011-09-05,42.7100
2011-09-06,41.8500
2011-09-07,40.9800
2011-09-08,42.1400
2011-09-09,41.4000
2011-09-12,40.8100
2011-09-13,40.0200
2011-09-14,41.2300
2011-09-15,40.3400
2011-09-16,39.9700
2011-09-19,40.4600
2011-09-20,39.1800
2011-09-21,40.2500
2011-09-22,37.8500
2011-09-23,32.9000
2011-09-26,28.1600
2011-09-27,33.5000
2011-09-28,31.0400
2011-09-29,30.1900
2011-09-30,30.4500
2011-10-03,31.0500
2011-10-04,30.6000
2011-10-05,28.6900
2011-10-06,31.8000
2011-10-07,31.9800
2011-10-10,32.2300
2011-10-11,31.3700
2011-10-12,32.8900
2011-10-13,31.9700
2011-10-14,31.8200
2011-10-17,32.3000
2011-10-18,31.0000
2011-10-19,31.9700
2011-10-20,30.7900
2011-10-21,30.8000
2011-10-24,31.7000
2011-10-25,32.0000
2011-10-26,33.3000
2011-10-27,33.5500
2011-10-28,35.4200
2011-10-31,34.2400
2011-11-01,32.9700
2011-11-02,33.8300
2011-11-03,34.7200
2011-11-04,33.9500
2011-11-07,34.4800
2011-11-08,34.6400
2011-11-09,34.5800
2011-11-10,33.7100
2011-11-11,33.7700
2011-11-14,34.3800
2011-11-15,34.0200
2011-11-16,34.4500
2011-11-17,33.3000
2011-11-18,32.2500
2011-11-21,30.9000
2011-11-22,31.8500
2011-11-23,31.5100
2011-11-24,31.9400
2011-11-25,31.2400
2011-11-28,32.0000
2011-11-29,31.9600
2011-11-30,31.3500
2011-12-01,33.2800
2011-12-02,33.1500
2011-12-05,32.4800
2011-12-06,31.8500
2011-12-07,32.4500
2011-12-08,32.6400
2011-12-09,32.0000
2011-12-12,31.2200
2011-12-13,31.3400
2011-12-14,29.9200
2011-12-15,28.8000
2011-12-16,29.7800
2011-12-19,28.7800
2011-12-20,29.2800
2011-12-21,29.7500
2011-12-22,29.3000
2011-12-23,29.2200
2011-12-28,28.6500
2011-12-29,26.1600
2011-12-30,28.1800
2012-01-03,28.7800
2012-01-04,29.1800
2012-01-05,28.9200
2012-01-06,29.4000
2012-01-09,28.8500
2012-01-10,29.6900
2012-01-11,29.8100
2012-01-12,30.5800
2012-01-13,29.6400
2012-01-16,29.9000
2012-01-17,30.4100
2012-01-18,30.1500
2012-01-19,30.7900
2012-01-20,30.3600
2012-01-23,32.4500
2012-01-24,31.9500
2012-01-25,31.6700
2012-01-26,33.3500
2012-01-27,33.4800
2012-01-30,33.1800
2012-01-31,33.6000
2012-02-01,33.8000
2012-02-02,33.6700
2012-02-03,33.9300
2012-02-06,33.5200
2012-02-07,33.2800
2012-02-08,34.3700
2012-02-09,33.8000
2012-02-10,33.5500
2012-02-13,33.8400
2012-02-14,33.5100
2012-02-15,33.6900
2012-02-16,33.1800
2012-02-17,33.4800
2012-02-20,33.5600
2012-02-21,33.6500
2012-02-22,34.0800
2012-02-23,34.5500
2012-02-24,35.5700
2012-02-27,35.0900
2012-02-28,35.6000
2012-02-29,37.2300
2012-03-01,34.5600
2012-03-02,35.2100
2012-03-05,34.1800
2012-03-06,33.2200
2012-03-07,33.1700
2012-03-08,34.0900
2012-03-09,33.8700
2012-03-12,33.7700
2012-03-13,33.5800
2012-03-14,32.8400
2012-03-15,32.3600
2012-03-16,32.2700
2012-03-19,32.4400
2012-03-20,32.2200
2012-03-21,31.9700
2012-03-22,31.7900
2012-03-23,31.5400
2012-03-26,32.2300
2012-03-27,33.0100
2012-03-28,32.4300
2012-03-29,31.7900
2012-03-30,32.4300
2012-04-02,32.4200
2012-04-03,32.9700
2012-04-04,31.9800
2012-04-05,31.2700
2012-04-10,31.5500
2012-04-11,31.7000
2012-04-12,31.4700
2012-04-13,32.3650
2012-04-16,31.3200
2012-04-17,31.6400
2012-04-18,31.6100
2012-04-19,31.4700
2012-04-20,31.7900
2012-04-23,31.1600
2012-04-24,30.8600
2012-04-25,30.8800
2012-04-26,30.7000
2012-04-27,31.1400
2012-04-30,31.2000
2012-05-01,30.7800
2012-05-02,30.5200
2012-05-03,30.3600
2012-05-04,29.9000
2012-05-08,29.5800
2012-05-09,28.7700
2012-05-10,29.2500
2012-05-11,28.5800
2012-05-14,28.3300
2012-05-15,28.2800
2012-05-16,27.2500
2012-05-17,27.4800
2012-05-18,28.4800
2012-05-21,28.3900
2012-05-22,28.0700
2012-05-23,27.7600
2012-05-24,28.0800
2012-05-25,28.2400
2012-05-28,28.5200
2012-05-29,28.2500
2012-05-30,27.6800
2012-05-31,28.1000
2012-06-01,27.3800
2012-06-06,29.3600
2012-06-07,29.2800
2012-06-08,28.1700
2012-06-11,28.6300
2012-06-12,28.5400
2012-06-13,28.8700
2012-06-14,28.8800
2012-06-15,28.6600
2012-06-18,28.4300
2012-06-19,28.8100
2012-06-20,28.3100
2012-06-21,27.8800
2012-06-22,26.8100
2012-06-25,26.7200
2012-06-26,27.4400
2012-06-27,26.8350
2012-06-28,26.8100
2012-06-29,27.0800
2012-07-02,27.3600
2012-07-03,27.9200
2012-07-04,28.1100
2012-07-05,28.3300
2012-07-06,27.3200
2012-07-09,27.2400
2012-07-10,27.5700
2012-07-11,27.1100
2012-07-12,26.6700
2012-07-13,27.4800
2012-07-16,27.0500
2012-07-17,27.4200
2012-07-18,27.0300
2012-07-19,27.4500
2012-07-20,27.0700
2012-07-23,26.9500
2012-07-24,26.9300
2012-07-25,27.1100
2012-07-26,27.8100
2012-07-27,27.7300
2012-07-30,27.6400
2012-07-31,28.2000
2012-08-01,27.8700
2012-08-02,27.4200
2012-08-03,27.2500
2012-08-06,27.7200
2012-08-07,28.0000
2012-08-08,27.8400
2012-08-09,28.0200
2012-08-10,27.8800
2012-08-13,28.0500
2012-08-14,27.8400
2012-08-15,27.6400
2012-08-16,27.8400
2012-08-17,28.2000
2012-08-20,28.1000
2012-08-21,28.9200
2012-08-22,29.3300
2012-08-23,30.3200
2012-08-24,30.3700
2012-08-28,30.8100
2012-08-29,30.7300
2012-08-30,30.6600
2012-08-31,30.5200
2012-09-03,31.7400
2012-09-04,32.0800
2012-09-05,32.1000
2012-09-06,32.8700
2012-09-07,32.2200
2012-09-10,33.6000
2012-09-11,33.5200
2012-09-12,33.9300
2012-09-13,33.0000
2012-09-14,34.7100
2012-09-17,34.5300
2012-09-18,34.0600
2012-09-19,34.6500
2012-09-20,34.2500
2012-09-21,34.6900
2012-09-24,33.7300
2012-09-25,34.0100
2012-09-26,33.8800
2012-09-27,33.9500
2012-09-28,34.6500
2012-10-01,34.3500
2012-10-02,34.8500
2012-10-03,34.7200
2012-10-04,34.9600
2012-10-05,34.8500
2012-10-08,33.8500
2012-10-09,33.8700
2012-10-10,33.7900
2012-10-11,34.2500
2012-10-12,33.7900
2012-10-15,33.2200
2012-10-16,32.8000
2012-10-17,33.0300
2012-10-18,32.9900
2012-10-19,32.3300
2012-10-22,32.1700
2012-10-23,31.7100
2012-10-24,31.9500
2012-10-25,32.0800
2012-10-26,31.6700
2012-10-29,31.8200
2012-10-30,31.9800
2012-10-31,32.2800
2012-11-01,32.6600
2012-11-02,31.9200
2012-11-05,30.9100
2012-11-06,31.4000
2012-11-07,32.1400
2012-11-08,31.7000
2012-11-09,32.1600
2012-11-12,32.6300
2012-11-13,32.5800
2012-11-14,32.4800
2012-11-15,32.5700
2012-11-16,32.2700
2012-11-19,32.6700
2012-11-20,33.1900
2012-11-21,33.0100
2012-11-22,33.2900
2012-11-23,33.4100
2012-11-26,34.0800
2012-11-27,34.0500
2012-11-28,33.8500
2012-11-29,33.7600
2012-11-30,34.2800
2012-12-03,33.4200
2012-12-04,33.3000
2012-12-05,33.0700
2012-12-06,32.8300
2012-12-07,32.8500
2012-12-10,33.3400
2012-12-11,33.1700
2012-12-12,33.1000
2012-12-13,32.6900
2012-12-14,32.5200
2012-12-17,32.2100
2012-12-18,32.3800
2012-12-19,31.3700
2012-12-20,31.1200
2012-12-21,29.8900
2012-12-24,30.1900
2012-12-27,29.7500
2012-12-28,30.1500
2012-12-31,29.9500
2013-01-02,30.8700
2013-01-03,30.9100
2013-01-04,29.3200
2013-01-07,30.1400
2013-01-08,30.3900
2013-01-09,30.3900
2013-01-10,30.4900
2013-01-11,30.6700
2013-01-14,30.7600
2013-01-15,31.1900
2013-01-16,31.2300
2013-01-17,31.5000
2013-01-18,31.8200
2013-01-21,31.9000
2013-01-22,31.9400
2013-01-23,32.2300
2013-01-24,31.8500
2013-01-25,31.5600
2013-01-28,30.8700
2013-01-29,31.0600
2013-01-30,31.3500
2013-01-31,32.0300
2013-02-01,31.4300
2013-02-04,31.5100
2013-02-05,32.0100
2013-02-06,31.7000
2013-02-07,31.7500
2013-02-08,31.5200
2013-02-11,31.1600
2013-02-12,30.8400
2013-02-13,31.0350
2013-02-14,30.8800
2013-02-15,30.1800
2013-02-18,30.0000
2013-02-19,30.0000
2013-02-20,29.1100
2013-02-21,28.7200
2013-02-22,28.7900
2013-02-25,29.1700
2013-02-26,28.7500
2013-02-27,29.0700
2013-02-28,28.9500
2013-03-01,28.0100
2013-03-04,28.6900
2013-03-05,28.9300
2013-03-06,28.7400
2013-03-07,29.0100
2013-03-08,28.7800
2013-03-11,28.9000
2013-03-12,29.2500
2013-03-13,29.1200
2013-03-14,28.6400
2013-03-15,28.9100
2013-03-18,28.8000
2013-03-19,28.8500
2013-03-20,28.9000
2013-03-21,28.9100
2013-03-22,29.0600
2013-03-25,28.6700
2013-03-26,28.8300
2013-03-27,28.3300
2013-03-28,28.6400
2013-04-02,27.9600
2013-04-03,27.1900
2013-04-04,26.8000
2013-04-05,26.9700
2013-04-08,27.2700
2013-04-09,27.2500
2013-04-10,27.7400
2013-04-11,27.5700
2013-04-12,27.4000
2013-04-15,23.5400
2013-04-16,23.4700
2013-04-17,23.3100
2013-04-18,23.5100
2013-04-19,23.6600
2013-04-22,23.6000
2013-04-23,23.0100
2013-04-24,22.9100
2013-04-25,23.3000
2013-04-26,24.0200
2013-04-29,24.2700
2013-04-30,24.4200
2013-05-01,23.9700
2013-05-02,23.6900
2013-05-03,24.2500
2013-05-07,23.7500
2013-05-08,23.8600
2013-05-09,24.0700
2013-05-10,23.3700
2013-05-13,23.6600
2013-05-14,23.4400
2013-05-15,22.8700
2013-05-16,22.2600
2013-05-17,22.5200
2013-05-20,21.6600
2013-05-21,22.4400
2013-05-22,22.6200
2013-05-23,22.4700
2013-05-24,22.3800
2013-05-28,22.3600
2013-05-29,22.3600
2013-05-30,22.6800
2013-05-31,22.5700
2013-06-03,22.4300
2013-06-04,22.5100
2013-06-05,22.3700
2013-06-06,22.6200
2013-06-07,22.6000
2013-06-10,21.8100
2013-06-11,21.5800
2013-06-12,21.7800
2013-06-13,21.8300
2013-06-14,21.6900
2013-06-17,21.8700
2013-06-18,21.8000
2013-06-19,21.6200
2013-06-20,20.2400
2013-06-21,19.8700
2013-06-24,19.6500
2013-06-25,19.7700
2013-06-26,18.6700
2013-06-27,18.6100
2013-06-28,18.8600
2013-07-01,19.4400
2013-07-02,19.6200
2013-07-03,19.5500
2013-07-04,19.5700
2013-07-05,19.3200
2013-07-08,19.1600
2013-07-09,19.1000
2013-07-10,19.3700
2013-07-11,19.8500
2013-07-12,19.6600
2013-07-15,19.8200
2013-07-16,19.9500
2013-07-17,19.8300
2013-07-18,19.4900
2013-07-19,19.4200
2013-07-22,19.9500
2013-07-23,20.1800
2013-07-24,20.3950
2013-07-25,19.9200
2013-07-26,20.0200
2013-07-29,20.1000
2013-07-30,19.6800
2013-07-31,19.9400
2013-08-01,19.7200
2013-08-02,19.4600
2013-08-05,19.7600
2013-08-06,19.7800
2013-08-07,19.2700
2013-08-08,19.7300
2013-08-09,20.3100
2013-08-12,20.8350
2013-08-13,21.4600
2013-08-14,21.5000
2013-08-15,22.0000
2013-08-16,22.8300
2013-08-19,23.2300
2013-08-20,22.8700
2013-08-21,22.9400
2013-08-22,23.0700
2013-08-23,23.0600
2013-08-27,24.2900
2013-08-28,24.7400
2013-08-29,24.1100
2013-08-30,23.6400
2013-09-02,23.9700
2013-09-03,24.2100
2013-09-04,23.7100
2013-09-05,23.5200
2013-09-06,23.0500
2013-09-09,23.6400
2013-09-10,23.3200
2013-09-11,22.9100
2013-09-12,22.6700
2013-09-13,21.7200
2013-09-16,21.8800
2013-09-17,21.9700
2013-09-18,21.4700
2013-09-19,23.0000
2013-09-20,22.7400
2013-09-23,21.6800
2013-09-24,21.4400
2013-09-25,21.6800
2013-09-26,21.9700
2013-09-27,21.6100
2013-09-30,21.6800
2013-10-01,21.7000
2013-10-02,21.1400
2013-10-03,21.5700
2013-10-04,21.6500
2013-10-07,21.7700
2013-10-08,22.3000
2013-10-09,22.1000
2013-10-10,21.9300
2013-10-11,21.5200
2013-10-14,21.5200
2013-10-15,20.4900
2013-10-16,21.3200
2013-10-17,21.7200
2013-10-18,21.8700
2013-10-21,22.0900
2013-10-22,22.0600
2013-10-23,22.5300
2013-10-24,22.6700
2013-10-25,22.3500
2013-10-28,22.5400
2013-10-29,22.3100
2013-10-30,22.7400
2013-10-31,22.2000
2013-11-01,21.7500
2013-11-04,21.8500
2013-11-05,21.6000
2013-11-06,21.9400
2013-11-07,21.7500
2013-11-08,21.7000
2013-11-11,21.3950
2013-11-12,21.1000
2013-11-13,20.7000
2013-11-14,20.7800
2013-11-15,20.6350
2013-11-18,20.6400
2013-11-19,20.4400
2013-11-20,20.2400
2013-11-21,19.9700
2013-11-22,19.9300
2013-11-25,19.7100
2013-11-26,20.1100
2013-11-27,19.9800
2013-11-28,19.7600
2013-11-29,19.9300
2013-12-02,19.7500
2013-12-03,19.1700
2013-12-04,19.0500
2013-12-05,19.4600
2013-12-06,19.4900
2013-12-09,19.5000
2013-12-10,20.0500
2013-12-11,20.3900
2013-12-12,19.8000
2013-12-13,19.5500
2013-12-16,19.5000
2013-12-17,20.0200
2013-12-18,19.9400
2013-12-19,19.3400
2013-12-20,19.3300
2013-12-23,19.3700
2013-12-24,19.4000
2013-12-27,19.9200
2013-12-30,19.6500
2013-12-31,19.5000
2014-01-02,19.9400
2014-01-03,20.1800
2014-01-06,20.0400
2014-01-07,20.0200
2014-01-08,19.5200
2014-01-09,19.5400
2014-01-10,19.8000
2014-01-13,20.0900
2014-01-14,20.2700
2014-01-15,20.0900
2014-01-16,20.0000
2014-01-17,20.0100
2014-01-20,20.2900
2014-01-21,20.0300
2014-01-22,19.8700
2014-01-23,20.1100
2014-01-24,20.1900
2014-01-27,19.8300
2014-01-28,19.7200
2014-01-29,19.6800
2014-01-30,19.4100
2014-01-31,19.3100
2014-02-03,19.2700
2014-02-04,19.3400
2014-02-05,19.6300
2014-02-06,20.1400
2014-02-07,19.8700
2014-02-10,20.2000
2014-02-11,20.1700
2014-02-12,20.2000
2014-02-13,20.2700
2014-02-14,21.0900
2014-02-17,21.6500
2014-02-18,21.3700
2014-02-19,21.7500
2014-02-20,21.5900
2014-02-21,21.7400
2014-02-24,22.0500
2014-02-25,21.7300
2014-02-26,21.8450
2014-02-27,21.3800
2014-02-28,21.2700
2014-03-03,21.4600
2014-03-04,21.1500
2014-03-05,21.3200
2014-03-06,21.1100
2014-03-07,21.3800
2014-03-10,20.9900
2014-03-11,21.2500
2014-03-12,20.9700
2014-03-13,21.2400
2014-03-14,21.3600
2014-03-17,21.2200
2014-03-18,20.9400
2014-03-19,20.7500
2014-03-20,20.1700
2014-03-21,20.5500
2014-03-24,20.2000
2014-03-25,20.0000
2014-03-26,20.0300
2014-03-27,19.6800
2014-03-28,19.7100
2014-03-31,19.9700
2014-04-01,19.8000
2014-04-02,19.8200
2014-04-03,19.8300
2014-04-04,19.9300
2014-04-07,19.8100
2014-04-08,20.1500
2014-04-09,19.8900
2014-04-10,20.2400
2014-04-11,20.0900
2014-04-14,19.7400
2014-04-15,19.7700
2014-04-16,19.6000
2014-04-17,19.6200
2014-04-22,19.5100
2014-04-23,19.4600
2014-04-24,19.0600
2014-04-25,19.6600
2014-04-28,19.6000
2014-04-29,19.3300
2014-04-30,19.2800
2014-05-01,19.0600
2014-05-02,19.1700
2014-05-06,19.6400
2014-05-07,19.6400
2014-05-08,19.2500
2014-05-09,19.2500
2014-05-12,19.4600
2014-05-13,19.4400
2014-05-14,19.8700
2014-05-15,19.6600
2014-05-16,19.3300
2014-05-19,19.5500
2014-05-20,19.3700
2014-05-21,19.3100
2014-05-22,19.5600
2014-05-23,19.4200
2014-05-27,19.2500
2014-05-28,19.1250
2014-05-29,18.8500
2014-05-30,19.0000
2014-06-02,18.8100
2014-06-03,18.8700
2014-06-04,18.7600
2014-06-05,18.8100
2014-06-06,19.0300
2014-06-09,19.1100
2014-06-10,19.0000
2014-06-11,19.2000
2014-06-12,19.3300
2014-06-13,19.5800
2014-06-16,19.6700
2014-06-17,19.5500
2014-06-18,19.7300
2014-06-19,19.9400
2014-06-20,20.6200
2014-06-23,20.7500
2014-06-24,21.1200
2014-06-25,20.7800
2014-06-26,20.8300
2014-06-27,21.0400
2014-06-30,20.8700
2014-07-01,21.0800
2014-07-02,21.0400
2014-07-03,21.0000
2014-07-04,21.1200
2014-07-07,20.9500
2014-07-08,21.0800
2014-07-09,21.1300
2014-07-10,21.5000
2014-07-11,21.4150
2014-07-14,21.1300
2014-07-15,20.9300
2014-07-16,20.7000
2014-07-17,20.7800
2014-07-18,20.9400
2014-07-21,20.9300
2014-07-22,20.8100
2014-07-23,20.9300
2014-07-24,20.8400
2014-07-25,20.4600
2014-07-28,20.6300
2014-07-29,20.6400
2014-07-30,20.5400
2014-07-31,20.6900
2014-08-01,20.3400
2014-08-04,20.3500
2014-08-05,20.2000
2014-08-06,19.7800
2014-08-07,20.0700
2014-08-08,20.1300
2014-08-11,19.8500
2014-08-12,20.0800
2014-08-13,19.9000
2014-08-14,19.8600
2014-08-15,19.8600
2014-08-18,19.5900
2014-08-19,19.6600
2014-08-20,19.4200
2014-08-21,19.4000
2014-08-22,19.4900
2014-08-26,19.4900
2014-08-27,19.3200
2014-08-28,19.7500
2014-08-29,19.4700
2014-09-01,19.4900
2014-09-02,19.2000
2014-09-03,19.1000
2014-09-04,19.2100
2014-09-05,19.1300
2014-09-08,19.1900
2014-09-09,19.0000
2014-09-10,19.0100
2014-09-11,18.7000
2014-09-12,18.6400
2014-09-15,18.6400
2014-09-16,18.7500
2014-09-17,18.6300
2014-09-18,18.5000
2014-09-19,18.4500
2014-09-22,17.7400
2014-09-23,17.9200
2014-09-24,17.7600
2014-09-25,17.5200
2014-09-26,17.5400
2014-09-29,17.5800
2014-09-30,17.1100
2014-10-01,17.0400
2014-10-02,17.0900
2014-10-03,16.9700
2014-10-06,17.0200
2014-10-07,17.3600
2014-10-08,17.3500
2014-10-09,17.6400
2014-10-10,17.2600
2014-10-13,17.4100
2014-10-14,17.5000
2014-10-15,17.0100
2014-10-16,17.4600
2014-10-17,17.3600
2014-10-20,17.3800
2014-10-21,17.3600
2014-10-22,17.3600
2014-10-23,17.0700
2014-10-24,17.1900
2014-10-27,17.1800
2014-10-28,17.1800
2014-10-29,17.2000
2014-10-30,16.7800
2014-10-31,16.2000
2014-11-03,16.1500
2014-11-04,16.1200
2014-11-05,15.3200
2014-11-06,15.2800
2014-11-07,15.4200
2014-11-10,15.6700
2014-11-11,15.5700
2014-11-12,15.6200
2014-11-13,15.7400
2014-11-14,15.3500
2014-11-17,16.2000
2014-11-18,16.2700
2014-11-19,16.2600
2014-11-20,16.2000
2014-11-21,16.3000
2014-11-24,16.3300
2014-11-25,16.6600
2014-11-26,16.6100
2014-11-27,16.4200
2014-11-28,15.9700
2014-12-01,15.7300
2014-12-02,16.1600
2014-12-03,16.3000
2014-12-04,16.4200
2014-12-05,16.3300
2014-12-08,16.2600
2014-12-09,16.3700
2014-12-10,17.0600
2014-12-11,16.9800
2014-12-12,17.0700
2014-12-15,16.8500
2014-12-16,16.2900
2014-12-17,15.9500
2014-12-18,16.0800
2014-12-19,15.8600
2014-12-22,16.0900
2014-12-23,15.7100
2014-12-24,15.7700
2014-12-29,16.0000
2014-12-30,15.7900
2014-12-31,15.9700
2015-01-02,15.7100
2015-01-05,15.8800
2015-01-06,16.2900
2015-01-07,16.3300
2015-01-08,16.3700
2015-01-09,16.2400
2015-01-12,16.5200
2015-01-13,17.0000
2015-01-14,16.6400
2015-01-15,17.1200
2015-01-16,16.9200
2015-01-19,17.6500
2015-01-20,17.8000
2015-01-21,18.2200
2015-01-22,18.0800
2015-01-23,18.2300
2015-01-26,17.8300
2015-01-27,17.8700
2015-01-28,18.0100
2015-01-29,17.4300
2015-01-30,16.9200
2015-02-02,17.2200
2015-02-03,17.5900
2015-02-04,17.3900
2015-02-05,17.0000
2015-02-06,17.2200
2015-02-09,16.9700
2015-02-10,16.8000
2015-02-11,16.9500
2015-02-12,16.8900
2015-02-13,16.8600
2015-02-16,17.2700
2015-02-17,16.8200
2015-02-18,16.4200
2015-02-19,16.7300
2015-02-20,16.3400
2015-02-23,16.2000
2015-02-24,16.3200
2015-02-25,16.5100
2015-02-26,16.8200
2015-02-27,16.5300
2015-03-02,16.6300
2015-03-03,16.4200
2015-03-04,16.3200
2015-03-05,16.1900
2015-03-06,15.9900
2015-03-09,15.9200
2015-03-10,15.7800
2015-03-11,15.6400
2015-03-12,15.6800
2015-03-13,15.5000
2015-03-16,15.5800
2015-03-17,15.5600
2015-03-18,15.4700
2015-03-19,15.8800
2015-03-20,16.1700
2015-03-23,16.7300
2015-03-24,16.9700
2015-03-25,16.9400
2015-03-26,17.1300
2015-03-27,17.1400
2015-03-30,16.6500
2015-03-31,16.6000
2015-04-01,16.5600
2015-04-02,16.8400
2015-04-07,16.8600
2015-04-08,16.8400
2015-04-09,16.3000
2015-04-10,16.5500
2015-04-13,16.2700
2015-04-14,16.0800
2015-04-15,16.1800
2015-04-16,16.4700
2015-04-17,16.3600
2015-04-20,16.0900
2015-04-21,16.0800
2015-04-22,16.0500
2015-04-23,15.8600
2015-04-24,15.8300
2015-04-27,15.8400
2015-04-28,16.3200
2015-04-29,16.4800
2015-04-30,16.5200
2015-05-01,16.1700
2015-05-05,16.4200
2015-05-06,16.4100
2015-05-07,16.3500
2015-05-08,16.3100
2015-05-11,16.3900
2015-05-12,16.4600
2015-05-13,16.6500
2015-05-14,17.4000
2015-05-15,17.2500
2015-05-18,17.7000
2015-05-19,17.4000
2015-05-20,17.0700
2015-05-21,17.1800
2015-05-22,17.2500
2015-05-26,16.7900
2015-05-27,16.6600
2015-05-28,16.6800
2015-05-29,16.6700
2015-06-01,16.6100
2015-06-02,16.7000
2015-06-03,16.6000
2015-06-04,16.4700
2015-06-05,16.1500
2015-06-08,16.0600
2015-06-09,16.1300
2015-06-10,16.1300
2015-06-11,15.8700
2015-06-12,15.9300
2015-06-15,15.9300
2015-06-16,16.0300
2015-06-17,15.9800
2015-06-18,16.2400
2015-06-19,16.1200
2015-06-22,16.1900
2015-06-23,15.9600
2015-06-24,15.8900
2015-06-25,15.7700
2015-06-26,15.8300
2015-06-29,15.8300
2015-06-30,15.7000
2015-07-01,15.6300
2015-07-02,15.6100
2015-07-03,15.6400
2015-07-06,15.5900
2015-07-07,15.6100
2015-07-08,14.9900
2015-07-09,15.3800
2015-07-10,15.4500
2015-07-13,15.4500
2015-07-14,15.2800
2015-07-15,15.3100
2015-07-16,14.9300
2015-07-17,15.0100
2015-07-20,14.8400
2015-07-21,14.7500
2015-07-22,14.7800
2015-07-23,14.8800
2015-07-24,14.4900
2015-07-27,14.6900
2015-07-28,14.5400
2015-07-29,14.6100
2015-07-30,14.6400
2015-07-31,14.5600
2015-08-03,14.7300
2015-08-04,14.5400
2015-08-05,14.5200
2015-08-06,14.5900
2015-08-07,14.7500
2015-08-10,14.8800
2015-08-11,15.3100
2015-08-12,15.3600
2015-08-13,15.3300
2015-08-14,15.5500
2015-08-17,15.2300
2015-08-18,15.2300
2015-08-19,14.8400
2015-08-20,15.5000
2015-08-21,15.4600
2015-08-24,14.9400
2015-08-25,14.8700
2015-08-26,14.4100
2015-08-27,14.2700
2015-08-28,14.4400
2015-09-01,14.6800
2015-09-02,14.5600
2015-09-03,14.7100
2015-09-04,14.6900
2015-09-07,14.5400
2015-09-08,14.6300
2015-09-09,14.7700
2015-09-10,14.7200
2015-09-11,14.5800
2015-09-14,14.4300
2015-09-15,14.3500
2015-09-16,14.5100
2015-09-17,14.7600
2015-09-18,15.2600
2015-09-21,15.1800
2015-09-22,14.9400
2015-09-23,14.8000
2015-09-24,14.7900
2015-09-25,14.9900
2015-09-28,14.7000
2015-09-29,14.5600
2015-09-30,14.6500
2015-10-01,14.5500
2015-10-02,14.4300
2015-10-05,15.2500
2015-10-06,15.6700
2015-10-07,15.8200
2015-10-08,15.6100
2015-10-09,15.9900
2015-10-12,15.9600
2015-10-13,15.6100
2015-10-14,15.8400
2015-10-15,16.1800
2015-10-16,16.0400
2015-10-19,15.8600
2015-10-20,15.8600
2015-10-21,15.7500
2015-10-22,15.7700
2015-10-23,15.9800
2015-10-26,16.1000
2015-10-27,15.8000
2015-10-28,16.0300
2015-10-29,15.8200
2015-10-30,15.6300
2015-11-02,15.4000
2015-11-03,15.3800
2015-11-04,15.2600
2015-11-05,15.0200
2015-11-06,15.0800
2015-11-09,14.7800
2015-11-10,14.5500
2015-11-11,14.4400
2015-11-12,14.3900
2015-11-13,14.3900
2015-11-16,14.3600
2015-11-17,14.2500
2015-11-18,14.1700
2015-11-19,14.2100
2015-11-20,14.2900
2015-11-23,13.9800
2015-11-24,14.1400
2015-11-25,14.0700
2015-11-26,14.2900
2015-11-27,14.1100
2015-11-30,14.0800
2015-12-01,14.2100
2015-12-02,14.1400
2015-12-03,13.9300
2015-12-04,14.1300
2015-12-07,14.4900
2015-12-08,14.2400
2015-12-09,14.2700
2015-12-10,14.1700
2015-12-11,13.9200
2015-12-14,13.7100
2015-12-15,13.7400
2015-12-16,13.7400
2015-12-17,14.0800
2015-12-18,13.8200
2015-12-21,14.2000
2015-12-22,14.2400
2015-12-23,14.3300
2015-12-24,14.2000
2015-12-29,13.9300
2015-12-30,13.8200
2015-12-31,13.8200
2016-01-04,14.0000
2016-01-05,14.0100
2016-01-06,14.0050
2016-01-07,14.0300
2016-01-08,14.0400
2016-01-11,13.9700
2016-01-12,13.8800
2016-01-13,13.8300
2016-01-14,14.0200
2016-01-15,13.8000
2016-01-18,13.8800
2016-01-19,14.0300
2016-01-20,14.0500
2016-01-21,14.0100
2016-01-22,14.1700
2016-01-25,14.2200
2016-01-26,14.3300
2016-01-27,14.3800
2016-01-28,13.5800
2016-01-29,14.0800
2016-02-01,14.3300
2016-02-02,14.2600
2016-02-03,14.4100
2016-02-04,14.7400
2016-02-05,14.9100
2016-02-08,14.9400
2016-02-09,15.3400
2016-02-10,15.1200
2016-02-11,15.6500
2016-02-12,15.6400
2016-02-15,15.2600
2016-02-16,15.3500
2016-02-17,15.2500
2016-02-18,15.2500
2016-02-19,15.3700
2016-02-22,15.0000
2016-02-23,15.2100
2016-02-24,15.3200
2016-02-25,15.1600
2016-02-26,15.1700
2016-02-29,14.7500
2016-03-01,14.9900
2016-03-02,14.8200
2016-03-03,14.9700
2016-03-04,15.4300
2016-03-07,15.6600
2016-03-08,15.6600
2016-03-09,15.2700
2016-03-10,15.2700
2016-03-11,15.5000
2016-03-14,15.6000
2016-03-15,15.3200
2016-03-16,15.2900
2016-03-17,15.7300
2016-03-18,15.9400
2016-03-21,15.8100
2016-03-22,15.8900
2016-03-23,15.5800
2016-03-24,15.2800
2016-03-29,15.0600
2016-03-30,15.3800
2016-03-31,15.3800
2016-04-01,15.3800
2016-04-04,14.9600
2016-04-05,15.1900
2016-04-06,15.0700
2016-04-07,15.2200
2016-04-08,15.1600
2016-04-11,15.5600
2016-04-12,15.9600
2016-04-13,15.9800
2016-04-14,16.1300
2016-04-15,16.1700
2016-04-18,16.2000
2016-04-19,16.6200
2016-04-20,16.9700
2016-04-21,17.3200
2016-04-22,17.1900
2016-04-25,16.8600
2016-04-26,16.9500
2016-04-27,17.3400
2016-04-28,17.3500
2016-04-29,17.8550
2016-05-03,17.4900
2016-05-04,17.1800
2016-05-05,17.3800
2016-05-06,17.3100
2016-05-09,17.3300
2016-05-10,17.0400
2016-05-11,17.5100
2016-05-12,17.2300
2016-05-13,17.0900
2016-05-16,17.3200
2016-05-17,17.0800
2016-05-18,17.0500
2016-05-19,16.6000
2016-05-20,16.5600
2016-05-23,16.3100
2016-05-24,16.2700
2016-05-25,16.2050
2016-05-26,16.4600
2016-05-27,16.3000
2016-05-31,16.0600
2016-06-01,15.9500
2016-06-02,15.9800
2016-06-03,16.1000
2016-06-06,16.4000
2016-06-07,16.3100
2016-06-08,16.7500
2016-06-09,17.0500
2016-06-10,17.3200
2016-06-13,17.3200
2016-06-14,17.2500
2016-06-15,17.4100
2016-06-16,17.7100
2016-06-17,17.3700
2016-06-20,17.3350
2016-06-21,17.3600
2016-06-22,17.2000
2016-06-23,17.2900
2016-06-24,18.0400
2016-06-27,17.7000
2016-06-28,17.5700
2016-06-29,18.2100
2016-06-30,18.3600
2016-07-01,19.2400
2016-07-04,20.3600
2016-07-05,19.7300
2016-07-06,20.4300
2016-07-07,19.9500
2016-07-08,19.7200
2016-07-11,20.4700
2016-07-12,20.3500
2016-07-13,20.2900
2016-07-14,20.2500
2016-07-15,20.1400
2016-07-18,19.7200
2016-07-19,19.9900
2016-07-20,19.7000
2016-07-21,19.3400
2016-07-22,19.7000
2016-07-25,19.4100
2016-07-26,19.6800
2016-07-27,19.5800
2016-07-28,20.4100
2016-07-29,20.0400
2016-08-01,20.5100
2016-08-02,20.7100
2016-08-03,20.5900
2016-08-04,20.1600
2016-08-05,20.2200
2016-08-08,19.6600
2016-08-09,19.7000
2016-08-10,20.3350
2016-08-11,20.2100
2016-08-12,19.8700
2016-08-15,19.9000
2016-08-16,20.0350
2016-08-17,19.5700
2016-08-18,19.7800
2016-08-19,19.4150
2016-08-22,18.9100
2016-08-23,18.9800
2016-08-24,18.8400
2016-08-25,18.5000
2016-08-26,18.6700
2016-08-30,18.7800
2016-08-31,18.7400
2016-09-01,18.6500
2016-09-02,18.7500
2016-09-05,19.4600
2016-09-06,19.6000
2016-09-07,19.9200
2016-09-08,19.9300
2016-09-09,19.4100
2016-09-12,18.7200
2016-09-13,19.1600
2016-09-14,19.0400
2016-09-15,18.9600
2016-09-16,18.9100
2016-09-19,19.1200
2016-09-20,19.1700
2016-09-21,19.4300
2016-09-22,19.8750
2016-09-23,19.8200
2016-09-26,19.4400
2016-09-27,19.4200
2016-09-28,19.1200
2016-09-29,19.0100
2016-09-30,19.3500
2016-10-03,19.1800
2016-10-04,18.7400
2016-10-05,17.8000
2016-10-06,17.7600
2016-10-07,17.3300
2016-10-10,17.7800
2016-10-11,17.4800
2016-10-12,17.4400
2016-10-13,17.5900
2016-10-14,17.4700
2016-10-17,17.4000
2016-10-18,17.6500
2016-10-19,17.6900
2016-10-20,17.6000
2016-10-21,17.5100
2016-10-24,17.6400
2016-10-25,17.7300
2016-10-26,17.6600
2016-10-27,17.6600
2016-10-28,17.6100
2016-10-31,17.7600
2016-11-01,18.2400
2016-11-02,18.5400
2016-11-03,18.0700
2016-11-04,18.3000
2016-11-07,18.2200
2016-11-08,18.2600
2016-11-09,18.8100
2016-11-10,18.7500
2016-11-11,18.5900
2016-11-14,17.1950
2016-11-15,17.0000
2016-11-16,16.9500
2016-11-17,17.0400
2016-11-18,16.5100
2016-11-21,16.6800
2016-11-22,16.7600
2016-11-23,16.5600
2016-11-24,16.3100
2016-11-25,16.4650
2016-11-28,16.6800
2016-11-29,16.5400
2016-11-30,16.6700
2016-12-01,16.3000
2016-12-02,16.3500
2016-12-05,16.6200
2016-12-06,16.7900
2016-12-07,16.7700
2016-12-08,17.1300
2016-12-09,16.9500
2016-12-12,16.8600
2016-12-13,17.0100
2016-12-14,17.1100
2016-12-15,16.1400
2016-12-16,16.0500
2016-12-19,16.0000
2016-12-20,15.8000
2016-12-21,16.0300
2016-12-22,15.7700
2016-12-23,15.7400
2016-12-28,15.8500
2016-12-29,16.0600
2016-12-30,16.2400
2017-01-03,15.9500
2017-01-04,16.4200
2017-01-05,16.5900
2017-01-06,16.4500
2017-01-09,16.5200
2017-01-10,16.6650
2017-01-11,16.7900
2017-01-12,16.9100
2017-01-13,16.7600
2017-01-16,16.8200
2017-01-17,17.0000
2017-01-18,17.1200
2017-01-19,16.9500
2017-01-20,16.8900
2017-01-23,17.1400
2017-01-24,17.1050
2017-01-25,16.9300
2017-01-26,16.8600
2017-01-27,16.7000
2017-01-30,17.1000
2017-01-31,17.2900
2017-02-01,17.6000
2017-02-02,17.7100
2017-02-03,17.2800
2017-02-06,17.6000
2017-02-07,17.6000
2017-02-08,17.7400
2017-02-09,17.7150
2017-02-10,17.6200
2017-02-13,17.9700
2017-02-14,17.9050
2017-02-15,17.8800
2017-02-16,18.1000
2017-02-17,18.0050
2017-02-20,17.9800
2017-02-21,17.8900
2017-02-22,18.0000
2017-02-23,18.0000
2017-02-24,18.2700
2017-02-27,18.3400
2017-02-28,18.2800
2017-03-01,18.3300
2017-03-02,18.3300
2017-03-03,17.6600
2017-03-06,17.8100
2017-03-07,17.7000
2017-03-08,17.4000
2017-03-09,17.1400
2017-03-10,16.8900
2017-03-13,17.0200
2017-03-14,17.0000
2017-03-15,16.9100
2017-03-16,17.4600
2017-03-17,17.4000
2017-03-20,17.2300
2017-03-21,17.3100
2017-03-22,17.5800
2017-03-23,17.5500
2017-03-24,17.6300
2017-03-27,17.9400
2017-03-28,17.9400
2017-03-29,18.1300
2017-03-30,18.1000
2017-03-31,18.0600
2017-04-03,18.1600
2017-04-04,18.3400
2017-04-05,18.2600
2017-04-06,18.2200
2017-04-07,18.4000
2017-04-10,17.9400
2017-04-11,17.9400
2017-04-12,18.3100
2017-04-13,18.5600
2017-04-18,18.4200
2017-04-19,18.2200
2017-04-20,18.1900
2017-04-21,17.9800
2017-04-24,17.8100
2017-04-25,17.8400
2017-04-26,17.5900
2017-04-27,17.4600
2017-04-28,17.4100
2017-05-02,16.9500
2017-05-03,16.8500
2017-05-04,16.5000
2017-05-05,16.2700
2017-05-08,16.3800
2017-05-09,16.2200
2017-05-10,16.2900
2017-05-11,16.3700
2017-05-12,16.3000
2017-05-15,16.5900
2017-05-16,16.7200
2017-05-17,16.9000
2017-05-18,16.8100
2017-05-19,16.7700
2017-05-22,16.9500
2017-05-23,17.1400
2017-05-24,17.0300
2017-05-25,17.1500
2017-05-26,17.2900
2017-05-30,17.2700
2017-05-31,17.3100
2017-06-01,17.1300
2017-06-02,17.1900
2017-06-05,17.5200
2017-06-06,17.5600
2017-06-07,17.6000
2017-06-08,17.6000
2017-06-09,17.3500
2017-06-12,17.1300
2017-06-13,16.8200
2017-06-14,16.9600
2017-06-15,16.8600
2017-06-16,16.7600
2017-06-19,16.6700
2017-06-20,16.5900
2017-06-21,16.5100
2017-06-22,16.5800
2017-06-23,16.7100
2017-06-26,16.5300
2017-06-27,16.6600
2017-06-28,16.7800
2017-06-29,16.8300
2017-06-30,16.4700
2017-07-03,16.4800
2017-07-04,16.1500
2017-07-05,15.9500
2017-07-06,16.0100
2017-07-07,15.8400
2017-07-10,15.2200
2017-07-11,15.5100
2017-07-12,15.8300
2017-07-13,15.9500
2017-07-14,15.7100
2017-07-17,16.0700
2017-07-18,16.1700
2017-07-19,16.2300
2017-07-20,16.1800
2017-07-21,16.4300
2017-07-24,16.5000
2017-07-25,16.3100
2017-07-26,16.3700
2017-07-27,16.7900
2017-07-28,16.5600
2017-07-31,16.7600
2017-08-01,16.7400
2017-08-02,16.6700
2017-08-03,16.4700
2017-08-04,16.7000
2017-08-07,16.1300
2017-08-08,16.3900
2017-08-09,16.5900
2017-08-10,17.0800
2017-08-11,17.0900
2017-08-14,16.9700
2017-08-15,16.8900
2017-08-16,16.6800
2017-08-17,17.0200
2017-08-18,17.1500
2017-08-21,17.0200
2017-08-22,17.0200
2017-08-23,17.0600
2017-08-24,16.9300
2017-08-25,17.0200
2017-08-29,17.6000
2017-08-30,17.4400
2017-08-31,17.3400
2017-09-01,17.5000
2017-09-04,17.8000
2017-09-05,17.8800
2017-09-06,17.7700
2017-09-07,17.7900
2017-09-08,18.2100
2017-09-11,17.8500
2017-09-12,17.7500
2017-09-13,17.9100
2017-09-14,17.7500
2017-09-15,17.7000
2017-09-18,17.5300
2017-09-19,17.1500
2017-09-20,17.3800
2017-09-21,16.9500
2017-09-22,16.9700
2017-09-25,16.9500
2017-09-26,17.0100
2017-09-27,16.8900
2017-09-28,16.8200
2017-09-29,16.8600
2017-10-02,16.5800
2017-10-03,16.6100
2017-10-04,16.8250
2017-10-05,16.6600
2017-10-06,16.6250
2017-10-09,16.9200
2017-10-10,17.1200
2017-10-11,17.1500
2017-10-12,17.1950
2017-10-13,17.2000
2017-10-16,17.4100
2017-10-17,17.1100
2017-10-18,16.9500
2017-10-19,17.0250
2017-10-20,17.0750
2017-10-23,16.9950
2017-10-24,17.0350
2017-10-25,16.8900
2017-10-26,16.9700
2017-10-27,16.7200
2017-10-30,16.7350
2017-10-31,16.8200
2017-11-01,16.9400
2017-11-02,17.0800
2017-11-03,17.0850
2017-11-06,16.9150
2017-11-07,17.0050
2017-11-08,16.9950
2017-11-09,17.1000
2017-11-10,17.0000
2017-11-13,16.9250
2017-11-14,16.9350
2017-11-15,17.1150
2017-11-16,17.0400
2017-11-17,17.0850
2017-11-20,17.1450
2017-11-21,17.0000
2017-11-22,16.9650
2017-11-23,17.0950
2017-11-24,17.0500
2017-11-27,17.1000
2017-11-28,17.0700
2017-11-29,16.8950
2017-11-30,16.5700
2017-12-01,16.4200
2017-12-04,16.3300
2017-12-05,16.2850
2017-12-06,16.1150
2017-12-07,15.9100
2017-12-08,15.8250
2017-12-11,15.8350
2017-12-12,15.7800
2017-12-13,15.7050
2017-12-14,16.0100
2017-12-15,15.9850
2017-12-18,16.0900
2017-12-19,16.1550
2017-12-20,16.1850
2017-12-21,16.1450
2017-12-22,16.1750
2017-12-27,16.5000
2017-12-28,16.7400
2017-12-29,16.8650
2018-01-02,17.0600
2018-01-03,17.1250
2018-01-04,17.1300
2018-01-05,17.1550
2018-01-08,17.1700
2018-01-09,17.0550
2018-01-10,17.1350
2018-01-11,17.0100
2018-01-12,17.1200
2018-01-15,17.3250
2018-01-16,17.0950
2018-01-17,17.2100
2018-01-18,17.0900
2018-01-19,17.0400
2018-01-22,17.0350
2018-01-23,16.9800
2018-01-24,17.1900
2018-01-25,17.5200
2018-01-26,17.4000
2018-01-29,17.3350
2018-01-30,17.2950
2018-01-31,17.2300
2018-02-01,17.1900
2018-02-02,17.1350
2018-02-05,16.8750
2018-02-06,16.8050
2018-02-07,16.6900
2018-02-08,16.3450
2018-02-09,16.3550
2018-02-12,16.4250
2018-02-13,16.6050
2018-02-14,16.5800
2018-02-15,16.8250
2018-02-16,16.8350
2018-02-19,16.7200
2018-02-20,16.5700
2018-02-21,16.4350
2018-02-22,16.4650
2018-02-23,16.6100
2018-02-26,16.6700
2018-02-27,16.6100
2018-02-28,16.4400
2018-03-01,16.3150
2018-03-02,16.4450
2018-03-05,16.5100
2018-03-06,16.6200
2018-03-07,16.6450
2018-03-08,16.4800
2018-03-09,16.4850
2018-03-12,16.4550
2018-03-13,16.5100
2018-03-14,16.6050
2018-03-15,16.5200
2018-03-16,16.4750
2018-03-19,16.2850
2018-03-20,16.2500
2018-03-21,16.2450
2018-03-22,16.5200
2018-03-23,16.5300
2018-03-26,16.6100
2018-03-27,16.6400
2018-03-28,16.4550
2018-03-29,16.2800
2018-04-03,16.5200
2018-04-04,16.4600
2018-04-05,16.3050
2018-04-06,16.2750
2018-04-09,16.3400
2018-04-10,16.4900
2018-04-11,16.5650
2018-04-12,16.6550
2018-04-13,16.5050
2018-04-16,16.6000
2018-04-17,16.6250
2018-04-18,16.9450
2018-04-19,17.1950
2018-04-20,17.1100
2018-04-23,16.9350
2018-04-24,16.5950
2018-04-25,16.5650
2018-04-26,16.5750
2018-04-27,16.5300
2018-04-30,16.3800
2018-05-01,16.2500
2018-05-02,16.3500
2018-05-03,16.4650
2018-05-04,16.4150
2018-05-08,16.4450
2018-05-09,16.4400
2018-05-10,16.6000
2018-05-11,16.7600
2018-05-14,16.6450
2018-05-15,16.4100
2018-05-16,16.2550
2018-05-17,16.3850
2018-05-18,16.3900
2018-05-21,16.3400
2018-05-22,16.5800
2018-05-23,16.5300
2018-05-24,16.5100
2018-05-25,16.6700
2018-05-29,16.4750
2018-05-30,16.3700
2018-05-31,16.5500
2018-06-01,16.4200
2018-06-04,16.4400
2018-06-05,16.3850
2018-06-06,16.5450
2018-06-07,16.7450
2018-06-08,16.7200
2018-06-11,16.7600
2018-06-12,16.8550
2018-06-13,16.9050
2018-06-14,17.1250
2018-06-15,17.2250
2018-06-18,16.6050
2018-06-19,16.3550
2018-06-20,16.2850
2018-06-21,16.2450
2018-06-22,16.4250
2018-06-25,16.3750
2018-06-26,16.2250
2018-06-27,16.2100
2018-06-28,16.1100
2018-06-29,16.0300
2018-07-02,15.9800
2018-07-03,15.9300
2018-07-04,16.0450
2018-07-05,15.9500
2018-07-06,15.9950
2018-07-09,16.2050
2018-07-10,15.9300
2018-07-11,15.9150
2018-07-12,15.8400
2018-07-13,15.8100
2018-07-16,15.8100
2018-07-17,15.7700
2018-07-18,15.4400
2018-07-19,15.2600
2018-07-20,15.3700
2018-07-23,15.4850
2018-07-24,15.5100
2018-07-25,15.5650
2018-07-26,15.5350
2018-07-27,15.3550
2018-07-30,15.4900
2018-07-31,15.4300
2018-08-01,15.4750
2018-08-02,15.4500
2018-08-03,15.3600
2018-08-06,15.3450
2018-08-07,15.4650
2018-08-08,15.3450
2018-08-09,15.4800
2018-08-10,15.3750
2018-08-13,15.1850
2018-08-14,15.0350
2018-08-15,14.8250
2018-08-16,14.6050
2018-08-17,14.6600
2018-08-20,14.7550
2018-08-21,14.7850
2018-08-22,14.8100
2018-08-23,14.6250
2018-08-24,14.6200
2018-08-28,14.9000
2018-08-29,14.6900
2018-08-30,14.6650
2018-08-31,14.6550
2018-09-03,14.5250
2018-09-04,14.2500
2018-09-05,14.1700
2018-09-06,14.2650
2018-09-07,14.1850
2018-09-10,14.2150
2018-09-11,14.1250
2018-09-12,14.1550
2018-09-13,14.2250
2018-09-14,14.2150
2018-09-17,14.1700
2018-09-18,14.2100
2018-09-19,14.1850
2018-09-20,14.2300
2018-09-21,14.3300
2018-09-24,14.3150
2018-09-25,14.2900
2018-09-26,14.4750
2018-09-27,14.4200
2018-09-28,14.3050
2018-10-01,14.5500
2018-10-02,14.5050
2018-10-03,14.7350
2018-10-04,14.6300
2018-10-05,14.6350
2018-10-08,14.4650
2018-10-09,14.3250
2018-10-10,14.3750
2018-10-11,14.4000
2018-10-12,14.6000
2018-10-15,14.7400
2018-10-16,14.7550
2018-10-17,14.6500
2018-10-18,14.5150
2018-10-19,14.6100
2018-10-22,14.6300
2018-10-23,14.7150
2018-10-24,14.7450
2018-10-25,14.7400
2018-10-26,14.6900
2018-10-29,14.6500
2018-10-30,14.4250
2018-10-31,14.3400
2018-11-01,14.4500
2018-11-02,14.8200
2018-11-05,14.7350
2018-11-06,14.7000
2018-11-07,14.6700
2018-11-08,14.4900
2018-11-09,14.3400
2018-11-12,14.1600
2018-11-13,14.0200
2018-11-14,13.9700
2018-11-15,14.1300
2018-11-16,14.2850
2018-11-19,14.3600
2018-11-20,14.4400
2018-11-21,14.4200
2018-11-22,14.5200
2018-11-23,14.2550
2018-11-26,14.3800
2018-11-27,14.2750
2018-11-28,14.1500
2018-11-29,14.2650
2018-11-30,14.2350
2018-12-03,14.3850
2018-12-04,14.5450
2018-12-05,14.4800
2018-12-06,14.3800
2018-12-07,14.4850
2018-12-10,14.5300
2018-12-11,14.6400
2018-12-12,14.6550
2018-12-13,14.6800
2018-12-14,14.5800
2018-12-17,14.6000
2018-12-18,14.6550
2018-12-19,14.6450
2018-12-20,14.7700
2018-12-21,14.6900
2018-12-24,14.6750
2018-12-27,15.0550
2018-12-28,15.2950
2018-12-31,15.4650
2019-01-02,15.4400
2019-01-03,15.5350
2019-01-04,15.7050
2019-01-07,15.7500
2019-01-08,15.6400
2019-01-09,15.6200
2019-01-10,15.7050
2019-01-11,15.6800
2019-01-14,15.6150
2019-01-15,15.6000
2019-01-16,15.5400
2019-01-17,15.5750
2019-01-18,15.4700
2019-01-21,15.2600
2019-01-22,15.2600
2019-01-23,15.3850
2019-01-24,15.3000
2019-01-25,15.3750
2019-01-28,15.6850
2019-01-29,15.8550
2019-01-30,15.9150
2019-01-31,16.0750
2019-02-01,16.0100
2019-02-04,15.7450
2019-02-05,15.8650
2019-02-06,15.7300
2019-02-07,15.7100
2019-02-08,15.7800
2019-02-11,15.7050
2019-02-12,15.8100
2019-02-13,15.6950
2019-02-14,15.5800
2019-02-15,15.6750
2019-02-18,15.7650
2019-02-19,15.7800
2019-02-20,16.0350
2019-02-21,15.9100
2019-02-22,15.8700
2019-02-25,15.9550
2019-02-26,15.8300
2019-02-27,15.8600
2019-02-28,15.8150
2019-03-01,15.5600
2019-03-04,15.1600
2019-03-05,15.1100
2019-03-06,15.0950
2019-03-07,15.0750
2019-03-08,15.1150
2019-03-11,15.2950
2019-03-12,15.4450
2019-03-13,15.5200
2019-03-14,15.2350
2019-03-15,15.3550
2019-03-18,15.3800
2019-03-19,15.4100
2019-03-20,15.3200
2019-03-21,15.5400
2019-03-22,15.4600
2019-03-25,15.5250
2019-03-26,15.4400
2019-03-27,15.4000
2019-03-28,15.1950
2019-03-29,15.1000
2019-04-01,15.0700
2019-04-02,15.0250
2019-04-03,15.1650
2019-04-04,15.0850
2019-04-05,15.1950
2019-04-08,15.1400
2019-04-09,15.2550
2019-04-10,15.2450
2019-04-11,15.1600
2019-04-12,15.0650
2019-04-15,14.9350
2019-04-16,14.9450
2019-04-17,15.0000
2019-04-18,14.9550
2019-04-23,14.9750
2019-04-24,14.8050
2019-04-25,14.8650
2019-04-26,15.0000
2019-04-29,14.9700
2019-04-30,14.9850
2019-05-01,14.8800
2019-05-02,14.6750
2019-05-03,14.6550
2019-05-07,14.8300
2019-05-08,14.9300
2019-05-09,14.8200
2019-05-10,14.7950
2019-05-13,14.6600
2019-05-14,14.7550
2019-05-15,14.8150
2019-05-16,14.7950
2019-05-17,14.4800
2019-05-20,14.4150
2019-05-21,14.4300
2019-05-22,14.4350
2019-05-23,14.4800
2019-05-24,14.5500
2019-05-28,14.4800
2019-05-29,14.3750
2019-05-30,14.4000
2019-05-31,14.4800
2019-06-03,14.7050
2019-06-04,14.7200
2019-06-05,14.8400
2019-06-06,14.9550
2019-06-07,14.9100
2019-06-10,14.7450
2019-06-11,14.6950
2019-06-12,14.7900
2019-06-13,14.7950
2019-06-14,15.0250
2019-06-17,14.7800
2019-06-18,14.8950
2019-06-19,14.9450
2019-06-20,15.3300
2019-06-21,15.2900
2019-06-24,15.3700
2019-06-25,15.4000
2019-06-26,15.2550
2019-06-27,15.2500
2019-06-28,15.2200
2019-07-01,15.2600
2019-07-02,15.1700
2019-07-03,15.3100
2019-07-04,15.2800
2019-07-05,15.2100
2019-07-08,15.0700
2019-07-09,15.0250
2019-07-10,15.0950
2019-07-11,15.2650
2019-07-12,15.1400
2019-07-15,15.3200
2019-07-16,15.3950
2019-07-17,15.6100
2019-07-18,16.0300
2019-07-19,16.3150
2019-07-22,16.3850
2019-07-23,16.4300
2019-07-24,16.5350
2019-07-25,16.5350
2019-07-26,16.4400
2019-07-29,16.3900
2019-07-30,16.4550
2019-07-31,16.4750
2019-08-01,16.0050
2019-08-02,16.1950
2019-08-05,16.4850
2019-08-06,16.3850
2019-08-07,16.8200
2019-08-08,17.0200
2019-08-09,17.0000
2019-08-12,16.9550
2019-08-13,17.4450
2019-08-14,17.1150
2019-08-15,17.2900
2019-08-16,17.1600
2019-08-19,16.9250
2019-08-20,17.0200
2019-08-21,17.1100
2019-08-22,16.9600
2019-08-23,17.0500
2019-08-27,17.7250
2019-08-28,18.3650
2019-08-29,18.4800
2019-08-30,18.3850
2019-09-02,18.3500
2019-09-03,18.4750
2019-09-04,19.3050
2019-09-05,19.2200
2019-09-06,18.1450
2019-09-09,18.1700
2019-09-10,17.9900
2019-09-11,18.1650
2019-09-12,18.1900
2019-09-13,18.1450
2019-09-16,17.8350
2019-09-17,17.8400
2019-09-18,17.8500
2019-09-19,17.7550
2019-09-20,17.8800
2019-09-23,18.3800
2019-09-24,18.5600
2019-09-25,18.5700
2019-09-26,17.9700
2019-09-27,17.5200
2019-09-30,17.2550
2019-10-01,17.1100
2019-10-02,17.2600
2019-10-03,17.6000
2019-10-04,17.6050
2019-10-07,17.4250
2019-10-08,17.5550
2019-10-09,17.7800
2019-10-10,17.7500
2019-10-11,17.6000
2019-10-14,17.6050
2019-10-15,17.6700
2019-10-16,17.2550
2019-10-17,17.4500
2019-10-18,17.4350
2019-10-21,17.7250
2019-10-22,17.6250
2019-10-23,17.5350
2019-10-24,17.5300
2019-10-25,18.1250
2019-10-28,18.0550
2019-10-29,17.6600
2019-10-30,17.9550
2019-10-31,18.0550
2019-11-01,18.1200
2019-11-04,18.1850
2019-11-05,18.0450
2019-11-06,17.5400
2019-11-07,17.5300
2019-11-08,16.8100
2019-11-11,16.8800
2019-11-12,16.7350
2019-11-13,16.9500
2019-11-14,17.0350
2019-11-15,16.8700
2019-11-18,16.7950
2019-11-19,17.1250
2019-11-20,17.1150
2019-11-21,17.0900
2019-11-22,17.1750
2019-11-25,16.8700
2019-11-26,16.9350
2019-11-27,17.0550
2019-11-28,16.9450
2019-11-29,16.9650
2019-12-02,16.8750
2019-12-03,17.0100
2019-12-04,17.1300
2019-12-05,16.8700
2019-12-06,16.9400
2019-12-09,16.6200
2019-12-10,16.6750
2019-12-11,16.6600
2019-12-12,16.8650
2019-12-13,16.9350
2019-12-16,17.0200
2019-12-17,17.0600
2019-12-18,16.9950
2019-12-19,16.9400
2019-12-20,17.0350
2019-12-23,17.3750
2019-12-24,17.5850
2019-12-27,17.8250
2019-12-30,17.8250
2019-12-31,18.0450
2020-01-02,17.9250
2020-01-03,18.2100
2020-01-06,18.4400
2020-01-07,18.1450
2020-01-08,18.4200
2020-01-09,17.9100
2020-01-10,17.9150
2020-01-13,17.9850
2020-01-14,17.7700
2020-01-15,17.8500
2020-01-16,18.0100
2020-01-17,18.0600
2020-01-20,18.0550
2020-01-21,17.9850
2020-01-22,17.7700
2020-01-23,17.6000
2020-01-24,17.8300
2020-01-27,18.2950
2020-01-28,17.9750
2020-01-29,17.4700
2020-01-30,17.7250
2020-01-31,17.8850
2020-02-03,17.7700
2020-02-04,17.7300
2020-02-05,17.6200
2020-02-06,17.7650
2020-02-07,17.7700
2020-02-10,17.7850
2020-02-11,17.7050
2020-02-12,17.5600
2020-02-13,17.6400
2020-02-14,17.7050
2020-02-17,17.8000
2020-02-18,17.8850
2020-02-19,18.3450
2020-02-20,18.3850
2020-02-21,18.5600
2020-02-24,18.7750
2020-02-25,18.3300
2020-02-26,18.0750
2020-02-27,18.0500
2020-02-28,17.1850
2020-03-02,16.9150
2020-03-03,16.8100
2020-03-04,17.2500
2020-03-05,17.2000
2020-03-06,17.4800
2020-03-09,16.8850
2020-03-10,17.0700
2020-03-11,17.0200
2020-03-12,16.5250
2020-03-13,15.7700
2020-03-16,12.9650
2020-03-17,12.4400
2020-03-18,12.4200
2020-03-19,12.0050
2020-03-20,12.6300
2020-03-23,12.5100
2020-03-24,13.6250
2020-03-25,13.9650
2020-03-26,14.4150
2020-03-27,14.3150
2020-03-30,14.0550
2020-03-31,13.9300
2020-04-01,14.0150
2020-04-02,14.1750
2020-04-03,14.3900
2020-04-06,14.5550
2020-04-07,15.0750
2020-04-08,15.0650
2020-04-09,15.1750
2020-04-14,15.5100
2020-04-15,15.5700
2020-04-16,15.5000
2020-04-17,15.1600
2020-04-20,15.1500
2020-04-21,14.9700
2020-04-22,14.9100
2020-04-23,15.3050
2020-04-24,15.3150
2020-04-27,15.2050
2020-04-28,15.1450
2020-04-29,15.1650
2020-04-30,15.3350
2020-05-01,14.8450
2020-05-04,14.9300
2020-05-05,14.7500
2020-05-06,15.0750
2020-05-07,14.9800
2020-05-11,15.4450
2020-05-12,15.4850
2020-05-13,15.5600
2020-05-14,15.5300
2020-05-15,16.2500
2020-05-18,17.3500
2020-05-19,17.1200
2020-05-20,17.4700
2020-05-21,17.2050
2020-05-22,17.0000
2020-05-26,17.3000
2020-05-27,17.1900
2020-05-28,17.3400
2020-05-29,17.5900
2020-06-01,18.1600
2020-06-02,18.2700
2020-06-03,17.8600
2020-06-04,17.7500
2020-06-05,17.5800
2020-06-08,17.6300
2020-06-09,17.6300
2020-06-10,17.7150
2020-06-11,17.8750
2020-06-12,17.6250
2020-06-15,17.0850
2020-06-16,17.4100
2020-06-17,17.4700
2020-06-18,17.6150
2020-06-19,17.5250
2020-06-22,17.8600
2020-06-23,17.8100
2020-06-24,17.8550
2020-06-25,17.5300
2020-06-26,17.8300
2020-06-29,17.9050
2020-06-30,17.8450
2020-07-01,18.2200
2020-07-02,17.9250
2020-07-03,18.0200
2020-07-06,18.2550
2020-07-07,18.0200
2020-07-08,18.4850
2020-07-09,18.8350
2020-07-10,18.7700
2020-07-13,19.0950
2020-07-14,18.8950
2020-07-15,19.3300
2020-07-16,19.2450
2020-07-17,19.1600
2020-07-20,19.4400
2020-07-21,20.5550
2020-07-22,22.2450
2020-07-23,22.8600
2020-07-24,22.4750
2020-07-27,24.3750
2020-07-28,23.5450
2020-07-29,24.3350
2020-07-30,23.1600
2020-07-31,24.0700
2020-08-03,24.2300
2020-08-04,24.3300
2020-08-05,26.9450
2020-08-06,27.8850
2020-08-07,28.3300
2020-08-10,28.2700
2020-08-11,28.2800
2020-08-12,25.8100
2020-08-13,26.2500
2020-08-14,26.7050
2020-08-17,26.9150
2020-08-18,28.3250
2020-08-19,27.4400
2020-08-20,26.9150
2020-08-21,26.8500
2020-08-24,26.8850
2020-08-25,26.4950
2020-08-26,26.3950
2020-08-27,27.2450
2020-08-28,27.3500
2020-09-01,28.8850
2020-09-02,27.7050
2020-09-03,26.9000
2020-09-04,26.8150
2020-09-07,26.8300
2020-09-08,26.6750
2020-09-09,26.5350
2020-09-10,27.1050
2020-09-11,26.8750
2020-09-14,26.8850
2020-09-15,27.5450
2020-09-16,27.3800
2020-09-17,26.7450
2020-09-18,27.0600
2020-09-21,26.3600
2020-09-22,24.3000
2020-09-23,23.5950
2020-09-24,22.2200
2020-09-25,22.6300
2020-09-28,22.8900
2020-09-29,23.8350
2020-09-30,23.7250
2020-10-01,23.6200
2020-10-02,23.8650
2020-10-05,23.9150
2020-10-06,24.3000
2020-10-07,23.5300
2020-10-08,23.9600
2020-10-09,24.3150
2020-10-12,25.0600
2020-10-13,24.9350
2020-10-14,24.1750
2020-10-15,23.9350
2020-10-16,24.3600
2020-10-19,24.8400
2020-10-20,24.6300
2020-10-21,25.0200
2020-10-22,24.9150
2020-10-23,24.7600
2020-10-26,24.2800
2020-10-27,24.4350
2020-10-28,23.9250
2020-10-29,23.0150
2020-10-30,23.6250
2020-11-02,23.9750
2020-11-03,24.1700
2020-11-04,23.9750
2020-11-05,24.5700
2020-11-06,25.7800
2020-11-09,25.1050
2020-11-10,24.1950
2020-11-11,24.2100
2020-11-12,24.2150
2020-11-13,24.2450
2020-11-16,24.2650
2020-11-17,24.6300
2020-11-18,24.3150
2020-11-19,23.9800
2020-11-20,24.1650
2020-11-23,23.9050
2020-11-24,23.1550
2020-11-25,23.4100
2020-11-26,23.3600
2020-11-27,23.1350
2020-11-30,22.1500
2020-12-01,23.5350
2020-12-02,23.9800
2020-12-03,24.1700
2020-12-04,24.2250
2020-12-07,23.7500
2020-12-08,24.4750
2020-12-09,24.0850
2020-12-10,23.8850
2020-12-11,23.8150
2020-12-14,23.8550
2020-12-15,24.2150
2020-12-16,25.1300
2020-12-17,25.7400
2020-12-18,25.8150
2020-12-21,26.1550
2020-12-22,25.7700
2020-12-23,25.3150
2020-12-24,25.7800
2020-12-29,26.1500
2020-12-30,26.3050
2020-12-31,26.4850
2021-01-04,27.2700
2021-01-05,27.5100
2021-01-06,27.5250
2021-01-07,27.1300
2021-01-08,26.6450
2021-01-11,25.0200
2021-01-12,25.5250
2021-01-13,25.3350
2021-01-14,25.2500
2021-01-15,25.2450
2021-01-18,24.8650
2021-01-19,25.2950
2021-01-20,25.2950
2021-01-21,25.8650
2021-01-22,25.3200
2021-01-25,25.6350
2021-01-26,25.4000
2021-01-27,25.1850
2021-01-28,25.2050
2021-01-29,27.4150
2021-02-01,29.5850
2021-02-02,27.3250
2021-02-03,26.8000
2021-02-04,26.4000
2021-02-05,26.5300
2021-02-08,27.1800
2021-02-09,27.6350
2021-02-10,27.2300
2021-02-11,27.1250
2021-02-12,27.0700
2021-02-15,27.5700
2021-02-16,27.5750
2021-02-17,27.1150
2021-02-18,27.1650
2021-02-19,26.9500
2021-02-22,27.4450
2021-02-23,27.9650
2021-02-24,27.7450
2021-02-25,27.9250
2021-02-26,26.6850
2021-03-01,26.8900
2021-03-02,26.2600
2021-03-03,26.5850
2021-03-04,25.9550
2021-03-05,25.3550
2021-03-08,25.1550
2021-03-09,25.7550
2021-03-10,25.6450
2021-03-11,26.2500
2021-03-12,25.4750
2021-03-15,26.1000
2021-03-16,26.0800
2021-03-17,25.8500
2021-03-18,26.1300
2021-03-19,26.1750
2021-03-22,25.7400
2021-03-23,25.6200
2021-03-24,25.1950
2021-03-25,24.6700
2021-03-26,25.0550
2021-03-29,24.8300
2021-03-30,24.3400
2021-03-31,24.0000
2021-04-01,24.3150
2021-04-06,25.0400
2021-04-07,24.9850
2021-04-08,25.3300
2021-04-09,25.2250
2021-04-12,25.1600
2021-04-13,24.9500
2021-04-14,25.3300
2021-04-15,25.5850
2021-04-16,26.1400
2021-04-19,26.1050
2021-04-20,25.8800
2021-04-21,25.9100
2021-04-22,26.3000
2021-04-23,26.1250
2021-04-26,26.1100
2021-04-27,26.2850
2021-04-28,25.8700
2021-04-29,26.2850
2021-04-30,25.8750
2021-05-04,26.8250
2021-05-05,26.2950
2021-05-06,26.7250
2021-05-07,27.3750
2021-05-10,27.7350
2021-05-11,27.4800
2021-05-12,27.4100
2021-05-13,26.8200
2021-05-14,27.2300
2021-05-17,27.6100
2021-05-18,28.4750
2021-05-19,27.6750
2021-05-20,27.7400
2021-05-21,27.8000
2021-05-24,27.6450
2021-05-25,27.5550
2021-05-26,28.1200
2021-05-27,27.6550
2021-05-28,27.6300
2021-06-01,28.2100
2021-06-02,27.7450
2021-06-03,27.7550
2021-06-04,27.3650
2021-06-07,27.5800
2021-06-08,27.7150
2021-06-09,27.5800
2021-06-10,27.6600
2021-06-11,28.1400
2021-06-14,27.7300
2021-06-15,27.6250
2021-06-16,27.7100
2021-06-17,26.5950
2021-06-18,26.3850
2021-06-21,25.9550
2021-06-22,25.9700
2021-06-23,25.9450
2021-06-24,25.9900
2021-06-25,26.1300
2021-06-28,26.0900
2021-06-29,25.9550
2021-06-30,25.7650
2021-07-01,26.2600
2021-07-02,26.1700
2021-07-05,26.5450
2021-07-06,26.6100
2021-07-07,26.3850
2021-07-08,26.1050
2021-07-09,26.0100
2021-07-12,25.9250
2021-07-13,26.1050
2021-07-14,26.1700
2021-07-15,26.2050
2021-07-16,26.1050
2021-07-19,25.3250
2021-07-20,25.0950
2021-07-21,25.1050
2021-07-22,25.0700
2021-07-23,25.1650
2021-07-26,25.3650
2021-07-27,25.1150
2021-07-28,24.7950
2021-07-29,25.4500
2021-07-30,25.4900
2021-08-02,25.4050
2021-08-03,25.4600
2021-08-04,25.6700
2021-08-05,25.4500
2021-08-06,24.9750
2021-08-09,23.8400
2021-08-10,23.3900
2021-08-11,23.4150
2021-08-12,23.4150
2021-08-13,23.3850
2021-08-16,23.5400
2021-08-17,23.9000
2021-08-18,23.6700
2021-08-19,23.3400
2021-08-20,23.2050
2021-08-23,23.4300
2021-08-24,23.7600
2021-08-25,23.7550
2021-08-26,23.6750
2021-08-27,23.6100
2021-08-31,24.0450
2021-09-01,23.9200
2021-09-02,24.1650
2021-09-03,24.0550
2021-09-06,24.7050
2021-09-07,24.2450
2021-09-08,24.3150
2021-09-09,24.1450
2021-09-10,24.0250
2021-09-13,23.5800
2021-09-14,23.6000
2021-09-15,23.8350
2021-09-16,23.4700
2021-09-17,23.0100
2021-09-20,22.3950
2021-09-21,22.5550
2021-09-22,22.7350
2021-09-23,22.7400
2021-09-24,22.6600
2021-09-27,22.5550
2021-09-28,22.2000
2021-09-29,22.3250
2021-09-30,21.5250
2021-10-01,22.0950
2021-10-04,22.3100
2021-10-05,22.4850
2021-10-06,22.2950
2021-10-07,22.6900
2021-10-08,22.5500
2021-10-11,22.5200
2021-10-12,22.6400
2021-10-13,22.8850
2021-10-14,23.3400
2021-10-15,23.2400
2021-10-18,23.2200
2021-10-19,23.7300
2021-10-20,23.9550
2021-10-21,24.2300
2021-10-22,24.3100
2021-10-25,24.3750
2021-10-26,24.3150
2021-10-27,23.9550
2021-10-28,24.0750
2021-10-29,24.0100
2021-11-01,23.8650
2021-11-02,23.8650
2021-11-03,23.5800
2021-11-04,23.7300
2021-11-05,23.8200
2021-11-08,24.2800
2021-11-09,24.3750
2021-11-10,24.1750
2021-11-11,24.9800
2021-11-12,24.9550
2021-11-15,25.2100
2021-11-16,25.2700
2021-11-17,25.0400
2021-11-18,24.9700
2021-11-19,24.7850
2021-11-22,24.6900
2021-11-23,23.8150
2021-11-24,23.4950
2021-11-25,23.6900
2021-11-26,23.6300
2021-11-29,23.2350
2021-11-30,22.8650
2021-12-01,22.8600
2021-12-02,22.3950
2021-12-03,22.3500
2021-12-06,22.3400
2021-12-07,22.4350
2021-12-08,22.4250
2021-12-09,22.2500
2021-12-10,21.8950
2021-12-13,22.2200
2021-12-14,22.1700
2021-12-15,21.8050
2021-12-16,22.1750
2021-12-17,22.6450
2021-12-20,22.2950
2021-12-21,22.7450
2021-12-22,22.6600
2021-12-23,22.8150
2021-12-24,22.6650
2021-12-29,22.8350
2021-12-30,22.7650
2021-12-31,23.0850
2022-01-04,22.8900
2022-01-05,23.0550
2022-01-06,22.2450
2022-01-07,22.2400
2022-01-10,22.4550
2022-01-11,22.5900
2022-01-12,22.7450
2022-01-13,23.2450
2022-01-14,23.1000
2022-01-17,23.0150
2022-01-18,22.9150
2022-01-19,23.7750
2022-01-20,24.2250
2022-01-21,24.3200
2022-01-24,24.0650
2022-01-25,23.6650
2022-01-26,23.8600
2022-01-27,23.1700
2022-01-28,22.5000
2022-01-31,22.4950
2022-02-01,22.8800
2022-02-02,22.7800
2022-02-03,22.3600
2022-02-04,22.5050
2022-02-07,22.8600
2022-02-08,22.8600
2022-02-09,23.2500
2022-02-10,23.3550
2022-02-11,22.8950
2022-02-14,23.6900
2022-02-15,23.2850
2022-02-16,23.5000
2022-02-17,23.5850
2022-02-18,23.7700
2022-02-21,23.7350
2022-02-22,24.0100
2022-02-23,24.1050
2022-02-24,25.3150
2022-02-25,24.2100
2022-02-28,24.3500
2022-03-01,24.6400
2022-03-02,25.0750
2022-03-03,25.3100
2022-03-04,25.1500
2022-03-07,25.7400
2022-03-08,26.1200
2022-03-09,26.1750
2022-03-10,25.9450
2022-03-11,25.6550
2022-03-14,25.3750
2022-03-15,24.6350
2022-03-16,24.9450
2022-03-17,25.3400
2022-03-18,25.2350
2022-03-21,25.0350
2022-03-22,25.0850
2022-03-23,25.0150
2022-03-24,25.3150
2022-03-25,25.6200
2022-03-28,24.9050
2022-03-29,24.6400
2022-03-30,24.7550
2022-03-31,24.8150
2022-04-01,24.6900
2022-04-04,24.6650
2022-04-05,24.6750
2022-04-06,24.2650
2022-04-07,24.3800
2022-04-08,24.6250
2022-04-11,25.0500
2022-04-12,25.0050
2022-04-13,25.6400
2022-04-14,25.6550
2022-04-19,25.9150
2022-04-20,25.2000
2022-04-21,24.6450
2022-04-22,24.3450
2022-04-25,23.5150
2022-04-26,23.7700
2022-04-27,23.6350
2022-04-28,23.1600
2022-04-29,23.4450
2022-05-03,22.6300
2022-05-04,22.5950
2022-05-05,22.9150
2022-05-06,22.4850
2022-05-09,21.8650
2022-05-10,21.8650
2022-05-11,21.7850
2022-05-12,20.9850
2022-05-13,20.8400
2022-05-16,21.1700
2022-05-17,21.7800
2022-05-18,21.6650
2022-05-19,21.5600
2022-05-20,22.0300
2022-05-23,22.0850
2022-05-24,21.9250
2022-05-25,21.8300
2022-05-26,21.8850
2022-05-27,22.2750
2022-05-30,22.0350
2022-05-31,21.7700
2022-06-01,21.6100
2022-06-06,22.2550
2022-06-07,22.0900
2022-06-08,21.9200
2022-06-09,21.9300
2022-06-10,21.5900
2022-06-13,21.5600
2022-06-14,21.2350
2022-06-15,21.4600
2022-06-16,21.4350
2022-06-17,21.8450
2022-06-20,21.6550
2022-06-21,21.6700
2022-06-22,21.4200
2022-06-23,21.1850
2022-06-24,20.8600
2022-06-27,21.4600
2022-06-28,21.2350
2022-06-29,20.9750
2022-06-30,20.4150
2022-07-01,19.7250
2022-07-04,19.8550
2022-07-05,19.8400
2022-07-06,19.2200
2022-07-07,19.4250
2022-07-08,19.2000
2022-07-11,19.2100
2022-07-12,18.8650
2022-07-13,18.9550
2022-07-14,18.7600
2022-07-15,18.4600
2022-07-18,18.8800
2022-07-19,18.9000
2022-07-20,18.7800
2022-07-21,18.2650
2022-07-22,18.8100
2022-07-25,18.7550
2022-07-26,18.5400
2022-07-27,18.7650
2022-07-28,19.3250
2022-07-29,20.0650
2022-08-01,20.4050
2022-08-02,20.3350
2022-08-03,19.9200
2022-08-04,20.2650
2022-08-05,20.0600
2022-08-08,20.1950
2022-08-09,20.6000
2022-08-10,20.4350
2022-08-11,20.5400
2022-08-12,20.2650
2022-08-15,20.3300
2022-08-16,20.1250
2022-08-17,19.9050
2022-08-18,19.8250
2022-08-19,19.2300
2022-08-22,18.8950
2022-08-23,18.9900
2022-08-24,19.0000
2022-08-25,19.3250
2022-08-26,19.2150
2022-08-30,18.6950
2022-08-31,17.9450
2022-09-01,17.7700
2022-09-02,17.9150
2022-09-05,18.2300
2022-09-06,18.3950
2022-09-07,18.1700
2022-09-08,18.6250
2022-09-09,18.7650
2022-09-12,19.2150
2022-09-13,19.9250
2022-09-14,19.5050
2022-09-15,19.3700
2022-09-16,18.9950
2022-09-20,19.3150
2022-09-21,19.5100
2022-09-22,19.5850
2022-09-23,19.0000
2022-09-26,18.6350
2022-09-27,18.6800
2022-09-28,18.2550
2022-09-29,18.6700
2022-09-30,19.0200
2022-10-03,19.4150
2022-10-04,20.9250
2022-10-05,20.4350
2022-10-06,20.5400
2022-10-07,20.6250
2022-10-10,19.8250
2022-10-11,19.3950
2022-10-12,19.1850
2022-10-13,19.1750
2022-10-14,18.7650
2022-10-17,18.5950
2022-10-18,18.6950
2022-10-19,18.4350
2022-10-20,18.7850
2022-10-21,18.3850
2022-10-24,19.2150
2022-10-25,18.8800
2022-10-26,19.5900
2022-10-27,19.3700
2022-10-28,19.2250
2022-10-31,19.1650
2022-11-01,20.0000
2022-11-02,19.7800
2022-11-03,18.9200
2022-11-04,19.9650
2022-11-07,20.6700
2022-11-08,20.7500
2022-11-09,21.3200
2022-11-10,21.0900
2022-11-11,21.4800
2022-11-14,21.4700
2022-11-15,21.9400
2022-11-16,21.9500
2022-11-17,21.0750
2022-11-18,21.0950
2022-11-21,20.6400
2022-11-22,21.2700
2022-11-23,21.2650
2022-11-24,21.5600
2022-11-25,21.3350
2022-11-28,21.4750
2022-11-29,21.3650
2022-11-30,21.5600
2022-12-01,22.1350
2022-12-02,22.6050
2022-12-05,22.9850
2022-12-06,22.5400
2022-12-07,22.3850
2022-12-08,22.6950
2022-12-09,23.1100
2022-12-12,23.3900
2022-12-13,23.3950
2022-12-14,23.6100
2022-12-15,23.1650
2022-12-16,22.8300
2022-12-19,23.2400
2022-12-20,23.7400
2022-12-21,23.8900
2022-12-22,23.7350
2022-12-23,23.7350
2022-12-28,23.8550
2022-12-29,23.8550
2022-12-30,23.9450
2023-01-03,24.2950
2023-01-04,24.2900
2023-01-05,23.4100
2023-01-06,23.4550
2023-01-09,23.8500
2023-01-10,23.5150
2023-01-11,23.8700
2023-01-12,23.7000
2023-01-13,23.6750
2023-01-16,24.1700
2023-01-17,24.1000
2023-01-18,24.1850
2023-01-19,23.4450
2023-01-20,23.8700
2023-01-23,23.6750
2023-01-24,23.7100
2023-01-25,23.4300
2023-01-26,23.7100
2023-01-27,23.7250
2023-01-30,23.6350
2023-01-31,22.9950
2023-02-01,23.4950
2023-02-02,24.4350
2023-02-03,23.4900
2023-02-06,22.3800
2023-02-07,22.2050
2023-02-08,22.4500
2023-02-09,22.4650
2023-02-10,22.1150
2023-02-13,21.9850
2023-02-14,21.7100
2023-02-15,21.4700
2023-02-16,21.5650
2023-02-17,21.2150
2023-02-20,21.7100
2023-02-21,21.7750
2023-02-22,21.8600
2023-02-23,21.5200
2023-02-24,21.0900
2023-02-27,20.7300
2023-02-28,20.5250
2023-03-01,20.9950
2023-03-02,20.8000
2023-03-03,21.0900
2023-03-06,21.0850
2023-03-07,20.9100
2023-03-08,20.1050
2023-03-09,20.1200
2023-03-10,20.0900
2023-03-13,21.0950
2023-03-14,21.6400
2023-03-15,22.0950
2023-03-16,22.0100
2023-03-17,21.8850
2023-03-20,22.4950
2023-03-21,22.4650
2023-03-22,22.3450
2023-03-23,22.9000
2023-03-24,23.1700
2023-03-27,22.8900
2023-03-28,23.0450
2023-03-29,23.2550
2023-03-30,23.7100
2023-03-31,23.8850
2023-04-03,23.9250
2023-04-04,24.0150
2023-04-05,24.7400
2023-04-06,24.9350
2023-04-11,25.0550
2023-04-12,25.1450
2023-04-13,25.6200
2023-04-14,26.0250
2023-04-17,25.3900
2023-04-18,25.0900
2023-04-19,24.7500
2023-04-20,25.4000
2023-04-21,25.1550
2023-04-24,25.0300
2023-04-25,24.8950
2023-04-26,24.8500
2023-04-27,25.1450
2023-04-28,24.7650
2023-05-02,24.7700
2023-05-03,25.2500
2023-05-04,25.6250
2023-05-05,25.8400
2023-05-09,25.5650
2023-05-10,25.5200
2023-05-11,24.8850
2023-05-12,23.8550
2023-05-15,23.8900
2023-05-16,23.7850
2023-05-17,23.6850
2023-05-18,23.5200
2023-05-19,23.6600
2023-05-22,23.8500
2023-05-23,23.1600
2023-05-24,23.4150
2023-05-25,23.0050
2023-05-26,23.1450
2023-05-30,23.2550
2023-05-31,23.2550
2023-06-01,23.4900
2023-06-02,23.8850
2023-06-05,23.4750
2023-06-06,23.6450
2023-06-07,23.5850
2023-06-08,23.6700
2023-06-09,24.3150
2023-06-12,24.2100
2023-06-13,24.1900
2023-06-14,23.8250
2023-06-15,23.4050
2023-06-16,23.9900
2023-06-19,23.9500
2023-06-20,23.7700
2023-06-21,23.0750
2023-06-22,22.6200
2023-06-23,22.3400
2023-06-26,22.8000
2023-06-27,22.8350
2023-06-28,22.6100
2023-06-29,22.8300
2023-06-30,22.4700
2023-07-03,22.7750
2023-07-04,23.0050
2023-07-05,22.8100
2023-07-06,23.1700
2023-07-07,22.7150
2023-07-10,23.0400
2023-07-11,23.1350
2023-07-12,23.1600
2023-07-13,24.2600
2023-07-14,24.7700
2023-07-17,24.8100
2023-07-18,24.8850
2023-07-19,25.0150
2023-07-20,25.1750
2023-07-21,24.7300
2023-07-24,24.5900
2023-07-25,24.5550
2023-07-26,24.6700
2023-07-27,25.0100
2023-07-28,24.2250
2023-07-31,24.3550
2023-08-01,24.5150
2023-08-02,24.4100
2023-08-03,23.5550
2023-08-04,23.4500
2023-08-07,23.3950
2023-08-08,23.0400
2023-08-09,22.7050
2023-08-10,22.8000
2023-08-11,22.6900
2023-08-14,22.7250
2023-08-15,22.4100
2023-08-16,22.6950
2023-08-17,22.7050
2023-08-18,22.7900
2023-08-21,22.8800
2023-08-22,23.3900
2023-08-23,23.7500
2023-08-24,24.1850
2023-08-25,24.1850
2023-08-29,24.2200
2023-08-30,24.6200
2023-08-31,24.5350
2023-09-01,24.6450
2023-09-04,24.0350
2023-09-05,23.5450
2023-09-06,23.4750
2023-09-07,23.0100
2023-09-08,23.0100
2023-09-11,23.1050
2023-09-12,22.9000
2023-09-13,22.9050
2023-09-14,22.6400
2023-09-15,23.0600
2023-09-18,23.1950
2023-09-19,23.3300
2023-09-20,23.2750
2023-09-21,23.2400
2023-09-22,23.6500
2023-09-25,23.5600
2023-09-26,23.0150
2023-09-27,22.7900
2023-09-28,22.5500
2023-09-29,23.0750
2023-10-02,21.6200
2023-10-03,21.0550
2023-10-04,21.1050
2023-10-05,21.1300
2023-10-06,21.1150
2023-10-09,21.6500
2023-10-10,21.7150
2023-10-11,22.0700
2023-10-12,22.1400
2023-10-13,22.0800
2023-10-16,22.5950
2023-10-17,22.6800
2023-10-18,23.2100
2023-10-19,22.8850
2023-10-20,23.2150
2023-10-23,23.1850
2023-10-24,22.7400
2023-10-25,22.8100
2023-10-26,22.9700
2023-10-27,22.7550
2023-10-30,23.1500
2023-10-31,23.2000
2023-11-01,22.6700
2023-11-02,23.0350
2023-11-03,22.6400
2023-11-06,23.2100
2023-11-07,22.5350
2023-11-08,22.4400
2023-11-09,22.5500
2023-11-10,22.4950
2023-11-13,22.0750
2023-11-14,22.3500
2023-11-15,23.4100
2023-11-16,23.6700
2023-11-17,23.9950
2023-11-20,23.3850
2023-11-21,23.5300
2023-11-22,23.8350
2023-11-23,23.6550
2023-11-24,23.7050
2023-11-27,24.7550
2023-11-28,24.6500
2023-11-29,24.9650
2023-11-30,25.0200
2023-12-01,25.1600
2023-12-04,25.1650
2023-12-05,24.2700
2023-12-06,24.0950
2023-12-07,23.9100
2023-12-08,23.7900
2023-12-11,22.9200
2023-12-12,22.9550
2023-12-13,22.7250
2023-12-14,23.9900
2023-12-15,24.1900
2023-12-18,23.9350
2023-12-19,23.9100
2023-12-20,23.9700
2023-12-21,24.1850
2023-12-22,24.4600
2023-12-27,24.0400
2023-12-28,24.2550
2023-12-29,23.7900
2024-01-02,23.9450
2024-01-03,23.2800
2024-01-04,22.9600
2024-01-05,22.9800
2024-01-08,22.8450
2024-01-09,23.1250
2024-01-10,22.9650
2024-01-11,23.0300
2024-01-12,23.0550
2024-01-15,23.2100
2024-01-16,23.0500
2024-01-17,22.8050
2024-01-18,22.6050
2024-01-19,22.8000
2024-01-22,22.2000
2024-01-23,22.2600
2024-01-24,22.7700
2024-01-25,22.8750
2024-01-26,22.9150
2024-01-29,23.0050
2024-01-30,23.0750
2024-01-31,23.0900
2024-02-01,22.6700
2024-02-02,23.2300
2024-02-05,22.5050
2024-02-06,22.3050
2024-02-07,22.2900
2024-02-08,22.3500
2024-02-09,22.6550
2024-02-12,22.9150
2024-02-13,22.8700
2024-02-14,22.0850
2024-02-15,22.6250
2024-02-16,23.0100
2024-02-19,23.0850
2024-02-20,23.0600
2024-02-21,23.0750
2024-02-22,23.0700
2024-02-23,22.7150
2024-02-26,22.5100
2024-02-27,22.6700
2024-02-28,22.3450
2024-02-29,22.3400
2024-03-01,22.7200
2024-03-04,23.1000
2024-03-05,23.9300
2024-03-06,23.7950
2024-03-07,24.1550
2024-03-08,24.4950
2024-03-11,24.3550
2024-03-12,24.3750
2024-03-13,24.3000
2024-03-14,24.9700
2024-03-15,25.2200
2024-03-18,25.1750
2024-03-19,24.9300
2024-03-20,24.8550
2024-03-21,25.4300
2024-03-22,24.5900
2024-03-25,24.6650
2024-03-26,24.8250
2024-03-27,24.5150
2024-03-28,24.5400
2024-04-02,25.6500
2024-04-03,26.2450
2024-04-04,27.0000
2024-04-05,26.7800
2024-04-08,27.8250
2024-04-09,27.9650
2024-04-10,28.0750
2024-04-11,28.0150
2024-04-12,29.0250
2024-04-15,28.4400
2024-04-16,28.2550
2024-04-17,28.4700
2024-04-18,28.4700
2024-04-19,28.2400
2024-04-22,27.7350
2024-04-23,26.9150
2024-04-24,27.1200
2024-04-25,27.3650
2024-04-26,27.6250
2024-04-29,27.3800
2024-04-30,26.6550
2024-05-01,26.4800
2024-05-02,26.2350
2024-05-03,26.5000
2024-05-07,27.2600
2024-05-08,27.2350
2024-05-09,27.6250
2024-05-10,28.6400
2024-05-13,28.1250
2024-05-14,28.4300
2024-05-15,28.8150
2024-05-16,29.6700
2024-05-17,29.6800
2024-05-20,31.7950
2024-05-21,31.6350
2024-05-22,31.8150
2024-05-23,30.5400
2024-05-24,30.5900
2024-05-28,31.5550
2024-05-29,32.0100
2024-05-30,31.5150
2024-05-31,31.2650
2024-06-03,30.3700
2024-06-04,29.7050
2024-06-05,29.6100
2024-06-06,30.2950
2024-06-07,30.2650
2024-06-10,29.6800
2024-06-11,29.2450
2024-06-12,29.3800
2024-06-13,29.2400
2024-06-14,29.2100
2024-06-17,29.2350
2024-06-18,29.1300
2024-06-19,29.4750
2024-06-20,30.2300
2024-06-21,30.4350
2024-06-24,29.5600
2024-06-25,29.5600
2024-06-26,28.8350
2024-06-27,28.8700
2024-06-28,29.3700
2024-07-01,29.2450
2024-07-02,29.3100
2024-07-03,30.1300
2024-07-04,30.3350
2024-07-05,30.5800
2024-07-08,30.9900
2024-07-09,31.0550
2024-07-10,30.9350
2024-07-11,31.0150
2024-07-12,30.7200
2024-07-15,30.7400
2024-07-16,30.8650
2024-07-17,30.9150
2024-07-18,30.4700
2024-07-19,29.1050
2024-07-22,29.0650
2024-07-23,29.0550
2024-07-24,29.2900
2024-07-25,27.9900
2024-07-26,27.7550
2024-07-29,28.1400
2024-07-30,27.8800
2024-07-31,28.5600
2024-08-01,28.8800
2024-08-02,28.9500
2024-08-05,27.1050
2024-08-06,27.0650
2024-08-07,27.1500
2024-08-08,26.9300
2024-08-09,27.5750
2024-08-12,27.9650
2024-08-13,27.6950
2024-08-14,27.9450
2024-08-15,28.0500
2024-08-16,28.1350
2024-08-19,28.8300
2024-08-20,29.7700
2024-08-21,29.5600
2024-08-22,29.5650
2024-08-23,29.4350
2024-08-27,29.9000
2024-08-28,29.4350
2024-08-29,29.4900
2024-08-30,29.4700
2024-09-02,28.6200
2024-09-03,28.3150
2024-09-04,28.0800
2024-09-05,28.7200
2024-09-06,28.8400
2024-09-09,28.1300
2024-09-10,28.4350
2024-09-11,28.8200
2024-09-12,28.7650
2024-09-13,29.9650
2024-09-16,30.9100
2024-09-17,30.6800
2024-09-18,30.5900
2024-09-19,31.1600
2024-09-20,31.3150
2024-09-23,30.6300
2024-09-24,30.8750
2024-09-25,31.8450
2024-09-26,32.4800
2024-09-27,31.9150
2024-09-30,31.0750
2024-10-01,31.3550
2024-10-02,31.3900
2024-10-03,31.5000
2024-10-04,32.0600
2024-10-07,31.8800
2024-10-08,31.2800
2024-10-09,30.6850
2024-10-10,30.6700
2024-10-11,31.1950
2024-10-14,31.2500
2024-10-15,31.1600
2024-10-16,31.7950
2024-10-17,31.8100
2024-10-18,32.1250
2024-10-21,34.0000
2024-10-22,34.4250
2024-10-23,34.5100
2024-10-24,34.1350
2024-10-25,33.1500
2024-10-28,33.3850
2024-10-29,34.1450
2024-10-30,34.0300
2024-10-31,33.5900
2024-11-01,32.8000
2024-11-04,32.8400
2024-11-05,32.6500
2024-11-06,31.8000
2024-11-07,31.1050
2024-11-08,31.5500
2024-11-11,31.3150
2024-11-12,30.4050
2024-11-13,30.9100
2024-11-14,29.9900
2024-11-15,30.6600
2024-11-18,30.7400
2024-11-19,31.2850
2024-11-20,30.8700
2024-11-21,31.0650
2024-11-22,31.2550
2024-11-25,30.7900
2024-11-26,30.5400
2024-11-27,30.4900
2024-11-28,30.0650
2024-11-29,30.7000
2024-12-02,30.4550
2024-12-03,30.9050
2024-12-04,30.8350
2024-12-05,31.3450
2024-12-06,31.1100
2024-12-09,31.6300
2024-12-10,31.9000
2024-12-11,31.7000
2024-12-12,31.8800
2024-12-13,30.7350
2024-12-16,30.6550
2024-12-17,30.3100
2024-12-18,30.3550
2024-12-19,29.4900
2024-12-20,28.7950
2024-12-23,29.6050
2024-12-24,29.4800
2024-12-27,29.6450
2024-12-30,29.4600
2024-12-31,28.9050
2025-01-02,29.4050
2025-01-03,29.8150
2025-01-06,30.2700
2025-01-07,30.2350
2025-01-08,30.1400
2025-01-09,30.2850
2025-01-10,30.3550
2025-01-13,29.8800
2025-01-14,29.7350
2025-01-15,29.9900
2025-01-16,30.7050
2025-01-17,30.6300
2025-01-20,30.2550
2025-01-21,30.4850
2025-01-22,30.7950
2025-01-23,30.4750
2025-01-24,30.8400
2025-01-27,30.5800
2025-01-28,30.1500
2025-01-29,30.4400
2025-01-30,30.9950
2025-01-31,31.6050
2025-02-03,31.2900
2025-02-04,31.5950
2025-02-05,32.2750
2025-02-06,32.0200
2025-02-07,32.2750
2025-02-10,32.2650
2025-02-11,31.7300
2025-02-12,31.7650
2025-02-13,32.2750
2025-02-14,33.1050
2025-02-17,32.4800
2025-02-18,32.4600
2025-02-19,32.9100
2025-02-20,33.0600
2025-02-21,32.9300
2025-02-24,32.5100
2025-02-25,32.1450
2025-02-26,31.7150
2025-02-27,31.7250
2025-02-28,31.1350
2025-03-03,31.5250
2025-03-04,31.9050
2025-03-05,32.2550
2025-03-06,32.4300
2025-03-07,32.4950
2025-03-10,32.5050
2025-03-11,32.5500
2025-03-12,33.0300
2025-03-13,33.1500
2025-03-14,33.8950
2025-03-17,33.7700
2025-03-18,34.0850
2025-03-19,33.9200
2025-03-20,33.3100
2025-03-21,33.1800
2025-03-24,33.0850
2025-03-25,33.4350
2025-03-26,33.7600
2025-03-27,34.1100
2025-03-28,34.3950
2025-03-31,34.0550
2025-04-01,33.9700
2025-04-02,33.8700
2025-04-03,32.4750
2025-04-04,31.3400
2025-04-07,30.3250
2025-04-08,30.3150
2025-04-09,30.1800
2025-04-10,30.9250
2025-04-11,31.2700
2025-04-14,32.2750
2025-04-15,32.3100
2025-04-16,32.9550
2025-04-17,32.3100
2025-04-22,32.6100
2025-04-23,32.9600
2025-04-24,33.3950
2025-04-25,33.3350
2025-04-28,33.0100
2025-04-29,33.2250
2025-04-30,32.2250
2025-05-01,32.1250
2025-05-02,32.3650
2025-05-06,33.0250
2025-05-07,32.8750
2025-05-08,32.4300
2025-05-09,32.5150
2025-05-12,32.0200
2025-05-13,32.9800
2025-05-14,32.8850
2025-05-15,32.0850
2025-05-16,32.1350
2025-05-19,32.5200
2025-05-20,32.5000
2025-05-21,33.1600
2025-05-22,32.7250
2025-05-23,33.0950
2025-05-27,32.9000
2025-05-28,33.2850
2025-05-29,33.3700
2025-05-30,33.0800
2025-06-02,33.2450
2025-06-03,34.2500
2025-06-04,34.3500
2025-06-05,35.7950
2025-06-06,36.1850
2025-06-09,36.2500
2025-06-10,36.7600
2025-06-11,36.2000
2025-06-12,36.1800
2025-06-13,36.0750
2025-06-16,36.3750
2025-06-17,37.0650
2025-06-18,37.1550
2025-06-19,36.3100
2025-06-20,36.1300
2025-06-23,36.1300
2025-06-24,36.0650
2025-06-25,35.7650
2025-06-26,36.5900
2025-06-27,35.9800
2025-06-30,35.9750
2025-07-01,36.5050
2025-07-02,36.3050
2025-07-03,36.8800
2025-07-04,36.8850
2025-07-07,36.2450
2025-07-08,36.7750
2025-07-09,36.5900
2025-07-10,36.8100
2025-07-11,37.5000
2025-07-14,38.9950
2025-07-15,38.2600
2025-07-16,37.8750
2025-07-17,37.7550
2025-07-18,38.2700
2025-07-21,38.4700
2025-07-22,38.8400
2025-07-23,39.3200
2025-07-24,39.0250
2025-07-25,38.7350
2025-07-28,38.1250
2025-07-29,38.1050
2025-07-30,37.9200
2025-07-31,36.2200
2025-08-01,36.4900
2025-08-04,37.1500
2025-08-05,37.3500
2025-08-06,37.7750
2025-08-07,38.3750
2025-08-08,38.2900
2025-08-11,37.7550
2025-08-12,37.6900
2025-08-13,38.6050
2025-08-14,38.3150
2025-08-15,37.7300
2025-08-18,38.0850
2025-08-19,38.0700
2025-08-20,37.0750
2025-08-21,37.5650
2025-08-22,38.0050
2025-08-26,38.4200
2025-08-27,38.2150
2025-08-28,38.9350
2025-08-29,38.8000
2025-09-01,40.5750
2025-09-02,40.5200
2025-09-03,40.8600
2025-09-04,40.9650
2025-09-05,40.7450
2025-09-08,41.1900
2025-09-09,41.2450
2025-09-10,41.2050
2025-09-11,41.0750
2025-09-12,42.2600
2025-09-15,42.2000
2025-09-16,42.6900
2025-09-17,41.2650
2025-09-18,41.8550
2025-09-19,42.2350
2025-09-22,43.7350
2025-09-23,44.3250
2025-09-24,43.8750
2025-09-25,44.9400
2025-09-26,45.0000
2025-09-29,46.9500
2025-09-30,46.1750
2025-10-01,47.2800
2025-10-02,47.3950
2025-10-03,47.6050
2025-10-06,48.5650
2025-10-07,48.4500
2025-10-08,49.0050
2025-10-09,49.7050
2025-10-10,50.7600
2025-10-13,51.2400
2025-10-14,51.5200
2025-10-15,52.5850
2025-10-16,53.0200
2025-10-17,54.1000
2025-10-20,51.8000
2025-10-21,49.9450
2025-10-22,47.7600
2025-10-23,49.1050
2025-10-24,48.0050
2025-10-27,47.3650
2025-10-28,46.4400
2025-10-29,48.1750
2025-10-30,48.1800
2025-10-31,48.9600
2025-11-03,48.7750
2025-11-04,47.7600
2025-11-05,47.6100
2025-11-06,48.6850
2025-11-07,48.6950
2025-11-10,50.0400
2025-11-11,51.2400
2025-11-12,51.5350
2025-11-13,53.8700
2025-11-14,52.0100
2025-11-17,51.0550
2025-11-18,50.3000
2025-11-19,52.2000
2025-11-20,50.8450
2025-11-21,48.9050
2025-11-24,50.0400
2025-11-25,51.2050
2025-11-26,52.4800
2025-11-27,53.4000
2025-11-28,53.9100
2025-12-01,57.4900
2025-12-02,57.4400
2025-12-03,58.3650
2025-12-04,57.5650
2025-12-05,58.1050
2025-12-08,58.3750
2025-12-09,58.6300
2025-12-10,61.0350
2025-12-11,62.1150
2025-12-12,64.5100
2025-12-15,63.8700
2025-12-16,62.9800
2025-12-17,65.9450
2025-12-18,66.2950
2025-12-19,65.7850
2025-12-22,69.2200
2025-12-23,69.7400
2025-12-24,72.1800
2025-12-29,74.6350
2025-12-30,74.8350
2025-12-31,71.9900
2026-01-02,74.2150
2026-01-05,75.0700
2026-01-06,78.4750
2026-01-07,78.9850
2026-01-08,75.2050
2026-01-09,78.1400
2026-01-12,84.0700
2026-01-13,85.8200
2026-01-14,91.0950
2026-01-15,91.2650
2026-01-16,90.8000
2026-01-19,93.0050
2026-01-20,95.7000
2026-01-21,94.8550
2026-01-22,93.3800
2026-01-23,99.0000
2026-01-26,109.6050
2026-01-27,111.5650
2026-01-28,112.7950
2026-01-29,118.4500
2026-01-30,103.1900
2026-02-02,81.9750
2026-02-03,87.4900
2026-02-04,90.5900
2026-02-05,78.7100
2026-02-06,74.9400
2026-02-09,80.3600
2026-02-10,82.2800
2026-02-11,86.1000
2026-02-12,83.5150
2026-02-13,77.3500
2026-02-16,77.0900
2026-02-17,74.6450
2026-02-18,75.4500
2026-02-19,77.7500
2026-02-20,80.5050
2026-02-23,86.9400
2026-02-24,88.1050
2026-02-25,90.7050
